store_id,city,format,trade_date,hour,is_weekend,footfall,bills,revenue,conversion_rate,sensor_ok
ST01,CITY0,Mall,2025-04-01,10,false,,6,4821.0,,false
ST02,CITY1,High Street,2025-04-02,11,false,38,9,4934.25,0.2368,true
ST03,CITY2,Mall,2025-04-03,12,false,25,7,3528.8,0.28,true
ST04,CITY3,High Street,2025-04-04,13,false,27,7,3070.43,0.2593,true
ST05,CITY4,Mall,2025-04-05,14,true,24,1,182.05,0.0417,true
ST06,CITY5,High Street,2025-04-06,15,true,24,2,1312.68,0.0833,true
ST07,CITY0,Mall,2025-04-07,16,false,19,1,468.31,0.0526,true
ST08,CITY1,High Street,2025-04-08,17,false,24,6,3910.34,0.25,true
ST09,CITY2,Mall,2025-04-09,18,false,51,5,2607.84,0.098,true
ST10,CITY3,High Street,2025-04-10,19,false,48,12,5424.86,0.25,true
ST11,CITY4,Mall,2025-04-11,20,false,53,9,4268.29,0.1698,true
ST12,CITY5,High Street,2025-04-01,21,false,37,6,2697.22,0.1622,true
ST01,CITY0,Mall,2025-04-01,11,false,,5,2852.52,,false
ST02,CITY1,High Street,2025-04-02,12,false,28,7,4832.62,0.25,true
ST03,CITY2,Mall,2025-04-03,13,false,29,8,2789.53,0.2759,true
ST04,CITY3,High Street,2025-04-04,14,false,13,2,722.94,0.1538,true
ST05,CITY4,Mall,2025-04-05,15,true,30,1,350.61,0.0333,true
ST06,CITY5,High Street,2025-04-06,16,true,30,2,956.9,0.0667,true
ST07,CITY0,Mall,2025-04-07,17,false,38,7,3593.94,0.1842,true
ST08,CITY1,High Street,2025-04-08,18,false,54,14,7824.99,0.2593,true
ST09,CITY2,Mall,2025-04-09,19,false,55,5,2561.09,0.0909,true
ST10,CITY3,High Street,2025-04-10,20,false,59,14,4456.73,0.2373,true
ST11,CITY4,Mall,2025-04-11,21,false,34,6,3607.0,0.1765,true
ST12,CITY5,High Street,2025-04-01,10,false,,5,1871.35,,false
ST01,CITY0,Mall,2025-04-01,12,false,,6,3557.91,,false
ST02,CITY1,High Street,2025-04-02,13,false,32,8,2884.9,0.25,true
ST03,CITY2,Mall,2025-04-03,14,false,22,3,863.35,0.1364,true
ST04,CITY3,High Street,2025-04-04,15,false,14,2,1832.91,0.1429,true
ST05,CITY4,Mall,2025-04-05,16,true,,1,481.59,,false
ST06,CITY5,High Street,2025-04-06,17,true,44,8,6078.05,0.1818,true
ST07,CITY0,Mall,2025-04-07,18,false,61,11,3785.36,0.1803,true
ST08,CITY1,High Street,2025-04-08,19,false,43,11,4711.63,0.2558,true
ST09,CITY2,Mall,2025-04-09,20,false,60,6,2039.05,0.1,true
ST10,CITY3,High Street,2025-04-10,21,false,29,7,4754.13,0.2414,true
ST11,CITY4,Mall,2025-04-11,10,false,22,4,2258.26,0.1818,true
ST12,CITY5,High Street,2025-04-01,11,false,,4,1622.16,,false
ST01,CITY0,Mall,2025-04-01,13,false,27,5,2405.05,0.1852,true
ST02,CITY1,High Street,2025-04-02,14,false,17,2,1216.55,0.1176,true
ST03,CITY2,Mall,2025-04-03,15,false,23,3,1157.6,0.1304,true
ST04,CITY3,High Street,2025-04-04,16,false,14,2,312.39,0.1429,true
ST05,CITY4,Mall,2025-04-05,17,true,,6,2344.9,,false
ST06,CITY5,High Street,2025-04-06,18,true,84,15,8192.83,0.1786,true
ST07,CITY0,Mall,2025-04-07,19,false,39,7,3671.03,0.1795,true
ST08,CITY1,High Street,2025-04-08,20,false,63,16,6437.37,0.254,true
ST09,CITY2,Mall,2025-04-09,21,false,38,3,1004.27,0.0789,true
ST10,CITY3,High Street,2025-04-10,10,false,,8,3417.26,,false
ST11,CITY4,Mall,2025-04-11,11,false,24,4,777.84,0.1667,true
ST12,CITY5,High Street,2025-04-01,12,false,,5,2376.44,,false
ST01,CITY0,Mall,2025-04-01,14,false,22,2,1033.71,0.0909,true
ST02,CITY1,High Street,2025-04-02,15,false,13,1,1252.57,0.0769,true
ST03,CITY2,Mall,2025-04-03,16,false,19,2,712.9,0.1053,true
ST04,CITY3,High Street,2025-04-04,17,false,29,8,6148.56,0.2759,true
ST05,CITY4,Mall,2025-04-05,18,true,64,6,4995.19,0.0938,true
ST06,CITY5,High Street,2025-04-06,19,true,97,17,9846.73,0.1753,true
ST07,CITY0,Mall,2025-04-07,20,false,45,8,2855.55,0.1778,true
ST08,CITY1,High Street,2025-04-08,21,false,33,8,4619.01,0.2424,true
ST09,CITY2,Mall,2025-04-09,10,false,23,2,619.62,0.087,true
ST10,CITY3,High Street,2025-04-10,11,false,,9,4679.57,,false
ST11,CITY4,Mall,2025-04-11,12,false,23,4,1360.63,0.1739,true
ST12,CITY5,High Street,2025-04-01,13,false,28,4,2937.3,0.1429,true
ST01,CITY0,Mall,2025-04-01,15,false,18,1,944.67,0.0556,true
ST02,CITY1,High Street,2025-04-02,16,false,15,2,633.63,0.1333,true
ST03,CITY2,Mall,2025-04-03,17,false,28,8,3887.54,0.2857,true
ST04,CITY3,High Street,2025-04-04,18,false,70,19,12498.96,0.2714,true
ST05,CITY4,Mall,2025-04-05,19,true,83,8,5336.16,0.0964,true
ST06,CITY5,High Street,2025-04-06,20,true,88,16,6334.73,0.1818,true
ST07,CITY0,Mall,2025-04-07,21,false,32,6,3826.34,0.1875,true
ST08,CITY1,High Street,2025-04-08,10,false,28,7,5242.84,0.25,true
ST09,CITY2,Mall,2025-04-09,11,false,37,3,5345.66,0.0811,true
ST10,CITY3,High Street,2025-04-10,12,false,27,7,3263.37,0.2593,true
ST11,CITY4,Mall,2025-04-11,13,false,21,4,1539.24,0.1905,true
ST12,CITY5,High Street,2025-04-01,14,false,17,1,183.2,0.0588,true
ST01,CITY0,Mall,2025-04-01,16,false,17,1,340.66,0.0588,true
ST02,CITY1,High Street,2025-04-02,17,false,34,8,2991.68,0.2353,true
ST03,CITY2,Mall,2025-04-03,18,false,69,19,10414.9,0.2754,true
ST04,CITY3,High Street,2025-04-04,19,false,46,13,7124.53,0.2826,true
ST05,CITY4,Mall,2025-04-05,20,true,74,7,5634.03,0.0946,true
ST06,CITY5,High Street,2025-04-06,21,true,53,9,3961.79,0.1698,true
ST07,CITY0,Mall,2025-04-07,10,false,27,5,2563.89,0.1852,true
ST08,CITY1,High Street,2025-04-08,11,false,22,6,2194.88,0.2727,true
ST09,CITY2,Mall,2025-04-09,12,false,36,3,1163.12,0.0833,true
ST10,CITY3,High Street,2025-04-10,13,false,25,6,2922.53,0.24,true
ST11,CITY4,Mall,2025-04-11,14,false,21,2,396.1,0.0952,true
ST12,CITY5,High Street,2025-04-01,15,false,21,1,554.16,0.0476,true
ST01,CITY0,Mall,2025-04-01,17,false,24,4,1815.83,0.1667,true
ST02,CITY1,High Street,2025-04-02,18,false,51,13,6597.69,0.2549,true
ST03,CITY2,Mall,2025-04-03,19,false,54,15,6006.18,0.2778,true
ST04,CITY3,High Street,2025-04-04,20,false,44,12,4940.47,0.2727,true
ST05,CITY4,Mall,2025-04-05,21,true,49,5,2958.06,0.102,true
ST06,CITY5,High Street,2025-04-06,10,true,59,10,5628.93,0.1695,true
ST07,CITY0,Mall,2025-04-07,11,false,23,4,1456.79,0.1739,true
ST08,CITY1,High Street,2025-04-08,12,false,38,10,7165.91,0.2632,true
ST09,CITY2,Mall,2025-04-09,13,false,30,3,1582.2,0.1,true
ST10,CITY3,High Street,2025-04-10,14,false,23,3,1316.08,0.1304,true
ST11,CITY4,Mall,2025-04-11,15,false,14,1,166.46,0.0714,true
ST12,CITY5,High Street,2025-04-01,16,false,14,1,803.29,0.0714,true
ST01,CITY0,Mall,2025-04-01,18,false,49,9,4618.6,0.1837,true
ST02,CITY1,High Street,2025-04-02,19,false,44,11,6720.02,0.25,true
ST03,CITY2,Mall,2025-04-03,20,false,60,16,9490.98,0.2667,true
ST04,CITY3,High Street,2025-04-04,21,false,34,9,3018.69,0.2647,true
ST05,CITY4,Mall,2025-04-05,10,true,60,6,3008.99,0.1,true
ST06,CITY5,High Street,2025-04-06,11,true,37,7,5166.03,0.1892,true
ST07,CITY0,Mall,2025-04-07,12,false,26,4,1441.33,0.1538,true
ST08,CITY1,High Street,2025-04-08,13,false,37,9,5113.16,0.2432,true
ST09,CITY2,Mall,2025-04-09,14,false,22,1,512.37,0.0455,true
ST10,CITY3,High Street,2025-04-10,15,false,23,3,1122.89,0.1304,true
ST11,CITY4,Mall,2025-04-11,16,false,16,1,1105.03,0.0625,true
ST12,CITY5,High Street,2025-04-01,17,false,24,4,1565.94,0.1667,true
ST01,CITY0,Mall,2025-04-01,19,false,48,8,2978.53,0.1667,true
ST02,CITY1,High Street,2025-04-02,20,false,60,15,7265.13,0.25,true
ST03,CITY2,Mall,2025-04-03,21,false,29,8,3701.22,0.2759,true
ST04,CITY3,High Street,2025-04-04,10,false,32,9,4263.28,0.2813,true
ST05,CITY4,Mall,2025-04-05,11,true,50,5,2507.38,0.1,true
ST06,CITY5,High Street,2025-04-06,12,true,62,11,4379.62,0.1774,true
ST07,CITY0,Mall,2025-04-07,13,false,24,4,3180.12,0.1667,true
ST08,CITY1,High Street,2025-04-08,14,false,23,3,2111.76,0.1304,true
ST09,CITY2,Mall,2025-04-09,15,false,23,1,315.31,0.0435,true
ST10,CITY3,High Street,2025-04-10,16,false,22,2,938.54,0.0909,true
ST11,CITY4,Mall,2025-04-11,17,false,31,5,2641.56,0.1613,true
ST12,CITY5,High Street,2025-04-01,18,false,51,8,4104.53,0.1569,true
ST01,CITY0,Mall,2025-04-01,20,false,48,8,2573.46,0.1667,true
ST02,CITY1,High Street,2025-04-02,21,false,31,8,4127.53,0.2581,true
ST03,CITY2,Mall,2025-04-03,10,false,31,8,4226.71,0.2581,true
ST04,CITY3,High Street,2025-04-04,11,false,33,9,4938.55,0.2727,true
ST05,CITY4,Mall,2025-04-05,12,true,53,5,4146.68,0.0943,true
ST06,CITY5,High Street,2025-04-06,13,true,53,9,5158.86,0.1698,true
ST07,CITY0,Mall,2025-04-07,14,false,17,1,174.82,0.0588,true
ST08,CITY1,High Street,2025-04-08,15,false,17,2,2009.72,0.1176,true
ST09,CITY2,Mall,2025-04-09,16,false,14,1,98.78,0.0714,true
ST10,CITY3,High Street,2025-04-10,17,false,22,5,1531.86,0.2273,true
ST11,CITY4,Mall,2025-04-11,18,false,57,10,3282.9,0.1754,true
ST12,CITY5,High Street,2025-04-01,19,false,69,11,4777.56,0.1594,true
ST01,CITY0,Mall,2025-04-01,21,false,39,7,3545.72,0.1795,true
ST02,CITY1,High Street,2025-04-02,10,false,32,8,3064.25,0.25,true
ST03,CITY2,Mall,2025-04-03,11,false,33,9,6534.02,0.2727,true
ST04,CITY3,High Street,2025-04-04,12,false,28,8,5562.25,0.2857,true
ST05,CITY4,Mall,2025-04-05,13,true,34,3,1228.83,0.0882,true
ST06,CITY5,High Street,2025-04-06,14,true,27,2,1021.92,0.0741,true
ST07,CITY0,Mall,2025-04-07,15,false,15,1,243.37,0.0667,true
ST08,CITY1,High Street,2025-04-08,16,false,16,2,936.35,0.125,true
ST09,CITY2,Mall,2025-04-09,17,false,24,2,756.31,0.0833,true
ST10,CITY3,High Street,2025-04-10,18,false,52,13,7414.43,0.25,true
ST11,CITY4,Mall,2025-04-11,19,false,45,8,5213.74,0.1778,true
ST12,CITY5,High Street,2025-04-01,20,false,53,8,3650.39,0.1509,true
ST01,CITY0,Mall,2025-04-02,10,false,24,4,1267.07,0.1667,true
ST02,CITY1,High Street,2025-04-03,11,false,28,7,6014.02,0.25,true
ST03,CITY2,Mall,2025-04-04,12,false,25,7,2065.65,0.28,true
ST04,CITY3,High Street,2025-04-05,13,true,35,8,2849.07,0.2286,true
ST05,CITY4,Mall,2025-04-06,14,true,22,1,637.17,0.0455,true
ST06,CITY5,High Street,2025-04-07,15,false,20,2,1952.94,0.1,true
ST07,CITY0,Mall,2025-04-08,16,false,18,1,116.53,0.0556,true
ST08,CITY1,High Street,2025-04-09,17,false,33,8,4592.1,0.2424,true
ST09,CITY2,Mall,2025-04-10,18,false,69,6,2671.99,0.087,true
ST10,CITY3,High Street,2025-04-11,19,false,39,10,5185.9,0.2564,true
ST11,CITY4,Mall,2025-04-01,20,false,45,8,4749.86,0.1778,true
ST12,CITY5,High Street,2025-04-02,21,false,35,5,2646.9,0.1429,true
ST01,CITY0,Mall,2025-04-02,11,false,33,6,2189.24,0.1818,true
ST02,CITY1,High Street,2025-04-03,12,false,37,9,5005.19,0.2432,true
ST03,CITY2,Mall,2025-04-04,13,false,34,9,6758.61,0.2647,true
ST04,CITY3,High Street,2025-04-05,14,true,27,3,918.12,0.1111,true
ST05,CITY4,Mall,2025-04-06,15,true,27,1,749.61,0.037,true
ST06,CITY5,High Street,2025-04-07,16,false,20,2,2879.36,0.1,true
ST07,CITY0,Mall,2025-04-08,17,false,26,4,2400.41,0.1538,true
ST08,CITY1,High Street,2025-04-09,18,false,55,14,6404.42,0.2545,true
ST09,CITY2,Mall,2025-04-10,19,false,38,3,774.66,0.0789,true
ST10,CITY3,High Street,2025-04-11,20,false,52,13,7113.14,0.25,true
ST11,CITY4,Mall,2025-04-01,21,false,34,6,2084.77,0.1765,true
ST12,CITY5,High Street,2025-04-02,10,false,22,3,2043.05,0.1364,true
ST01,CITY0,Mall,2025-04-02,12,false,28,5,3712.66,0.1786,true
ST02,CITY1,High Street,2025-04-03,13,false,29,7,2417.87,0.2414,true
ST03,CITY2,Mall,2025-04-04,14,false,15,2,804.8,0.1333,true
ST04,CITY3,High Street,2025-04-05,15,true,34,4,2054.9,0.1176,true
ST05,CITY4,Mall,2025-04-06,16,true,37,2,1337.88,0.0541,true
ST06,CITY5,High Street,2025-04-07,17,false,31,6,3877.32,0.1935,true
ST07,CITY0,Mall,2025-04-08,18,false,38,7,4626.64,0.1842,true
ST08,CITY1,High Street,2025-04-09,19,false,68,17,11221.67,0.25,true
ST09,CITY2,Mall,2025-04-10,20,false,63,6,3722.32,0.0952,true
ST10,CITY3,High Street,2025-04-11,21,false,25,6,2298.48,0.24,true
ST11,CITY4,Mall,2025-04-01,10,false,,4,1803.24,,false
ST12,CITY5,High Street,2025-04-02,11,false,27,4,1935.28,0.1481,true
ST01,CITY0,Mall,2025-04-02,13,false,22,4,1934.58,0.1818,true
ST02,CITY1,High Street,2025-04-03,14,false,18,2,961.72,0.1111,true
ST03,CITY2,Mall,2025-04-04,15,false,21,3,1105.98,0.1429,true
ST04,CITY3,High Street,2025-04-05,16,true,,4,2258.54,,false
ST05,CITY4,Mall,2025-04-06,17,true,61,6,2767.9,0.0984,true
ST06,CITY5,High Street,2025-04-07,18,false,44,9,4046.86,0.2045,true
ST07,CITY0,Mall,2025-04-08,19,false,41,7,1695.12,0.1707,true
ST08,CITY1,High Street,2025-04-09,20,false,39,10,6728.41,0.2564,true
ST09,CITY2,Mall,2025-04-10,21,false,23,2,2276.46,0.087,true
ST10,CITY3,High Street,2025-04-11,10,false,37,9,5453.91,0.2432,true
ST11,CITY4,Mall,2025-04-01,11,false,,4,1968.47,,false
ST12,CITY5,High Street,2025-04-02,12,false,37,6,3028.49,0.1622,true
ST01,CITY0,Mall,2025-04-02,14,false,22,2,374.43,0.0909,true
ST02,CITY1,High Street,2025-04-03,15,false,15,2,1024.23,0.1333,true
ST03,CITY2,Mall,2025-04-04,16,false,18,2,1629.41,0.1111,true
ST04,CITY3,High Street,2025-04-05,17,true,,12,4245.63,,false
ST05,CITY4,Mall,2025-04-06,18,true,108,10,6339.79,0.0926,true
ST06,CITY5,High Street,2025-04-07,19,false,52,11,4690.19,0.2115,true
ST07,CITY0,Mall,2025-04-08,20,false,59,10,3787.52,0.1695,true
ST08,CITY1,High Street,2025-04-09,21,false,27,7,2791.57,0.2593,true
ST09,CITY2,Mall,2025-04-10,10,false,,3,1035.46,,false
ST10,CITY3,High Street,2025-04-11,11,false,24,6,2615.21,0.25,true
ST11,CITY4,Mall,2025-04-01,12,false,,4,961.9,,false
ST12,CITY5,High Street,2025-04-02,13,false,29,4,1840.31,0.1379,true
ST01,CITY0,Mall,2025-04-02,15,false,20,2,1224.1,0.1,true
ST02,CITY1,High Street,2025-04-03,16,false,20,2,852.13,0.1,true
ST03,CITY2,Mall,2025-04-04,17,false,24,7,2269.71,0.2917,true
ST04,CITY3,High Street,2025-04-05,18,true,64,15,4819.89,0.2344,true
ST05,CITY4,Mall,2025-04-06,19,true,96,9,5207.44,0.0938,true
ST06,CITY5,High Street,2025-04-07,20,false,56,12,5201.28,0.2143,true
ST07,CITY0,Mall,2025-04-08,21,false,37,6,5579.11,0.1622,true
ST08,CITY1,High Street,2025-04-09,10,false,24,6,2514.11,0.25,true
ST09,CITY2,Mall,2025-04-10,11,false,,2,1073.75,,false
ST10,CITY3,High Street,2025-04-11,12,false,27,7,3541.26,0.2593,true
ST11,CITY4,Mall,2025-04-01,13,false,38,7,2411.2,0.1842,true
ST12,CITY5,High Street,2025-04-02,14,false,17,1,508.8,0.0588,true
ST01,CITY0,Mall,2025-04-02,16,false,23,2,834.2,0.087,true
ST02,CITY1,High Street,2025-04-03,17,false,29,7,3066.78,0.2414,true
ST03,CITY2,Mall,2025-04-04,18,false,59,16,7676.54,0.2712,true
ST04,CITY3,High Street,2025-04-05,19,true,100,23,13582.91,0.23,true
ST05,CITY4,Mall,2025-04-06,20,true,66,6,2106.54,0.0909,true
ST06,CITY5,High Street,2025-04-07,21,false,22,5,2143.01,0.2273,true
ST07,CITY0,Mall,2025-04-08,10,false,37,6,3035.8,0.1622,true
ST08,CITY1,High Street,2025-04-09,11,false,35,9,4404.71,0.2571,true
ST09,CITY2,Mall,2025-04-10,12,false,25,2,469.23,0.08,true
ST10,CITY3,High Street,2025-04-11,13,false,36,9,4794.91,0.25,true
ST11,CITY4,Mall,2025-04-01,14,false,17,1,1039.58,0.0588,true
ST12,CITY5,High Street,2025-04-02,15,false,17,1,92.42,0.0588,true
ST01,CITY0,Mall,2025-04-02,17,false,32,6,3075.35,0.1875,true
ST02,CITY1,High Street,2025-04-03,18,false,59,15,7091.68,0.2542,true
ST03,CITY2,Mall,2025-04-04,19,false,43,12,6053.36,0.2791,true
ST04,CITY3,High Street,2025-04-05,20,true,107,25,9769.2,0.2336,true
ST05,CITY4,Mall,2025-04-06,21,true,52,5,1242.29,0.0962,true
ST06,CITY5,High Street,2025-04-07,10,false,25,5,3651.63,0.2,true
ST07,CITY0,Mall,2025-04-08,11,false,34,6,3435.04,0.1765,true
ST08,CITY1,High Street,2025-04-09,12,false,30,8,2225.01,0.2667,true
ST09,CITY2,Mall,2025-04-10,13,false,26,2,1402.8,0.0769,true
ST10,CITY3,High Street,2025-04-11,14,false,17,2,1231.68,0.1176,true
ST11,CITY4,Mall,2025-04-01,15,false,20,2,923.85,0.1,true
ST12,CITY5,High Street,2025-04-02,16,false,22,2,1248.86,0.0909,true
ST01,CITY0,Mall,2025-04-02,18,false,67,12,5809.23,0.1791,true
ST02,CITY1,High Street,2025-04-03,19,false,52,13,9359.83,0.25,true
ST03,CITY2,Mall,2025-04-04,20,false,66,18,8276.42,0.2727,true
ST04,CITY3,High Street,2025-04-05,21,true,49,11,6147.6,0.2245,true
ST05,CITY4,Mall,2025-04-06,10,true,52,5,2446.02,0.0962,true
ST06,CITY5,High Street,2025-04-07,11,false,31,6,2262.31,0.1935,true
ST07,CITY0,Mall,2025-04-08,12,false,36,6,2858.07,0.1667,true
ST08,CITY1,High Street,2025-04-09,13,false,24,6,3313.84,0.25,true
ST09,CITY2,Mall,2025-04-10,14,false,18,1,588.91,0.0556,true
ST10,CITY3,High Street,2025-04-11,15,false,22,2,1527.7,0.0909,true
ST11,CITY4,Mall,2025-04-01,16,false,20,2,493.08,0.1,true
ST12,CITY5,High Street,2025-04-02,17,false,28,4,808.19,0.1429,true
ST01,CITY0,Mall,2025-04-02,19,false,58,10,5320.68,0.1724,true
ST02,CITY1,High Street,2025-04-03,20,false,54,13,8881.37,0.2407,true
ST03,CITY2,Mall,2025-04-04,21,false,37,10,5074.03,0.2703,true
ST04,CITY3,High Street,2025-04-05,10,true,41,10,4566.47,0.2439,true
ST05,CITY4,Mall,2025-04-06,11,true,51,5,3722.99,0.098,true
ST06,CITY5,High Street,2025-04-07,12,false,25,5,1485.44,0.2,true
ST07,CITY0,Mall,2025-04-08,13,false,37,6,3905.62,0.1622,true
ST08,CITY1,High Street,2025-04-09,14,false,15,2,779.21,0.1333,true
ST09,CITY2,Mall,2025-04-10,15,false,22,1,465.32,0.0455,true
ST10,CITY3,High Street,2025-04-11,16,false,20,2,510.93,0.1,true
ST11,CITY4,Mall,2025-04-01,17,false,25,4,2144.44,0.16,true
ST12,CITY5,High Street,2025-04-02,18,false,52,8,5406.1,0.1538,true
ST01,CITY0,Mall,2025-04-02,20,false,55,10,4418.59,0.1818,true
ST02,CITY1,High Street,2025-04-03,21,false,31,8,4108.93,0.2581,true
ST03,CITY2,Mall,2025-04-04,10,false,22,6,2685.31,0.2727,true
ST04,CITY3,High Street,2025-04-05,11,true,48,11,5416.4,0.2292,true
ST05,CITY4,Mall,2025-04-06,12,true,34,3,1233.14,0.0882,true
ST06,CITY5,High Street,2025-04-07,13,false,23,5,1881.28,0.2174,true
ST07,CITY0,Mall,2025-04-08,14,false,17,1,164.76,0.0588,true
ST08,CITY1,High Street,2025-04-09,15,false,21,2,325.7,0.0952,true
ST09,CITY2,Mall,2025-04-10,16,false,13,1,213.1,0.0769,true
ST10,CITY3,High Street,2025-04-11,17,false,30,7,3071.69,0.2333,true
ST11,CITY4,Mall,2025-04-01,18,false,66,12,7260.99,0.1818,true
ST12,CITY5,High Street,2025-04-02,19,false,52,8,4303.24,0.1538,true
ST01,CITY0,Mall,2025-04-02,21,false,36,6,7798.65,0.1667,true
ST02,CITY1,High Street,2025-04-03,10,false,30,7,3156.98,0.2333,true
ST03,CITY2,Mall,2025-04-04,11,false,26,7,4679.33,0.2692,true
ST04,CITY3,High Street,2025-04-05,12,true,54,13,5355.36,0.2407,true
ST05,CITY4,Mall,2025-04-06,13,true,47,4,1759.23,0.0851,true
ST06,CITY5,High Street,2025-04-07,14,false,18,2,740.7,0.1111,true
ST07,CITY0,Mall,2025-04-08,15,false,21,2,675.02,0.0952,true
ST08,CITY1,High Street,2025-04-09,16,false,18,2,822.5,0.1111,true
ST09,CITY2,Mall,2025-04-10,17,false,21,2,939.72,0.0952,true
ST10,CITY3,High Street,2025-04-11,18,false,44,11,5889.52,0.25,true
ST11,CITY4,Mall,2025-04-01,19,false,57,10,3731.45,0.1754,true
ST12,CITY5,High Street,2025-04-02,20,false,41,6,2061.21,0.1463,true
ST01,CITY0,Mall,2025-04-03,10,false,23,4,1157.88,0.1739,true
ST02,CITY1,High Street,2025-04-04,11,false,27,7,3342.56,0.2593,true
ST03,CITY2,Mall,2025-04-05,12,true,51,12,6638.85,0.2353,true
ST04,CITY3,High Street,2025-04-06,13,true,35,8,3690.89,0.2286,true
ST05,CITY4,Mall,2025-04-07,14,false,22,1,1036.25,0.0455,true
ST06,CITY5,High Street,2025-04-08,15,false,19,2,903.93,0.1053,true
ST07,CITY0,Mall,2025-04-09,16,false,19,1,208.41,0.0526,true
ST08,CITY1,High Street,2025-04-10,17,false,22,6,2504.37,0.2727,true
ST09,CITY2,Mall,2025-04-11,18,false,53,5,3209.31,0.0943,true
ST10,CITY3,High Street,2025-04-01,19,false,40,10,5209.09,0.25,true
ST11,CITY4,Mall,2025-04-02,20,false,68,12,6737.49,0.1765,true
ST12,CITY5,High Street,2025-04-03,21,false,25,4,1276.35,0.16,true
ST01,CITY0,Mall,2025-04-03,11,false,28,5,2162.46,0.1786,true
ST02,CITY1,High Street,2025-04-04,12,false,29,7,4146.41,0.2414,true
ST03,CITY2,Mall,2025-04-05,13,true,41,9,5116.94,0.2195,true
ST04,CITY3,High Street,2025-04-06,14,true,26,3,2056.63,0.1154,true
ST05,CITY4,Mall,2025-04-07,15,false,17,1,519.03,0.0588,true
ST06,CITY5,High Street,2025-04-08,16,false,17,2,954.0,0.1176,true
ST07,CITY0,Mall,2025-04-09,17,false,30,5,2055.51,0.1667,true
ST08,CITY1,High Street,2025-04-10,18,false,42,11,5456.83,0.2619,true
ST09,CITY2,Mall,2025-04-11,19,false,43,4,1444.2,0.093,true
ST10,CITY3,High Street,2025-04-01,20,false,50,12,7686.55,0.24,true
ST11,CITY4,Mall,2025-04-02,21,false,27,5,2461.24,0.1852,true
ST12,CITY5,High Street,2025-04-03,10,false,28,4,3284.92,0.1429,true
ST01,CITY0,Mall,2025-04-03,12,false,34,6,4993.31,0.1765,true
ST02,CITY1,High Street,2025-04-04,13,false,32,8,6410.66,0.25,true
ST03,CITY2,Mall,2025-04-05,14,true,25,3,756.31,0.12,true
ST04,CITY3,High Street,2025-04-06,15,true,22,2,637.48,0.0909,true
ST05,CITY4,Mall,2025-04-07,16,false,18,1,200.34,0.0556,true
ST06,CITY5,High Street,2025-04-08,17,false,39,8,4503.69,0.2051,true
ST07,CITY0,Mall,2025-04-09,18,false,62,11,5149.17,0.1774,true
ST08,CITY1,High Street,2025-04-10,19,false,44,11,5587.12,0.25,true
ST09,CITY2,Mall,2025-04-11,20,false,39,4,1862.38,0.1026,true
ST10,CITY3,High Street,2025-04-01,21,false,39,10,5451.98,0.2564,true
ST11,CITY4,Mall,2025-04-02,10,false,31,5,1911.37,0.1613,true
ST12,CITY5,High Street,2025-04-03,11,false,33,5,1383.26,0.1515,true
ST01,CITY0,Mall,2025-04-03,13,false,34,6,3069.93,0.1765,true
ST02,CITY1,High Street,2025-04-04,14,false,23,3,2009.21,0.1304,true
ST03,CITY2,Mall,2025-04-05,15,true,31,3,590.27,0.0968,true
ST04,CITY3,High Street,2025-04-06,16,true,23,2,994.94,0.087,true
ST05,CITY4,Mall,2025-04-07,17,false,34,4,1510.36,0.1176,true
ST06,CITY5,High Street,2025-04-08,18,false,58,12,5598.85,0.2069,true
ST07,CITY0,Mall,2025-04-09,19,false,66,11,5410.25,0.1667,true
ST08,CITY1,High Street,2025-04-10,20,false,47,12,8244.55,0.2553,true
ST09,CITY2,Mall,2025-04-11,21,false,25,2,803.62,0.08,true
ST10,CITY3,High Street,2025-04-01,10,false,,7,3102.74,,false
ST11,CITY4,Mall,2025-04-02,11,false,30,5,2850.48,0.1667,true
ST12,CITY5,High Street,2025-04-03,12,false,37,6,4009.81,0.1622,true
ST01,CITY0,Mall,2025-04-03,14,false,23,2,784.08,0.087,true
ST02,CITY1,High Street,2025-04-04,15,false,19,2,1012.89,0.1053,true
ST03,CITY2,Mall,2025-04-05,16,true,,3,1636.27,,false
ST04,CITY3,High Street,2025-04-06,17,true,46,11,4125.61,0.2391,true
ST05,CITY4,Mall,2025-04-07,18,false,50,6,2402.79,0.12,true
ST06,CITY5,High Street,2025-04-08,19,false,47,10,5100.96,0.2128,true
ST07,CITY0,Mall,2025-04-09,20,false,48,8,3656.86,0.1667,true
ST08,CITY1,High Street,2025-04-10,21,false,29,7,5624.13,0.2414,true
ST09,CITY2,Mall,2025-04-11,10,false,30,3,1828.18,0.1,true
ST10,CITY3,High Street,2025-04-01,11,false,,9,4345.7,,false
ST11,CITY4,Mall,2025-04-02,12,false,35,6,2690.52,0.1714,true
ST12,CITY5,High Street,2025-04-03,13,false,27,4,3050.4,0.1481,true
ST01,CITY0,Mall,2025-04-03,15,false,14,1,196.23,0.0714,true
ST02,CITY1,High Street,2025-04-04,16,false,19,2,685.01,0.1053,true
ST03,CITY2,Mall,2025-04-05,17,true,,9,3446.04,,false
ST04,CITY3,High Street,2025-04-06,18,true,99,23,12567.31,0.2323,true
ST05,CITY4,Mall,2025-04-07,19,false,38,4,3364.87,0.1053,true
ST06,CITY5,High Street,2025-04-08,20,false,46,10,4621.43,0.2174,true
ST07,CITY0,Mall,2025-04-09,21,false,38,7,2608.93,0.1842,true
ST08,CITY1,High Street,2025-04-10,10,false,,8,2802.69,,false
ST09,CITY2,Mall,2025-04-11,11,false,39,4,1609.57,0.1026,true
ST10,CITY3,High Street,2025-04-01,12,false,,8,4990.96,,false
ST11,CITY4,Mall,2025-04-02,13,false,35,6,3144.15,0.1714,true
ST12,CITY5,High Street,2025-04-03,14,false,13,1,626.0,0.0769,true
ST01,CITY0,Mall,2025-04-03,16,false,20,2,749.74,0.1,true
ST02,CITY1,High Street,2025-04-04,17,false,32,8,4579.58,0.25,true
ST03,CITY2,Mall,2025-04-05,18,true,74,17,7462.86,0.2297,true
ST04,CITY3,High Street,2025-04-06,19,true,110,26,11163.33,0.2364,true
ST05,CITY4,Mall,2025-04-07,20,false,69,8,2737.77,0.1159,true
ST06,CITY5,High Street,2025-04-08,21,false,37,8,4604.03,0.2162,true
ST07,CITY0,Mall,2025-04-09,10,false,36,6,2276.72,0.1667,true
ST08,CITY1,High Street,2025-04-10,11,false,,6,2726.85,,false
ST09,CITY2,Mall,2025-04-11,12,false,35,3,1149.48,0.0857,true
ST10,CITY3,High Street,2025-04-01,13,false,35,9,5142.21,0.2571,true
ST11,CITY4,Mall,2025-04-02,14,false,22,2,783.07,0.0909,true
ST12,CITY5,High Street,2025-04-03,15,false,20,1,116.62,0.05,true
ST01,CITY0,Mall,2025-04-03,17,false,37,7,3742.92,0.1892,true
ST02,CITY1,High Street,2025-04-04,18,false,58,14,6228.94,0.2414,true
ST03,CITY2,Mall,2025-04-05,19,true,103,24,12633.93,0.233,true
ST04,CITY3,High Street,2025-04-06,20,true,106,25,11142.25,0.2358,true
ST05,CITY4,Mall,2025-04-07,21,false,27,3,1003.01,0.1111,true
ST06,CITY5,High Street,2025-04-08,10,false,35,7,3127.15,0.2,true
ST07,CITY0,Mall,2025-04-09,11,false,25,4,1669.07,0.16,true
ST08,CITY1,High Street,2025-04-10,12,false,25,6,2550.1,0.24,true
ST09,CITY2,Mall,2025-04-11,13,false,23,2,1274.91,0.087,true
ST10,CITY3,High Street,2025-04-01,14,false,16,2,384.31,0.125,true
ST11,CITY4,Mall,2025-04-02,15,false,15,1,1570.31,0.0667,true
ST12,CITY5,High Street,2025-04-03,16,false,16,1,90.0,0.0625,true
ST01,CITY0,Mall,2025-04-03,18,false,55,10,6879.89,0.1818,true
ST02,CITY1,High Street,2025-04-04,19,false,62,15,8344.61,0.2419,true
ST03,CITY2,Mall,2025-04-05,20,true,94,22,12643.01,0.234,true
ST04,CITY3,High Street,2025-04-06,21,true,36,8,4623.14,0.2222,true
ST05,CITY4,Mall,2025-04-07,10,false,37,4,3839.21,0.1081,true
ST06,CITY5,High Street,2025-04-08,11,false,25,5,1958.18,0.2,true
ST07,CITY0,Mall,2025-04-09,12,false,31,5,2263.88,0.1613,true
ST08,CITY1,High Street,2025-04-10,13,false,22,6,3761.68,0.2727,true
ST09,CITY2,Mall,2025-04-11,14,false,14,1,358.35,0.0714,true
ST10,CITY3,High Street,2025-04-01,15,false,13,1,370.7,0.0769,true
ST11,CITY4,Mall,2025-04-02,16,false,16,1,281.51,0.0625,true
ST12,CITY5,High Street,2025-04-03,17,false,39,6,2948.7,0.1538,true
ST01,CITY0,Mall,2025-04-03,19,false,70,12,8038.35,0.1714,true
ST02,CITY1,High Street,2025-04-04,20,false,45,11,4884.31,0.2444,true
ST03,CITY2,Mall,2025-04-05,21,true,50,12,10087.1,0.24,true
ST04,CITY3,High Street,2025-04-06,10,true,38,9,2988.35,0.2368,true
ST05,CITY4,Mall,2025-04-07,11,false,34,4,1694.0,0.1176,true
ST06,CITY5,High Street,2025-04-08,12,false,24,5,2989.11,0.2083,true
ST07,CITY0,Mall,2025-04-09,13,false,38,7,4388.24,0.1842,true
ST08,CITY1,High Street,2025-04-10,14,false,18,2,888.51,0.1111,true
ST09,CITY2,Mall,2025-04-11,15,false,18,1,636.73,0.0556,true
ST10,CITY3,High Street,2025-04-01,16,false,16,2,660.53,0.125,true
ST11,CITY4,Mall,2025-04-02,17,false,21,4,1280.6,0.1905,true
ST12,CITY5,High Street,2025-04-03,18,false,61,9,4080.43,0.1475,true
ST01,CITY0,Mall,2025-04-03,20,false,68,12,5584.65,0.1765,true
ST02,CITY1,High Street,2025-04-04,21,false,28,7,3806.47,0.25,true
ST03,CITY2,Mall,2025-04-05,10,true,47,11,4324.33,0.234,true
ST04,CITY3,High Street,2025-04-06,11,true,51,12,4690.5,0.2353,true
ST05,CITY4,Mall,2025-04-07,12,false,31,3,676.08,0.0968,true
ST06,CITY5,High Street,2025-04-08,13,false,36,7,3948.03,0.1944,true
ST07,CITY0,Mall,2025-04-09,14,false,15,1,295.25,0.0667,true
ST08,CITY1,High Street,2025-04-10,15,false,13,1,342.69,0.0769,true
ST09,CITY2,Mall,2025-04-11,16,false,15,1,276.61,0.0667,true
ST10,CITY3,High Street,2025-04-01,17,false,32,8,4835.2,0.25,true
ST11,CITY4,Mall,2025-04-02,18,false,68,12,5679.82,0.1765,true
ST12,CITY5,High Street,2025-04-03,19,false,63,10,2382.81,0.1587,true
ST01,CITY0,Mall,2025-04-03,21,false,39,7,4204.61,0.1795,true
ST02,CITY1,High Street,2025-04-04,10,false,28,7,2846.19,0.25,true
ST03,CITY2,Mall,2025-04-05,11,true,37,9,4479.98,0.2432,true
ST04,CITY3,High Street,2025-04-06,12,true,50,12,4532.79,0.24,true
ST05,CITY4,Mall,2025-04-07,13,false,37,4,2441.19,0.1081,true
ST06,CITY5,High Street,2025-04-08,14,false,13,1,327.19,0.0769,true
ST07,CITY0,Mall,2025-04-09,15,false,14,1,643.95,0.0714,true
ST08,CITY1,High Street,2025-04-10,16,false,15,2,1053.44,0.1333,true
ST09,CITY2,Mall,2025-04-11,17,false,25,2,433.68,0.08,true
ST10,CITY3,High Street,2025-04-01,18,false,53,13,6144.65,0.2453,true
ST11,CITY4,Mall,2025-04-02,19,false,64,11,8562.93,0.1719,true
ST12,CITY5,High Street,2025-04-03,20,false,69,11,4872.64,0.1594,true
ST01,CITY0,Mall,2025-04-04,10,false,26,5,2013.44,0.1923,true
ST02,CITY1,High Street,2025-04-05,11,true,59,12,7337.22,0.2034,true
ST03,CITY2,Mall,2025-04-06,12,true,43,10,6239.02,0.2326,true
ST04,CITY3,High Street,2025-04-07,13,false,37,10,5282.71,0.2703,true
ST05,CITY4,Mall,2025-04-08,14,false,13,1,116.7,0.0769,true
ST06,CITY5,High Street,2025-04-09,15,false,15,1,353.56,0.0667,true
ST07,CITY0,Mall,2025-04-10,16,false,13,1,414.48,0.0769,true
ST08,CITY1,High Street,2025-04-11,17,false,27,7,3094.2,0.2593,true
ST09,CITY2,Mall,2025-04-01,18,false,40,4,2697.52,0.1,true
ST10,CITY3,High Street,2025-04-02,19,false,64,16,14658.81,0.25,true
ST11,CITY4,Mall,2025-04-03,20,false,64,11,3673.93,0.1719,true
ST12,CITY5,High Street,2025-04-04,21,false,27,4,3446.34,0.1481,true
ST01,CITY0,Mall,2025-04-04,11,false,35,6,3258.68,0.1714,true
ST02,CITY1,High Street,2025-04-05,12,true,37,8,5071.45,0.2162,true
ST03,CITY2,Mall,2025-04-06,13,true,56,13,8025.16,0.2321,true
ST04,CITY3,High Street,2025-04-07,14,false,21,3,894.36,0.1429,true
ST05,CITY4,Mall,2025-04-08,15,false,17,1,352.02,0.0588,true
ST06,CITY5,High Street,2025-04-09,16,false,20,2,578.3,0.1,true
ST07,CITY0,Mall,2025-04-10,17,false,23,4,1619.87,0.1739,true
ST08,CITY1,High Street,2025-04-11,18,false,45,11,6257.79,0.2444,true
ST09,CITY2,Mall,2025-04-01,19,false,58,5,2422.35,0.0862,true
ST10,CITY3,High Street,2025-04-02,20,false,51,12,3205.41,0.2353,true
ST11,CITY4,Mall,2025-04-03,21,false,22,4,2306.14,0.1818,true
ST12,CITY5,High Street,2025-04-04,10,false,37,6,4445.89,0.1622,true
ST01,CITY0,Mall,2025-04-04,12,false,32,6,2459.49,0.1875,true
ST02,CITY1,High Street,2025-04-05,13,true,41,9,6562.73,0.2195,true
ST03,CITY2,Mall,2025-04-06,14,true,25,3,1232.28,0.12,true
ST04,CITY3,High Street,2025-04-07,15,false,23,3,2815.5,0.1304,true
ST05,CITY4,Mall,2025-04-08,16,false,15,1,574.68,0.0667,true
ST06,CITY5,High Street,2025-04-09,17,false,33,7,2806.2,0.2121,true
ST07,CITY0,Mall,2025-04-10,18,false,48,8,4064.6,0.1667,true
ST08,CITY1,High Street,2025-04-11,19,false,54,14,7645.01,0.2593,true
ST09,CITY2,Mall,2025-04-01,20,false,47,4,1748.67,0.0851,true
ST10,CITY3,High Street,2025-04-02,21,false,33,8,4699.64,0.2424,true
ST11,CITY4,Mall,2025-04-03,10,false,36,6,3461.47,0.1667,true
ST12,CITY5,High Street,2025-04-04,11,false,38,6,2678.14,0.1579,true
ST01,CITY0,Mall,2025-04-04,13,false,38,7,5683.61,0.1842,true
ST02,CITY1,High Street,2025-04-05,14,true,31,3,2788.42,0.0968,true
ST03,CITY2,Mall,2025-04-06,15,true,37,4,1726.58,0.1081,true
ST04,CITY3,High Street,2025-04-07,16,false,13,2,1144.77,0.1538,true
ST05,CITY4,Mall,2025-04-08,17,false,35,4,612.81,0.1143,true
ST06,CITY5,High Street,2025-04-09,18,false,69,14,9312.16,0.2029,true
ST07,CITY0,Mall,2025-04-10,19,false,61,11,6795.02,0.1803,true
ST08,CITY1,High Street,2025-04-11,20,false,68,17,6630.39,0.25,true
ST09,CITY2,Mall,2025-04-01,21,false,38,3,3484.91,0.0789,true
ST10,CITY3,High Street,2025-04-02,10,false,38,9,4120.99,0.2368,true
ST11,CITY4,Mall,2025-04-03,11,false,22,4,2512.31,0.1818,true
ST12,CITY5,High Street,2025-04-04,12,false,23,4,1988.43,0.1739,true
ST01,CITY0,Mall,2025-04-04,14,false,20,2,705.9,0.1,true
ST02,CITY1,High Street,2025-04-05,15,true,22,2,1467.48,0.0909,true
ST03,CITY2,Mall,2025-04-06,16,true,29,3,673.64,0.1034,true
ST04,CITY3,High Street,2025-04-07,17,false,29,8,2402.52,0.2759,true
ST05,CITY4,Mall,2025-04-08,18,false,42,5,2483.11,0.119,true
ST06,CITY5,High Street,2025-04-09,19,false,45,9,3566.38,0.2,true
ST07,CITY0,Mall,2025-04-10,20,false,60,10,4682.96,0.1667,true
ST08,CITY1,High Street,2025-04-11,21,false,38,10,4328.22,0.2632,true
ST09,CITY2,Mall,2025-04-01,10,false,,2,693.18,,false
ST10,CITY3,High Street,2025-04-02,11,false,34,8,4963.82,0.2353,true
ST11,CITY4,Mall,2025-04-03,12,false,32,6,4480.49,0.1875,true
ST12,CITY5,High Street,2025-04-04,13,false,38,6,3030.43,0.1579,true
ST01,CITY0,Mall,2025-04-04,15,false,18,1,342.34,0.0556,true
ST02,CITY1,High Street,2025-04-05,16,true,,3,811.63,,false
ST03,CITY2,Mall,2025-04-06,17,true,62,14,8720.01,0.2258,true
ST04,CITY3,High Street,2025-04-07,18,false,42,12,5168.03,0.2857,true
ST05,CITY4,Mall,2025-04-08,19,false,42,5,2700.17,0.119,true
ST06,CITY5,High Street,2025-04-09,20,false,68,14,6666.93,0.2059,true
ST07,CITY0,Mall,2025-04-10,21,false,34,6,2807.77,0.1765,true
ST08,CITY1,High Street,2025-04-11,10,false,28,7,4246.14,0.25,true
ST09,CITY2,Mall,2025-04-01,11,false,,2,459.18,,false
ST10,CITY3,High Street,2025-04-02,12,false,26,6,3167.81,0.2308,true
ST11,CITY4,Mall,2025-04-03,13,false,38,7,2628.4,0.1842,true
ST12,CITY5,High Street,2025-04-04,14,false,17,1,1256.17,0.0588,true
ST01,CITY0,Mall,2025-04-04,16,false,22,2,673.03,0.0909,true
ST02,CITY1,High Street,2025-04-05,17,true,,11,6225.76,,false
ST03,CITY2,Mall,2025-04-06,18,true,98,23,11318.41,0.2347,true
ST04,CITY3,High Street,2025-04-07,19,false,40,11,6477.6,0.275,true
ST05,CITY4,Mall,2025-04-08,20,false,58,6,4589.53,0.1034,true
ST06,CITY5,High Street,2025-04-09,21,false,27,6,4031.01,0.2222,true
ST07,CITY0,Mall,2025-04-10,10,false,,4,1641.35,,false
ST08,CITY1,High Street,2025-04-11,11,false,33,8,5519.55,0.2424,true
ST09,CITY2,Mall,2025-04-01,12,false,,2,1702.23,,false
ST10,CITY3,High Street,2025-04-02,13,false,36,9,6417.27,0.25,true
ST11,CITY4,Mall,2025-04-03,14,false,21,2,1923.2,0.0952,true
ST12,CITY5,High Street,2025-04-04,15,false,17,1,266.74,0.0588,true
ST01,CITY0,Mall,2025-04-04,17,false,27,5,4060.02,0.1852,true
ST02,CITY1,High Street,2025-04-05,18,true,103,22,17116.89,0.2136,true
ST03,CITY2,Mall,2025-04-06,19,true,92,21,12058.9,0.2283,true
ST04,CITY3,High Street,2025-04-07,20,false,40,11,5199.39,0.275,true
ST05,CITY4,Mall,2025-04-08,21,false,37,4,2117.21,0.1081,true
ST06,CITY5,High Street,2025-04-09,10,false,30,6,3872.68,0.2,true
ST07,CITY0,Mall,2025-04-10,11,false,,6,2804.75,,false
ST08,CITY1,High Street,2025-04-11,12,false,37,9,6104.34,0.2432,true
ST09,CITY2,Mall,2025-04-01,13,false,35,3,1750.77,0.0857,true
ST10,CITY3,High Street,2025-04-02,14,false,17,2,815.5,0.1176,true
ST11,CITY4,Mall,2025-04-03,15,false,15,1,519.94,0.0667,true
ST12,CITY5,High Street,2025-04-04,16,false,13,1,1609.97,0.0769,true
ST01,CITY0,Mall,2025-04-04,18,false,47,8,4139.85,0.1702,true
ST02,CITY1,High Street,2025-04-05,19,true,110,23,13712.27,0.2091,true
ST03,CITY2,Mall,2025-04-06,20,true,92,21,9989.77,0.2283,true
ST04,CITY3,High Street,2025-04-07,21,false,37,10,3990.88,0.2703,true
ST05,CITY4,Mall,2025-04-08,10,false,29,3,974.36,0.1034,true
ST06,CITY5,High Street,2025-04-09,11,false,33,7,3568.99,0.2121,true
ST07,CITY0,Mall,2025-04-10,12,false,28,5,3173.79,0.1786,true
ST08,CITY1,High Street,2025-04-11,13,false,22,6,2875.2,0.2727,true
ST09,CITY2,Mall,2025-04-01,14,false,16,1,460.48,0.0625,true
ST10,CITY3,High Street,2025-04-02,15,false,18,2,836.6,0.1111,true
ST11,CITY4,Mall,2025-04-03,16,false,23,2,824.81,0.087,true
ST12,CITY5,High Street,2025-04-04,17,false,23,4,1727.83,0.1739,true
ST01,CITY0,Mall,2025-04-04,19,false,51,9,6269.14,0.1765,true
ST02,CITY1,High Street,2025-04-05,20,true,86,18,6714.26,0.2093,true
ST03,CITY2,Mall,2025-04-06,21,true,40,9,3806.03,0.225,true
ST04,CITY3,High Street,2025-04-07,10,false,33,9,4745.59,0.2727,true
ST05,CITY4,Mall,2025-04-08,11,false,29,3,1431.94,0.1034,true
ST06,CITY5,High Street,2025-04-09,12,false,25,5,960.76,0.2,true
ST07,CITY0,Mall,2025-04-10,13,false,38,7,4252.82,0.1842,true
ST08,CITY1,High Street,2025-04-11,14,false,19,2,1850.08,0.1053,true
ST09,CITY2,Mall,2025-04-01,15,false,19,1,529.62,0.0526,true
ST10,CITY3,High Street,2025-04-02,16,false,20,2,727.9,0.1,true
ST11,CITY4,Mall,2025-04-03,17,false,22,4,1267.9,0.1818,true
ST12,CITY5,High Street,2025-04-04,18,false,55,8,3141.15,0.1455,true
ST01,CITY0,Mall,2025-04-04,20,false,57,10,6677.42,0.1754,true
ST02,CITY1,High Street,2025-04-05,21,true,59,12,5727.78,0.2034,true
ST03,CITY2,Mall,2025-04-06,10,true,54,12,5595.17,0.2222,true
ST04,CITY3,High Street,2025-04-07,11,false,23,6,4040.73,0.2609,true
ST05,CITY4,Mall,2025-04-08,12,false,33,4,1935.93,0.1212,true
ST06,CITY5,High Street,2025-04-09,13,false,27,6,2944.68,0.2222,true
ST07,CITY0,Mall,2025-04-10,14,false,19,1,491.76,0.0526,true
ST08,CITY1,High Street,2025-04-11,15,false,16,2,381.91,0.125,true
ST09,CITY2,Mall,2025-04-01,16,false,21,1,346.21,0.0476,true
ST10,CITY3,High Street,2025-04-02,17,false,34,8,3133.93,0.2353,true
ST11,CITY4,Mall,2025-04-03,18,false,68,12,7782.82,0.1765,true
ST12,CITY5,High Street,2025-04-04,19,false,62,9,3648.87,0.1452,true
ST01,CITY0,Mall,2025-04-04,21,false,29,5,2129.89,0.1724,true
ST02,CITY1,High Street,2025-04-05,10,true,42,9,6901.5,0.2143,true
ST03,CITY2,Mall,2025-04-06,11,true,48,11,5611.51,0.2292,true
ST04,CITY3,High Street,2025-04-07,12,false,37,10,3684.27,0.2703,true
ST05,CITY4,Mall,2025-04-08,13,false,28,3,1903.03,0.1071,true
ST06,CITY5,High Street,2025-04-09,14,false,17,2,1739.86,0.1176,true
ST07,CITY0,Mall,2025-04-10,15,false,17,1,538.0,0.0588,true
ST08,CITY1,High Street,2025-04-11,16,false,20,2,1087.41,0.1,true
ST09,CITY2,Mall,2025-04-01,17,false,21,2,305.65,0.0952,true
ST10,CITY3,High Street,2025-04-02,18,false,59,14,8919.28,0.2373,true
ST11,CITY4,Mall,2025-04-03,19,false,65,12,5668.2,0.1846,true
ST12,CITY5,High Street,2025-04-04,20,false,66,10,6897.55,0.1515,true
ST01,CITY0,Mall,2025-04-05,10,true,37,6,2618.1,0.1622,true
ST02,CITY1,High Street,2025-04-06,11,true,56,12,8176.03,0.2143,true
ST03,CITY2,Mall,2025-04-07,12,false,30,8,5009.76,0.2667,true
ST04,CITY3,High Street,2025-04-08,13,false,24,7,4758.62,0.2917,true
ST05,CITY4,Mall,2025-04-09,14,false,14,1,717.66,0.0714,true
ST06,CITY5,High Street,2025-04-10,15,false,13,1,349.51,0.0769,true
ST07,CITY0,Mall,2025-04-11,16,false,21,2,1184.55,0.0952,true
ST08,CITY1,High Street,2025-04-01,17,false,30,8,4316.14,0.2667,true
ST09,CITY2,Mall,2025-04-02,18,false,52,5,2589.85,0.0962,true
ST10,CITY3,High Street,2025-04-03,19,false,48,12,6993.27,0.25,true
ST11,CITY4,Mall,2025-04-04,20,false,67,12,6386.86,0.1791,true
ST12,CITY5,High Street,2025-04-05,21,true,37,5,2835.16,0.1351,true
ST01,CITY0,Mall,2025-04-05,11,true,46,7,5013.08,0.1522,true
ST02,CITY1,High Street,2025-04-06,12,true,43,9,6153.55,0.2093,true
ST03,CITY2,Mall,2025-04-07,13,false,29,8,3454.1,0.2759,true
ST04,CITY3,High Street,2025-04-08,14,false,13,2,2230.57,0.1538,true
ST05,CITY4,Mall,2025-04-09,15,false,20,1,113.62,0.05,true
ST06,CITY5,High Street,2025-04-10,16,false,22,2,548.28,0.0909,true
ST07,CITY0,Mall,2025-04-11,17,false,32,6,3085.9,0.1875,true
ST08,CITY1,High Street,2025-04-01,18,false,48,12,4595.11,0.25,true
ST09,CITY2,Mall,2025-04-02,19,false,54,5,2261.25,0.0926,true
ST10,CITY3,High Street,2025-04-03,20,false,42,10,3928.0,0.2381,true
ST11,CITY4,Mall,2025-04-04,21,false,35,6,3561.6,0.1714,true
ST12,CITY5,High Street,2025-04-05,10,true,54,7,4725.01,0.1296,true
ST01,CITY0,Mall,2025-04-05,12,true,46,7,3382.58,0.1522,true
ST02,CITY1,High Street,2025-04-06,13,true,57,12,5656.5,0.2105,true
ST03,CITY2,Mall,2025-04-07,14,false,16,2,1172.43,0.125,true
ST04,CITY3,High Street,2025-04-08,15,false,15,2,4045.21,0.1333,true
ST05,CITY4,Mall,2025-04-09,16,false,20,1,66.78,0.05,true
ST06,CITY5,High Street,2025-04-10,17,false,38,8,4160.97,0.2105,true
ST07,CITY0,Mall,2025-04-11,18,false,50,9,7407.74,0.18,true
ST08,CITY1,High Street,2025-04-01,19,false,62,16,8307.08,0.2581,true
ST09,CITY2,Mall,2025-04-02,20,false,42,4,5671.01,0.0952,true
ST10,CITY3,High Street,2025-04-03,21,false,34,8,3626.72,0.2353,true
ST11,CITY4,Mall,2025-04-04,10,false,32,6,2857.22,0.1875,true
ST12,CITY5,High Street,2025-04-05,11,true,38,5,1171.12,0.1316,true
ST01,CITY0,Mall,2025-04-05,13,true,38,6,1985.49,0.1579,true
ST02,CITY1,High Street,2025-04-06,14,true,28,3,788.2,0.1071,true
ST03,CITY2,Mall,2025-04-07,15,false,22,3,2596.38,0.1364,true
ST04,CITY3,High Street,2025-04-08,16,false,21,3,1003.77,0.1429,true
ST05,CITY4,Mall,2025-04-09,17,false,38,4,1652.15,0.1053,true
ST06,CITY5,High Street,2025-04-10,18,false,40,8,3630.34,0.2,true
ST07,CITY0,Mall,2025-04-11,19,false,38,7,2922.83,0.1842,true
ST08,CITY1,High Street,2025-04-01,20,false,67,17,11517.1,0.2537,true
ST09,CITY2,Mall,2025-04-02,21,false,28,3,2187.87,0.1071,true
ST10,CITY3,High Street,2025-04-03,10,false,22,5,2909.28,0.2273,true
ST11,CITY4,Mall,2025-04-04,11,false,29,5,1915.47,0.1724,true
ST12,CITY5,High Street,2025-04-05,12,true,62,8,1886.88,0.129,true
ST01,CITY0,Mall,2025-04-05,14,true,24,2,1426.31,0.0833,true
ST02,CITY1,High Street,2025-04-06,15,true,23,2,1062.73,0.087,true
ST03,CITY2,Mall,2025-04-07,16,false,17,2,2251.58,0.1176,true
ST04,CITY3,High Street,2025-04-08,17,false,23,6,3198.68,0.2609,true
ST05,CITY4,Mall,2025-04-09,18,false,64,7,5591.88,0.1094,true
ST06,CITY5,High Street,2025-04-10,19,false,39,8,4799.67,0.2051,true
ST07,CITY0,Mall,2025-04-11,20,false,60,10,6285.13,0.1667,true
ST08,CITY1,High Street,2025-04-01,21,false,25,6,2478.29,0.24,true
ST09,CITY2,Mall,2025-04-02,10,false,25,2,1482.15,0.08,true
ST10,CITY3,High Street,2025-04-03,11,false,35,9,5490.31,0.2571,true
ST11,CITY4,Mall,2025-04-04,12,false,34,6,2838.7,0.1765,true
ST12,CITY5,High Street,2025-04-05,13,true,55,7,6510.38,0.1273,true
ST01,CITY0,Mall,2025-04-05,15,true,35,2,877.51,0.0571,true
ST02,CITY1,High Street,2025-04-06,16,true,36,3,2631.9,0.0833,true
ST03,CITY2,Mall,2025-04-07,17,false,39,11,4015.36,0.2821,true
ST04,CITY3,High Street,2025-04-08,18,false,66,18,10353.22,0.2727,true
ST05,CITY4,Mall,2025-04-09,19,false,50,6,1612.58,0.12,true
ST06,CITY5,High Street,2025-04-10,20,false,48,10,3930.15,0.2083,true
ST07,CITY0,Mall,2025-04-11,21,false,36,6,4183.66,0.1667,true
ST08,CITY1,High Street,2025-04-01,10,false,,6,2211.43,,false
ST09,CITY2,Mall,2025-04-02,11,false,31,3,1592.11,0.0968,true
ST10,CITY3,High Street,2025-04-03,12,false,27,7,3913.8,0.2593,true
ST11,CITY4,Mall,2025-04-04,13,false,26,5,3875.52,0.1923,true
ST12,CITY5,High Street,2025-04-05,14,true,32,2,1184.81,0.0625,true
ST01,CITY0,Mall,2025-04-05,16,true,,2,840.71,,false
ST02,CITY1,High Street,2025-04-06,17,true,50,11,4347.06,0.22,true
ST03,CITY2,Mall,2025-04-07,18,false,61,17,13670.72,0.2787,true
ST04,CITY3,High Street,2025-04-08,19,false,55,15,5498.41,0.2727,true
ST05,CITY4,Mall,2025-04-09,20,false,60,7,4545.48,0.1167,true
ST06,CITY5,High Street,2025-04-10,21,false,25,5,2255.28,0.2,true
ST07,CITY0,Mall,2025-04-11,10,false,37,6,3350.81,0.1622,true
ST08,CITY1,High Street,2025-04-01,11,false,,9,4406.13,,false
ST09,CITY2,Mall,2025-04-02,12,false,35,3,935.45,0.0857,true
ST10,CITY3,High Street,2025-04-03,13,false,36,9,4014.75,0.25,true
ST11,CITY4,Mall,2025-04-04,14,false,16,1,1399.85,0.0625,true
ST12,CITY5,High Street,2025-04-05,15,true,26,2,380.53,0.0769,true
ST01,CITY0,Mall,2025-04-05,17,true,,8,3383.13,,false
ST02,CITY1,High Street,2025-04-06,18,true,100,21,11182.81,0.21,true
ST03,CITY2,Mall,2025-04-07,19,false,55,15,7445.48,0.2727,true
ST04,CITY3,High Street,2025-04-08,20,false,60,17,7439.79,0.2833,true
ST05,CITY4,Mall,2025-04-09,21,false,32,4,1284.96,0.125,true
ST06,CITY5,High Street,2025-04-10,10,false,,5,3543.02,,false
ST07,CITY0,Mall,2025-04-11,11,false,25,4,1993.58,0.16,true
ST08,CITY1,High Street,2025-04-01,12,false,,6,2552.26,,false
ST09,CITY2,Mall,2025-04-02,13,false,38,3,1295.11,0.0789,true
ST10,CITY3,High Street,2025-04-03,14,false,23,3,1047.54,0.1304,true
ST11,CITY4,Mall,2025-04-04,15,false,20,2,1397.92,0.1,true
ST12,CITY5,High Street,2025-04-05,16,true,,2,617.08,,false
ST01,CITY0,Mall,2025-04-05,18,true,63,9,4724.09,0.1429,true
ST02,CITY1,High Street,2025-04-06,19,true,89,19,11249.59,0.2135,true
ST03,CITY2,Mall,2025-04-07,20,false,66,18,9282.04,0.2727,true
ST04,CITY3,High Street,2025-04-08,21,false,23,6,2111.77,0.2609,true
ST05,CITY4,Mall,2025-04-09,10,false,25,3,2579.61,0.12,true
ST06,CITY5,High Street,2025-04-10,11,false,,4,1564.44,,false
ST07,CITY0,Mall,2025-04-11,12,false,22,4,1669.48,0.1818,true
ST08,CITY1,High Street,2025-04-01,13,false,25,6,2933.08,0.24,true
ST09,CITY2,Mall,2025-04-02,14,false,21,1,996.89,0.0476,true
ST10,CITY3,High Street,2025-04-03,15,false,18,2,311.12,0.1111,true
ST11,CITY4,Mall,2025-04-04,16,false,21,2,1799.31,0.0952,true
ST12,CITY5,High Street,2025-04-05,17,true,,6,2950.66,,false
ST01,CITY0,Mall,2025-04-05,19,true,65,10,3527.92,0.1538,true
ST02,CITY1,High Street,2025-04-06,20,true,82,17,8130.0,0.2073,true
ST03,CITY2,Mall,2025-04-07,21,false,22,6,2827.66,0.2727,true
ST04,CITY3,High Street,2025-04-08,10,false,26,7,4714.78,0.2692,true
ST05,CITY4,Mall,2025-04-09,11,false,31,3,860.88,0.0968,true
ST06,CITY5,High Street,2025-04-10,12,false,31,6,3760.76,0.1935,true
ST07,CITY0,Mall,2025-04-11,13,false,30,5,1613.9,0.1667,true
ST08,CITY1,High Street,2025-04-01,14,false,19,2,709.15,0.1053,true
ST09,CITY2,Mall,2025-04-02,15,false,13,1,298.97,0.0769,true
ST10,CITY3,High Street,2025-04-03,16,false,19,2,1167.43,0.1053,true
ST11,CITY4,Mall,2025-04-04,17,false,24,4,3011.12,0.1667,true
ST12,CITY5,High Street,2025-04-05,18,true,95,12,5684.73,0.1263,true
ST01,CITY0,Mall,2025-04-05,20,true,79,12,7345.49,0.1519,true
ST02,CITY1,High Street,2025-04-06,21,true,57,12,5453.35,0.2105,true
ST03,CITY2,Mall,2025-04-07,10,false,38,10,3650.29,0.2632,true
ST04,CITY3,High Street,2025-04-08,11,false,23,6,2251.78,0.2609,true
ST05,CITY4,Mall,2025-04-09,12,false,22,2,1363.43,0.0909,true
ST06,CITY5,High Street,2025-04-10,13,false,34,7,4027.62,0.2059,true
ST07,CITY0,Mall,2025-04-11,14,false,22,2,629.69,0.0909,true
ST08,CITY1,High Street,2025-04-01,15,false,21,2,1064.3,0.0952,true
ST09,CITY2,Mall,2025-04-02,16,false,14,1,393.58,0.0714,true
ST10,CITY3,High Street,2025-04-03,17,false,35,9,3574.15,0.2571,true
ST11,CITY4,Mall,2025-04-04,18,false,54,10,4035.52,0.1852,true
ST12,CITY5,High Street,2025-04-05,19,true,92,12,4248.33,0.1304,true
ST01,CITY0,Mall,2025-04-05,21,true,41,6,4044.87,0.1463,true
ST02,CITY1,High Street,2025-04-06,10,true,45,10,7558.24,0.2222,true
ST03,CITY2,Mall,2025-04-07,11,false,38,10,8335.04,0.2632,true
ST04,CITY3,High Street,2025-04-08,12,false,21,6,2418.91,0.2857,true
ST05,CITY4,Mall,2025-04-09,13,false,29,3,2040.89,0.1034,true
ST06,CITY5,High Street,2025-04-10,14,false,17,2,743.03,0.1176,true
ST07,CITY0,Mall,2025-04-11,15,false,14,1,477.51,0.0714,true
ST08,CITY1,High Street,2025-04-01,16,false,13,1,383.43,0.0769,true
ST09,CITY2,Mall,2025-04-02,17,false,26,2,3938.23,0.0769,true
ST10,CITY3,High Street,2025-04-03,18,false,67,16,8061.61,0.2388,true
ST11,CITY4,Mall,2025-04-04,19,false,46,8,3093.96,0.1739,true
ST12,CITY5,High Street,2025-04-05,20,true,83,11,4669.31,0.1325,true
ST01,CITY0,Mall,2025-04-06,10,true,47,7,3087.29,0.1489,true
ST02,CITY1,High Street,2025-04-07,11,false,36,9,2985.96,0.25,true
ST03,CITY2,Mall,2025-04-08,12,false,32,9,3120.71,0.2813,true
ST04,CITY3,High Street,2025-04-09,13,false,28,8,4042.33,0.2857,true
ST05,CITY4,Mall,2025-04-10,14,false,16,1,414.48,0.0625,true
ST06,CITY5,High Street,2025-04-11,15,false,16,1,581.29,0.0625,true
ST07,CITY0,Mall,2025-04-01,16,false,23,2,1411.13,0.087,true
ST08,CITY1,High Street,2025-04-02,17,false,30,8,5850.33,0.2667,true
ST09,CITY2,Mall,2025-04-03,18,false,50,5,3348.72,0.1,true
ST10,CITY3,High Street,2025-04-04,19,false,69,17,8276.95,0.2464,true
ST11,CITY4,Mall,2025-04-05,20,true,106,16,7271.46,0.1509,true
ST12,CITY5,High Street,2025-04-06,21,true,46,6,3343.76,0.1304,true
ST01,CITY0,Mall,2025-04-06,11,true,39,6,3338.31,0.1538,true
ST02,CITY1,High Street,2025-04-07,12,false,30,7,4020.09,0.2333,true
ST03,CITY2,Mall,2025-04-08,13,false,26,7,3834.4,0.2692,true
ST04,CITY3,High Street,2025-04-09,14,false,20,2,1425.66,0.1,true
ST05,CITY4,Mall,2025-04-10,15,false,19,1,469.02,0.0526,true
ST06,CITY5,High Street,2025-04-11,16,false,18,2,1687.32,0.1111,true
ST07,CITY0,Mall,2025-04-01,17,false,31,5,2806.04,0.1613,true
ST08,CITY1,High Street,2025-04-02,18,false,49,12,3817.66,0.2449,true
ST09,CITY2,Mall,2025-04-03,19,false,65,6,1710.57,0.0923,true
ST10,CITY3,High Street,2025-04-04,20,false,47,11,4921.62,0.234,true
ST11,CITY4,Mall,2025-04-05,21,true,34,5,1609.17,0.1471,true
ST12,CITY5,High Street,2025-04-06,10,true,42,5,2184.01,0.119,true
ST01,CITY0,Mall,2025-04-06,12,true,51,8,3755.13,0.1569,true
ST02,CITY1,High Street,2025-04-07,13,false,35,9,4384.76,0.2571,true
ST03,CITY2,Mall,2025-04-08,14,false,19,2,1386.8,0.1053,true
ST04,CITY3,High Street,2025-04-09,15,false,22,3,2060.76,0.1364,true
ST05,CITY4,Mall,2025-04-10,16,false,16,1,601.39,0.0625,true
ST06,CITY5,High Street,2025-04-11,17,false,39,8,4201.2,0.2051,true
ST07,CITY0,Mall,2025-04-01,18,false,63,11,5179.01,0.1746,true
ST08,CITY1,High Street,2025-04-02,19,false,40,10,2957.52,0.25,true
ST09,CITY2,Mall,2025-04-03,20,false,46,4,2141.14,0.087,true
ST10,CITY3,High Street,2025-04-04,21,false,27,7,2907.96,0.2593,true
ST11,CITY4,Mall,2025-04-05,10,true,53,8,3853.58,0.1509,true
ST12,CITY5,High Street,2025-04-06,11,true,51,7,5801.34,0.1373,true
ST01,CITY0,Mall,2025-04-06,13,true,52,8,6213.46,0.1538,true
ST02,CITY1,High Street,2025-04-07,14,false,19,2,2123.91,0.1053,true
ST03,CITY2,Mall,2025-04-08,15,false,16,2,1376.85,0.125,true
ST04,CITY3,High Street,2025-04-09,16,false,20,2,955.66,0.1,true
ST05,CITY4,Mall,2025-04-10,17,false,25,3,894.41,0.12,true
ST06,CITY5,High Street,2025-04-11,18,false,45,9,4286.66,0.2,true
ST07,CITY0,Mall,2025-04-01,19,false,55,10,4136.17,0.1818,true
ST08,CITY1,High Street,2025-04-02,20,false,54,14,5404.04,0.2593,true
ST09,CITY2,Mall,2025-04-03,21,false,31,3,609.27,0.0968,true
ST10,CITY3,High Street,2025-04-04,10,false,26,6,1960.87,0.2308,true
ST11,CITY4,Mall,2025-04-05,11,true,54,8,2603.09,0.1481,true
ST12,CITY5,High Street,2025-04-06,12,true,62,8,5067.26,0.129,true
ST01,CITY0,Mall,2025-04-06,14,true,22,1,327.9,0.0455,true
ST02,CITY1,High Street,2025-04-07,15,false,19,2,1095.64,0.1053,true
ST03,CITY2,Mall,2025-04-08,16,false,16,2,1229.11,0.125,true
ST04,CITY3,High Street,2025-04-09,17,false,29,8,3149.01,0.2759,true
ST05,CITY4,Mall,2025-04-10,18,false,54,6,3221.2,0.1111,true
ST06,CITY5,High Street,2025-04-11,19,false,54,11,5262.85,0.2037,true
ST07,CITY0,Mall,2025-04-01,20,false,64,11,4902.45,0.1719,true
ST08,CITY1,High Street,2025-04-02,21,false,35,9,4572.64,0.2571,true
ST09,CITY2,Mall,2025-04-03,10,false,38,3,2090.9,0.0789,true
ST10,CITY3,High Street,2025-04-04,11,false,23,6,2304.9,0.2609,true
ST11,CITY4,Mall,2025-04-05,12,true,50,8,4117.37,0.16,true
ST12,CITY5,High Street,2025-04-06,13,true,48,6,2941.17,0.125,true
ST01,CITY0,Mall,2025-04-06,15,true,37,3,2739.43,0.0811,true
ST02,CITY1,High Street,2025-04-07,16,false,20,2,1088.29,0.1,true
ST03,CITY2,Mall,2025-04-08,17,false,38,10,4128.64,0.2632,true
ST04,CITY3,High Street,2025-04-09,18,false,47,13,7389.08,0.2766,true
ST05,CITY4,Mall,2025-04-10,19,false,43,5,2625.05,0.1163,true
ST06,CITY5,High Street,2025-04-11,20,false,62,13,6161.16,0.2097,true
ST07,CITY0,Mall,2025-04-01,21,false,37,6,4534.19,0.1622,true
ST08,CITY1,High Street,2025-04-02,10,false,23,6,2411.12,0.2609,true
ST09,CITY2,Mall,2025-04-03,11,false,23,2,1239.14,0.087,true
ST10,CITY3,High Street,2025-04-04,12,false,30,7,3014.0,0.2333,true
ST11,CITY4,Mall,2025-04-05,13,true,45,7,4446.16,0.1556,true
ST12,CITY5,High Street,2025-04-06,14,true,20,1,377.2,0.05,true
ST01,CITY0,Mall,2025-04-06,16,true,20,1,522.75,0.05,true
ST02,CITY1,High Street,2025-04-07,17,false,21,5,1537.92,0.2381,true
ST03,CITY2,Mall,2025-04-08,18,false,63,17,10245.93,0.2698,true
ST04,CITY3,High Street,2025-04-09,19,false,63,17,8833.23,0.2698,true
ST05,CITY4,Mall,2025-04-10,20,false,56,6,4723.53,0.1071,true
ST06,CITY5,High Street,2025-04-11,21,false,22,5,4543.8,0.2273,true
ST07,CITY0,Mall,2025-04-01,10,false,,4,2140.83,,false
ST08,CITY1,High Street,2025-04-02,11,false,35,9,4115.78,0.2571,true
ST09,CITY2,Mall,2025-04-03,12,false,28,3,827.51,0.1071,true
ST10,CITY3,High Street,2025-04-04,13,false,35,9,3688.22,0.2571,true
ST11,CITY4,Mall,2025-04-05,14,true,21,1,463.19,0.0476,true
ST12,CITY5,High Street,2025-04-06,15,true,37,2,756.37,0.0541,true
ST01,CITY0,Mall,2025-04-06,17,true,40,6,2211.35,0.15,true
ST02,CITY1,High Street,2025-04-07,18,false,38,9,4259.87,0.2368,true
ST03,CITY2,Mall,2025-04-08,19,false,70,19,10443.99,0.2714,true
ST04,CITY3,High Street,2025-04-09,20,false,51,14,5637.48,0.2745,true
ST05,CITY4,Mall,2025-04-10,21,false,30,3,1349.94,0.1,true
ST06,CITY5,High Street,2025-04-11,10,false,22,5,2396.16,0.2273,true
ST07,CITY0,Mall,2025-04-01,11,false,,6,4231.0,,false
ST08,CITY1,High Street,2025-04-02,12,false,22,6,3489.93,0.2727,true
ST09,CITY2,Mall,2025-04-03,13,false,21,2,776.91,0.0952,true
ST10,CITY3,High Street,2025-04-04,14,false,14,2,1106.61,0.1429,true
ST11,CITY4,Mall,2025-04-05,15,true,29,2,997.87,0.069,true
ST12,CITY5,High Street,2025-04-06,16,true,24,1,462.68,0.0417,true
ST01,CITY0,Mall,2025-04-06,18,true,97,15,11206.66,0.1546,true
ST02,CITY1,High Street,2025-04-07,19,false,69,17,10101.89,0.2464,true
ST03,CITY2,Mall,2025-04-08,20,false,62,17,8383.23,0.2742,true
ST04,CITY3,High Street,2025-04-09,21,false,38,10,4547.42,0.2632,true
ST05,CITY4,Mall,2025-04-10,10,false,,4,1292.54,,false
ST06,CITY5,High Street,2025-04-11,11,false,38,8,3826.06,0.2105,true
ST07,CITY0,Mall,2025-04-01,12,false,,6,2209.63,,false
ST08,CITY1,High Street,2025-04-02,13,false,25,6,1597.28,0.24,true
ST09,CITY2,Mall,2025-04-03,14,false,18,1,218.3,0.0556,true
ST10,CITY3,High Street,2025-04-04,15,false,17,2,1142.91,0.1176,true
ST11,CITY4,Mall,2025-04-05,16,true,,2,1064.93,,false
ST12,CITY5,High Street,2025-04-06,17,true,42,5,2340.04,0.119,true
ST01,CITY0,Mall,2025-04-06,19,true,66,10,4443.34,0.1515,true
ST02,CITY1,High Street,2025-04-07,20,false,54,13,6507.34,0.2407,true
ST03,CITY2,Mall,2025-04-08,21,false,32,9,4003.16,0.2813,true
ST04,CITY3,High Street,2025-04-09,10,false,33,9,5133.27,0.2727,true
ST05,CITY4,Mall,2025-04-10,11,false,,3,1603.93,,false
ST06,CITY5,High Street,2025-04-11,12,false,21,4,2315.8,0.1905,true
ST07,CITY0,Mall,2025-04-01,13,false,28,5,3768.55,0.1786,true
ST08,CITY1,High Street,2025-04-02,14,false,13,1,303.01,0.0769,true
ST09,CITY2,Mall,2025-04-03,15,false,15,1,1426.94,0.0667,true
ST10,CITY3,High Street,2025-04-04,16,false,16,2,841.44,0.125,true
ST11,CITY4,Mall,2025-04-05,17,true,,5,2850.61,,false
ST12,CITY5,High Street,2025-04-06,18,true,85,11,6107.78,0.1294,true
ST01,CITY0,Mall,2025-04-06,20,true,96,14,6235.86,0.1458,true
ST02,CITY1,High Street,2025-04-07,21,false,30,7,5068.09,0.2333,true
ST03,CITY2,Mall,2025-04-08,10,false,28,8,5044.11,0.2857,true
ST04,CITY3,High Street,2025-04-09,11,false,35,10,4972.84,0.2857,true
ST05,CITY4,Mall,2025-04-10,12,false,25,3,1259.91,0.12,true
ST06,CITY5,High Street,2025-04-11,13,false,36,7,5457.16,0.1944,true
ST07,CITY0,Mall,2025-04-01,14,false,22,2,1387.73,0.0909,true
ST08,CITY1,High Street,2025-04-02,15,false,19,2,659.02,0.1053,true
ST09,CITY2,Mall,2025-04-03,16,false,21,1,336.97,0.0476,true
ST10,CITY3,High Street,2025-04-04,17,false,33,8,4753.03,0.2424,true
ST11,CITY4,Mall,2025-04-05,18,true,91,14,5773.46,0.1538,true
ST12,CITY5,High Street,2025-04-06,19,true,82,11,3198.42,0.1341,true
ST01,CITY0,Mall,2025-04-06,21,true,45,7,2985.87,0.1556,true
ST02,CITY1,High Street,2025-04-07,10,false,34,8,4215.49,0.2353,true
ST03,CITY2,Mall,2025-04-08,11,false,36,10,5113.55,0.2778,true
ST04,CITY3,High Street,2025-04-09,12,false,29,8,3456.31,0.2759,true
ST05,CITY4,Mall,2025-04-10,13,false,34,4,2262.78,0.1176,true
ST06,CITY5,High Street,2025-04-11,14,false,15,1,183.59,0.0667,true
ST07,CITY0,Mall,2025-04-01,15,false,18,1,2102.02,0.0556,true
ST08,CITY1,High Street,2025-04-02,16,false,19,2,537.55,0.1053,true
ST09,CITY2,Mall,2025-04-03,17,false,33,3,642.47,0.0909,true
ST10,CITY3,High Street,2025-04-04,18,false,38,9,3812.97,0.2368,true
ST11,CITY4,Mall,2025-04-05,19,true,101,15,6692.28,0.1485,true
ST12,CITY5,High Street,2025-04-06,20,true,73,9,4813.14,0.1233,true
ST01,CITY0,Mall,2025-04-07,10,false,38,7,4493.61,0.1842,true
ST02,CITY1,High Street,2025-04-08,11,false,37,9,3853.54,0.2432,true
ST03,CITY2,Mall,2025-04-09,12,false,30,8,3969.06,0.2667,true
ST04,CITY3,High Street,2025-04-10,13,false,30,8,5230.18,0.2667,true
ST05,CITY4,Mall,2025-04-11,14,false,19,1,732.4,0.0526,true
ST06,CITY5,High Street,2025-04-01,15,false,22,2,1559.82,0.0909,true
ST07,CITY0,Mall,2025-04-02,16,false,18,1,1222.93,0.0556,true
ST08,CITY1,High Street,2025-04-03,17,false,33,8,2791.13,0.2424,true
ST09,CITY2,Mall,2025-04-04,18,false,45,4,1786.25,0.0889,true
ST10,CITY3,High Street,2025-04-05,19,true,91,19,13934.23,0.2088,true
ST11,CITY4,Mall,2025-04-06,20,true,92,14,6984.78,0.1522,true
ST12,CITY5,High Street,2025-04-07,21,false,31,5,1464.86,0.1613,true
ST01,CITY0,Mall,2025-04-07,11,false,31,5,2797.99,0.1613,true
ST02,CITY1,High Street,2025-04-08,12,false,25,6,4909.11,0.24,true
ST03,CITY2,Mall,2025-04-09,13,false,36,10,4836.21,0.2778,true
ST04,CITY3,High Street,2025-04-10,14,false,14,2,774.64,0.1429,true
ST05,CITY4,Mall,2025-04-11,15,false,16,1,450.71,0.0625,true
ST06,CITY5,High Street,2025-04-01,16,false,14,1,594.57,0.0714,true
ST07,CITY0,Mall,2025-04-02,17,false,21,4,3196.21,0.1905,true
ST08,CITY1,High Street,2025-04-03,18,false,43,11,5509.4,0.2558,true
ST09,CITY2,Mall,2025-04-04,19,false,45,4,920.3,0.0889,true
ST10,CITY3,High Street,2025-04-05,20,true,72,15,9393.58,0.2083,true
ST11,CITY4,Mall,2025-04-06,21,true,56,8,4310.77,0.1429,true
ST12,CITY5,High Street,2025-04-07,10,false,27,4,1407.86,0.1481,true
ST01,CITY0,Mall,2025-04-07,12,false,29,5,3055.36,0.1724,true
ST02,CITY1,High Street,2025-04-08,13,false,38,9,5907.96,0.2368,true
ST03,CITY2,Mall,2025-04-09,14,false,19,2,598.34,0.1053,true
ST04,CITY3,High Street,2025-04-10,15,false,22,3,701.38,0.1364,true
ST05,CITY4,Mall,2025-04-11,16,false,23,1,237.43,0.0435,true
ST06,CITY5,High Street,2025-04-01,17,false,35,7,2186.48,0.2,true
ST07,CITY0,Mall,2025-04-02,18,false,66,11,4864.88,0.1667,true
ST08,CITY1,High Street,2025-04-03,19,false,66,17,9491.32,0.2576,true
ST09,CITY2,Mall,2025-04-04,20,false,41,4,2385.89,0.0976,true
ST10,CITY3,High Street,2025-04-05,21,true,60,12,7033.53,0.2,true
ST11,CITY4,Mall,2025-04-06,10,true,42,6,4111.67,0.1429,true
ST12,CITY5,High Street,2025-04-07,11,false,26,4,3511.11,0.1538,true
ST01,CITY0,Mall,2025-04-07,13,false,37,7,3043.65,0.1892,true
ST02,CITY1,High Street,2025-04-08,14,false,21,2,691.77,0.0952,true
ST03,CITY2,Mall,2025-04-09,15,false,21,3,1404.12,0.1429,true
ST04,CITY3,High Street,2025-04-10,16,false,16,2,455.75,0.125,true
ST05,CITY4,Mall,2025-04-11,17,false,21,2,1232.84,0.0952,true
ST06,CITY5,High Street,2025-04-01,18,false,51,11,3692.95,0.2157,true
ST07,CITY0,Mall,2025-04-02,19,false,40,7,2744.69,0.175,true
ST08,CITY1,High Street,2025-04-03,20,false,49,12,5717.35,0.2449,true
ST09,CITY2,Mall,2025-04-04,21,false,38,3,1496.3,0.0789,true
ST10,CITY3,High Street,2025-04-05,10,true,57,12,8187.19,0.2105,true
ST11,CITY4,Mall,2025-04-06,11,true,34,5,1635.73,0.1471,true
ST12,CITY5,High Street,2025-04-07,12,false,27,4,1711.5,0.1481,true
ST01,CITY0,Mall,2025-04-07,14,false,16,1,338.02,0.0625,true
ST02,CITY1,High Street,2025-04-08,15,false,13,1,331.61,0.0769,true
ST03,CITY2,Mall,2025-04-09,16,false,19,2,600.33,0.1053,true
ST04,CITY3,High Street,2025-04-10,17,false,27,7,3624.57,0.2593,true
ST05,CITY4,Mall,2025-04-11,18,false,68,8,5254.25,0.1176,true
ST06,CITY5,High Street,2025-04-01,19,false,44,9,3920.14,0.2045,true
ST07,CITY0,Mall,2025-04-02,20,false,62,11,6198.41,0.1774,true
ST08,CITY1,High Street,2025-04-03,21,false,31,8,3552.02,0.2581,true
ST09,CITY2,Mall,2025-04-04,10,false,38,3,798.11,0.0789,true
ST10,CITY3,High Street,2025-04-05,11,true,53,11,3475.97,0.2075,true
ST11,CITY4,Mall,2025-04-06,12,true,53,8,7066.23,0.1509,true
ST12,CITY5,High Street,2025-04-07,13,false,35,5,3984.4,0.1429,true
ST01,CITY0,Mall,2025-04-07,15,false,20,2,1046.26,0.1,true
ST02,CITY1,High Street,2025-04-08,16,false,14,2,1804.76,0.1429,true
ST03,CITY2,Mall,2025-04-09,17,false,31,8,3950.61,0.2581,true
ST04,CITY3,High Street,2025-04-10,18,false,62,17,9767.19,0.2742,true
ST05,CITY4,Mall,2025-04-11,19,false,58,6,3390.28,0.1034,true
ST06,CITY5,High Street,2025-04-01,20,false,40,8,5110.8,0.2,true
ST07,CITY0,Mall,2025-04-02,21,false,29,5,2721.12,0.1724,true
ST08,CITY1,High Street,2025-04-03,10,false,23,6,3369.71,0.2609,true
ST09,CITY2,Mall,2025-04-04,11,false,37,3,1495.53,0.0811,true
ST10,CITY3,High Street,2025-04-05,12,true,47,10,4853.76,0.2128,true
ST11,CITY4,Mall,2025-04-06,13,true,41,6,2094.74,0.1463,true
ST12,CITY5,High Street,2025-04-07,14,false,16,1,1378.09,0.0625,true
ST01,CITY0,Mall,2025-04-07,16,false,22,2,938.94,0.0909,true
ST02,CITY1,High Street,2025-04-08,17,false,36,9,3885.6,0.25,true
ST03,CITY2,Mall,2025-04-09,18,false,48,13,7677.71,0.2708,true
ST04,CITY3,High Street,2025-04-10,19,false,67,18,10749.79,0.2687,true
ST05,CITY4,Mall,2025-04-11,20,false,70,8,4386.79,0.1143,true
ST06,CITY5,High Street,2025-04-01,21,false,35,7,3671.96,0.2,true
ST07,CITY0,Mall,2025-04-02,10,false,32,6,2266.7,0.1875,true
ST08,CITY1,High Street,2025-04-03,11,false,33,8,2849.04,0.2424,true
ST09,CITY2,Mall,2025-04-04,12,false,25,2,1685.26,0.08,true
ST10,CITY3,High Street,2025-04-05,13,true,47,10,6086.87,0.2128,true
ST11,CITY4,Mall,2025-04-06,14,true,32,2,1031.19,0.0625,true
ST12,CITY5,High Street,2025-04-07,15,false,18,1,363.77,0.0556,true
ST01,CITY0,Mall,2025-04-07,17,false,26,5,1802.23,0.1923,true
ST02,CITY1,High Street,2025-04-08,18,false,48,12,6065.92,0.25,true
ST03,CITY2,Mall,2025-04-09,19,false,46,12,6604.03,0.2609,true
ST04,CITY3,High Street,2025-04-10,20,false,44,12,5714.78,0.2727,true
ST05,CITY4,Mall,2025-04-11,21,false,26,3,1015.56,0.1154,true
ST06,CITY5,High Street,2025-04-01,10,false,,8,4126.43,,false
ST07,CITY0,Mall,2025-04-02,11,false,27,5,3175.83,0.1852,true
ST08,CITY1,High Street,2025-04-03,12,false,37,9,6133.6,0.2432,true
ST09,CITY2,Mall,2025-04-04,13,false,35,3,1114.98,0.0857,true
ST10,CITY3,High Street,2025-04-05,14,true,31,3,524.66,0.0968,true
ST11,CITY4,Mall,2025-04-06,15,true,37,3,1671.79,0.0811,true
ST12,CITY5,High Street,2025-04-07,16,false,16,1,730.9,0.0625,true
ST01,CITY0,Mall,2025-04-07,18,false,58,10,4365.46,0.1724,true
ST02,CITY1,High Street,2025-04-08,19,false,38,9,6843.15,0.2368,true
ST03,CITY2,Mall,2025-04-09,20,false,50,14,7295.97,0.28,true
ST04,CITY3,High Street,2025-04-10,21,false,31,9,4652.16,0.2903,true
ST05,CITY4,Mall,2025-04-11,10,false,33,4,2713.73,0.1212,true
ST06,CITY5,High Street,2025-04-01,11,false,,7,3257.42,,false
ST07,CITY0,Mall,2025-04-02,12,false,35,6,1846.58,0.1714,true
ST08,CITY1,High Street,2025-04-03,13,false,35,9,5040.97,0.2571,true
ST09,CITY2,Mall,2025-04-04,14,false,13,1,2519.3,0.0769,true
ST10,CITY3,High Street,2025-04-05,15,true,26,2,859.39,0.0769,true
ST11,CITY4,Mall,2025-04-06,16,true,33,2,1276.14,0.0606,true
ST12,CITY5,High Street,2025-04-07,17,false,31,5,2062.69,0.1613,true
ST01,CITY0,Mall,2025-04-07,19,false,56,10,5258.21,0.1786,true
ST02,CITY1,High Street,2025-04-08,20,false,66,16,10116.11,0.2424,true
ST03,CITY2,Mall,2025-04-09,21,false,24,7,4847.78,0.2917,true
ST04,CITY3,High Street,2025-04-10,10,false,,10,6389.45,,false
ST05,CITY4,Mall,2025-04-11,11,false,34,4,1358.13,0.1176,true
ST06,CITY5,High Street,2025-04-01,12,false,,5,2058.6,,false
ST07,CITY0,Mall,2025-04-02,13,false,38,7,2666.17,0.1842,true
ST08,CITY1,High Street,2025-04-03,14,false,13,1,227.52,0.0769,true
ST09,CITY2,Mall,2025-04-04,15,false,17,1,1623.83,0.0588,true
ST10,CITY3,High Street,2025-04-05,16,true,,3,1788.4,,false
ST11,CITY4,Mall,2025-04-06,17,true,39,6,2805.41,0.1538,true
ST12,CITY5,High Street,2025-04-07,18,false,48,7,5113.61,0.1458,true
ST01,CITY0,Mall,2025-04-07,20,false,49,9,5963.74,0.1837,true
ST02,CITY1,High Street,2025-04-08,21,false,37,9,3745.81,0.2432,true
ST03,CITY2,Mall,2025-04-09,10,false,30,8,3112.39,0.2667,true
ST04,CITY3,High Street,2025-04-10,11,false,,9,6927.0,,false
ST05,CITY4,Mall,2025-04-11,12,false,30,3,2125.31,0.1,true
ST06,CITY5,High Street,2025-04-01,13,false,23,5,2780.4,0.2174,true
ST07,CITY0,Mall,2025-04-02,14,false,17,1,245.24,0.0588,true
ST08,CITY1,High Street,2025-04-03,15,false,18,2,869.16,0.1111,true
ST09,CITY2,Mall,2025-04-04,16,false,23,1,565.77,0.0435,true
ST10,CITY3,High Street,2025-04-05,17,true,,11,4759.68,,false
ST11,CITY4,Mall,2025-04-06,18,true,67,10,6713.92,0.1493,true
ST12,CITY5,High Street,2025-04-07,19,false,60,9,2983.6,0.15,true
ST01,CITY0,Mall,2025-04-07,21,false,25,4,1929.88,0.16,true
ST02,CITY1,High Street,2025-04-08,10,false,24,6,2218.34,0.25,true
ST03,CITY2,Mall,2025-04-09,11,false,27,7,3164.28,0.2593,true
ST04,CITY3,High Street,2025-04-10,12,false,35,10,4417.98,0.2857,true
ST05,CITY4,Mall,2025-04-11,13,false,34,4,2092.42,0.1176,true
ST06,CITY5,High Street,2025-04-01,14,false,20,2,549.98,0.1,true
ST07,CITY0,Mall,2025-04-02,15,false,23,2,793.11,0.087,true
ST08,CITY1,High Street,2025-04-03,16,false,15,2,417.99,0.1333,true
ST09,CITY2,Mall,2025-04-04,17,false,22,2,659.31,0.0909,true
ST10,CITY3,High Street,2025-04-05,18,true,90,19,15604.08,0.2111,true
ST11,CITY4,Mall,2025-04-06,19,true,97,15,5621.57,0.1546,true
ST12,CITY5,High Street,2025-04-07,20,false,38,6,3175.02,0.1579,true
ST01,CITY0,Mall,2025-04-08,10,false,33,6,2803.91,0.1818,true
ST02,CITY1,High Street,2025-04-09,11,false,27,7,2992.6,0.2593,true
ST03,CITY2,Mall,2025-04-10,12,false,33,9,5905.64,0.2727,true
ST04,CITY3,High Street,2025-04-11,13,false,29,8,3655.95,0.2759,true
ST05,CITY4,Mall,2025-04-01,14,false,14,1,490.5,0.0714,true
ST06,CITY5,High Street,2025-04-02,15,false,16,1,628.55,0.0625,true
ST07,CITY0,Mall,2025-04-03,16,false,22,2,987.61,0.0909,true
ST08,CITY1,High Street,2025-04-04,17,false,28,7,3182.01,0.25,true
ST09,CITY2,Mall,2025-04-05,18,true,99,8,3357.09,0.0808,true
ST10,CITY3,High Street,2025-04-06,19,true,67,14,5360.48,0.209,true
ST11,CITY4,Mall,2025-04-07,20,false,40,7,2282.9,0.175,true
ST12,CITY5,High Street,2025-04-08,21,false,35,5,2331.46,0.1429,true
ST01,CITY0,Mall,2025-04-08,11,false,31,5,2756.85,0.1613,true
ST02,CITY1,High Street,2025-04-09,12,false,22,5,2999.96,0.2273,true
ST03,CITY2,Mall,2025-04-10,13,false,24,7,2277.55,0.2917,true
ST04,CITY3,High Street,2025-04-11,14,false,15,2,970.6,0.1333,true
ST05,CITY4,Mall,2025-04-01,15,false,17,1,410.04,0.0588,true
ST06,CITY5,High Street,2025-04-02,16,false,23,2,1129.09,0.087,true
ST07,CITY0,Mall,2025-04-03,17,false,25,4,1661.2,0.16,true
ST08,CITY1,High Street,2025-04-04,18,false,47,12,4581.45,0.2553,true
ST09,CITY2,Mall,2025-04-05,19,true,81,6,2671.42,0.0741,true
ST10,CITY3,High Street,2025-04-06,20,true,66,14,9346.99,0.2121,true
ST11,CITY4,Mall,2025-04-07,21,false,32,6,2580.53,0.1875,true
ST12,CITY5,High Street,2025-04-08,10,false,26,4,1328.8,0.1538,true
ST01,CITY0,Mall,2025-04-08,12,false,36,6,3829.01,0.1667,true
ST02,CITY1,High Street,2025-04-09,13,false,31,8,2337.85,0.2581,true
ST03,CITY2,Mall,2025-04-10,14,false,23,3,550.35,0.1304,true
ST04,CITY3,High Street,2025-04-11,15,false,23,3,1359.61,0.1304,true
ST05,CITY4,Mall,2025-04-01,16,false,18,1,950.33,0.0556,true
ST06,CITY5,High Street,2025-04-02,17,false,34,7,2062.8,0.2059,true
ST07,CITY0,Mall,2025-04-03,18,false,40,7,3887.81,0.175,true
ST08,CITY1,High Street,2025-04-04,19,false,38,10,4652.53,0.2632,true
ST09,CITY2,Mall,2025-04-05,20,true,100,8,3634.92,0.08,true
ST10,CITY3,High Street,2025-04-06,21,true,56,12,5276.35,0.2143,true
ST11,CITY4,Mall,2025-04-07,10,false,30,5,2162.46,0.1667,true
ST12,CITY5,High Street,2025-04-08,11,false,38,6,2919.72,0.1579,true
ST01,CITY0,Mall,2025-04-08,13,false,35,6,4331.71,0.1714,true
ST02,CITY1,High Street,2025-04-09,14,false,18,2,1214.54,0.1111,true
ST03,CITY2,Mall,2025-04-10,15,false,14,2,2659.77,0.1429,true
ST04,CITY3,High Street,2025-04-11,16,false,19,2,271.31,0.1053,true
ST05,CITY4,Mall,2025-04-01,17,false,33,4,2141.91,0.1212,true
ST06,CITY5,High Street,2025-04-02,18,false,53,11,5876.75,0.2075,true
ST07,CITY0,Mall,2025-04-03,19,false,39,7,3055.58,0.1795,true
ST08,CITY1,High Street,2025-04-04,20,false,44,11,4590.54,0.25,true
ST09,CITY2,Mall,2025-04-05,21,true,50,4,2139.17,0.08,true
ST10,CITY3,High Street,2025-04-06,10,true,38,8,4238.12,0.2105,true
ST11,CITY4,Mall,2025-04-07,11,false,31,5,2887.22,0.1613,true
ST12,CITY5,High Street,2025-04-08,12,false,24,4,1630.32,0.1667,true
ST01,CITY0,Mall,2025-04-08,14,false,14,1,236.2,0.0714,true
ST02,CITY1,High Street,2025-04-09,15,false,14,2,625.49,0.1429,true
ST03,CITY2,Mall,2025-04-10,16,false,18,2,1030.49,0.1111,true
ST04,CITY3,High Street,2025-04-11,17,false,26,7,3041.41,0.2692,true
ST05,CITY4,Mall,2025-04-01,18,false,53,6,2241.4,0.1132,true
ST06,CITY5,High Street,2025-04-02,19,false,45,9,5043.9,0.2,true
ST07,CITY0,Mall,2025-04-03,20,false,53,9,3585.5,0.1698,true
ST08,CITY1,High Street,2025-04-04,21,false,22,6,2218.81,0.2727,true
ST09,CITY2,Mall,2025-04-05,10,true,40,3,4191.88,0.075,true
ST10,CITY3,High Street,2025-04-06,11,true,47,10,6574.93,0.2128,true
ST11,CITY4,Mall,2025-04-07,12,false,22,4,863.01,0.1818,true
ST12,CITY5,High Street,2025-04-08,13,false,35,5,2238.13,0.1429,true
ST01,CITY0,Mall,2025-04-08,15,false,19,2,1001.09,0.1053,true
ST02,CITY1,High Street,2025-04-09,16,false,19,2,913.3,0.1053,true
ST03,CITY2,Mall,2025-04-10,17,false,30,8,6034.76,0.2667,true
ST04,CITY3,High Street,2025-04-11,18,false,64,18,8169.87,0.2813,true
ST05,CITY4,Mall,2025-04-01,19,false,48,5,1930.24,0.1042,true
ST06,CITY5,High Street,2025-04-02,20,false,40,8,5001.89,0.2,true
ST07,CITY0,Mall,2025-04-03,21,false,30,5,2533.94,0.1667,true
ST08,CITY1,High Street,2025-04-04,10,false,27,7,5246.17,0.2593,true
ST09,CITY2,Mall,2025-04-05,11,true,47,4,1509.95,0.0851,true
ST10,CITY3,High Street,2025-04-06,12,true,46,10,5735.48,0.2174,true
ST11,CITY4,Mall,2025-04-07,13,false,34,6,3001.58,0.1765,true
ST12,CITY5,High Street,2025-04-08,14,false,17,1,1136.86,0.0588,true
ST01,CITY0,Mall,2025-04-08,16,false,15,1,620.18,0.0667,true
ST02,CITY1,High Street,2025-04-09,17,false,32,8,4252.13,0.25,true
ST03,CITY2,Mall,2025-04-10,18,false,64,17,6219.01,0.2656,true
ST04,CITY3,High Street,2025-04-11,19,false,55,15,10180.43,0.2727,true
ST05,CITY4,Mall,2025-04-01,20,false,50,6,3007.6,0.12,true
ST06,CITY5,High Street,2025-04-02,21,false,23,5,1944.35,0.2174,true
ST07,CITY0,Mall,2025-04-03,10,false,30,5,1859.39,0.1667,true
ST08,CITY1,High Street,2025-04-04,11,false,36,9,2869.69,0.25,true
ST09,CITY2,Mall,2025-04-05,12,true,37,3,1886.59,0.0811,true
ST10,CITY3,High Street,2025-04-06,13,true,54,11,5712.0,0.2037,true
ST11,CITY4,Mall,2025-04-07,14,false,21,2,417.86,0.0952,true
ST12,CITY5,High Street,2025-04-08,15,false,17,1,299.5,0.0588,true
ST01,CITY0,Mall,2025-04-08,17,false,27,5,2379.37,0.1852,true
ST02,CITY1,High Street,2025-04-09,18,false,57,14,5135.16,0.2456,true
ST03,CITY2,Mall,2025-04-10,19,false,40,11,4906.72,0.275,true
ST04,CITY3,High Street,2025-04-11,20,false,61,17,11012.97,0.2787,true
ST05,CITY4,Mall,2025-04-01,21,false,37,4,1677.81,0.1081,true
ST06,CITY5,High Street,2025-04-02,10,false,28,6,4165.29,0.2143,true
ST07,CITY0,Mall,2025-04-03,11,false,23,4,1789.81,0.1739,true
ST08,CITY1,High Street,2025-04-04,12,false,28,7,2938.65,0.25,true
ST09,CITY2,Mall,2025-04-05,13,true,55,4,1719.76,0.0727,true
ST10,CITY3,High Street,2025-04-06,14,true,25,2,1080.65,0.08,true
ST11,CITY4,Mall,2025-04-07,15,false,17,1,1046.65,0.0588,true
ST12,CITY5,High Street,2025-04-08,16,false,20,1,1859.34,0.05,true
ST01,CITY0,Mall,2025-04-08,18,false,63,11,4321.51,0.1746,true
ST02,CITY1,High Street,2025-04-09,19,false,47,12,3284.15,0.2553,true
ST03,CITY2,Mall,2025-04-10,20,false,47,13,6860.91,0.2766,true
ST04,CITY3,High Street,2025-04-11,21,false,38,10,5490.15,0.2632,true
ST05,CITY4,Mall,2025-04-01,10,false,,4,1966.74,,false
ST06,CITY5,High Street,2025-04-02,11,false,38,8,4588.72,0.2105,true
ST07,CITY0,Mall,2025-04-03,12,false,29,5,2262.07,0.1724,true
ST08,CITY1,High Street,2025-04-04,13,false,38,10,4473.91,0.2632,true
ST09,CITY2,Mall,2025-04-05,14,true,24,1,321.32,0.0417,true
ST10,CITY3,High Street,2025-04-06,15,true,34,3,1146.7,0.0882,true
ST11,CITY4,Mall,2025-04-07,16,false,18,1,428.31,0.0556,true
ST12,CITY5,High Street,2025-04-08,17,false,30,5,2008.53,0.1667,true
ST01,CITY0,Mall,2025-04-08,19,false,61,11,5952.31,0.1803,true
ST02,CITY1,High Street,2025-04-09,20,false,66,16,7870.15,0.2424,true
ST03,CITY2,Mall,2025-04-10,21,false,35,9,4821.17,0.2571,true
ST04,CITY3,High Street,2025-04-11,10,false,29,8,3106.28,0.2759,true
ST05,CITY4,Mall,2025-04-01,11,false,,4,1071.13,,false
ST06,CITY5,High Street,2025-04-02,12,false,38,8,6342.91,0.2105,true
ST07,CITY0,Mall,2025-04-03,13,false,32,6,3002.36,0.1875,true
ST08,CITY1,High Street,2025-04-04,14,false,22,3,2043.89,0.1364,true
ST09,CITY2,Mall,2025-04-05,15,true,25,1,383.51,0.04,true
ST10,CITY3,High Street,2025-04-06,16,true,32,3,1078.0,0.0938,true
ST11,CITY4,Mall,2025-04-07,17,false,34,6,5272.86,0.1765,true
ST12,CITY5,High Street,2025-04-08,18,false,50,8,5844.37,0.16,true
ST01,CITY0,Mall,2025-04-08,20,false,54,10,5124.08,0.1852,true
ST02,CITY1,High Street,2025-04-09,21,false,32,8,4147.73,0.25,true
ST03,CITY2,Mall,2025-04-10,10,false,,9,4002.08,,false
ST04,CITY3,High Street,2025-04-11,11,false,24,7,4468.6,0.2917,true
ST05,CITY4,Mall,2025-04-01,12,false,,2,2194.63,,false
ST06,CITY5,High Street,2025-04-02,13,false,24,5,2251.19,0.2083,true
ST07,CITY0,Mall,2025-04-03,14,false,18,1,121.23,0.0556,true
ST08,CITY1,High Street,2025-04-04,15,false,21,2,1846.96,0.0952,true
ST09,CITY2,Mall,2025-04-05,16,true,,1,395.23,,false
ST10,CITY3,High Street,2025-04-06,17,true,43,9,2982.25,0.2093,true
ST11,CITY4,Mall,2025-04-07,18,false,56,10,4550.59,0.1786,true
ST12,CITY5,High Street,2025-04-08,19,false,54,8,4471.52,0.1481,true
ST01,CITY0,Mall,2025-04-08,21,false,21,4,3119.54,0.1905,true
ST02,CITY1,High Street,2025-04-09,10,false,39,10,6094.61,0.2564,true
ST03,CITY2,Mall,2025-04-10,11,false,,7,4568.64,,false
ST04,CITY3,High Street,2025-04-11,12,false,24,7,3937.78,0.2917,true
ST05,CITY4,Mall,2025-04-01,13,false,23,3,863.83,0.1304,true
ST06,CITY5,High Street,2025-04-02,14,false,20,2,1286.86,0.1,true
ST07,CITY0,Mall,2025-04-03,15,false,18,1,368.24,0.0556,true
ST08,CITY1,High Street,2025-04-04,16,false,19,2,812.21,0.1053,true
ST09,CITY2,Mall,2025-04-05,17,true,,3,1056.69,,false
ST10,CITY3,High Street,2025-04-06,18,true,83,17,6957.91,0.2048,true
ST11,CITY4,Mall,2025-04-07,19,false,61,11,5884.57,0.1803,true
ST12,CITY5,High Street,2025-04-08,20,false,42,6,3897.25,0.1429,true
ST01,CITY0,Mall,2025-04-09,10,false,37,7,2956.38,0.1892,true
ST02,CITY1,High Street,2025-04-10,11,false,,5,4436.55,,false
ST03,CITY2,Mall,2025-04-11,12,false,26,7,3903.36,0.2692,true
ST04,CITY3,High Street,2025-04-01,13,false,25,7,2895.09,0.28,true
ST05,CITY4,Mall,2025-04-02,14,false,13,1,216.54,0.0769,true
ST06,CITY5,High Street,2025-04-03,15,false,18,2,1390.72,0.1111,true
ST07,CITY0,Mall,2025-04-04,16,false,22,2,991.9,0.0909,true
ST08,CITY1,High Street,2025-04-05,17,true,,7,2180.55,,false
ST09,CITY2,Mall,2025-04-06,18,true,99,8,4147.21,0.0808,true
ST10,CITY3,High Street,2025-04-07,19,false,47,11,5062.26,0.234,true
ST11,CITY4,Mall,2025-04-08,20,false,41,7,3516.06,0.1707,true
ST12,CITY5,High Street,2025-04-09,21,false,26,4,929.8,0.1538,true
ST01,CITY0,Mall,2025-04-09,11,false,31,5,3157.71,0.1613,true
ST02,CITY1,High Street,2025-04-10,12,false,28,7,3297.08,0.25,true
ST03,CITY2,Mall,2025-04-11,13,false,37,10,5726.29,0.2703,true
ST04,CITY3,High Street,2025-04-01,14,false,16,2,1317.39,0.125,true
ST05,CITY4,Mall,2025-04-02,15,false,19,1,333.79,0.0526,true
ST06,CITY5,High Street,2025-04-03,16,false,19,2,1060.09,0.1053,true
ST07,CITY0,Mall,2025-04-04,17,false,37,6,3936.17,0.1622,true
ST08,CITY1,High Street,2025-04-05,18,true,66,14,10011.59,0.2121,true
ST09,CITY2,Mall,2025-04-06,19,true,103,8,4261.75,0.0777,true
ST10,CITY3,High Street,2025-04-07,20,false,68,17,8409.14,0.25,true
ST11,CITY4,Mall,2025-04-08,21,false,38,7,6204.15,0.1842,true
ST12,CITY5,High Street,2025-04-09,10,false,22,3,2046.28,0.1364,true
ST01,CITY0,Mall,2025-04-09,12,false,26,5,3841.19,0.1923,true
ST02,CITY1,High Street,2025-04-10,13,false,37,9,6261.36,0.2432,true
ST03,CITY2,Mall,2025-04-11,14,false,14,2,626.75,0.1429,true
ST04,CITY3,High Street,2025-04-01,15,false,17,2,1361.93,0.1176,true
ST05,CITY4,Mall,2025-04-02,16,false,18,1,520.03,0.0556,true
ST06,CITY5,High Street,2025-04-03,17,false,26,5,1856.78,0.1923,true
ST07,CITY0,Mall,2025-04-04,18,false,70,12,5776.31,0.1714,true
ST08,CITY1,High Street,2025-04-05,19,true,61,13,5780.26,0.2131,true
ST09,CITY2,Mall,2025-04-06,20,true,75,6,2847.23,0.08,true
ST10,CITY3,High Street,2025-04-07,21,false,28,7,3271.47,0.25,true
ST11,CITY4,Mall,2025-04-08,10,false,35,6,1989.74,0.1714,true
ST12,CITY5,High Street,2025-04-09,11,false,29,4,2878.79,0.1379,true
ST01,CITY0,Mall,2025-04-09,13,false,29,5,3663.14,0.1724,true
ST02,CITY1,High Street,2025-04-10,14,false,19,2,781.93,0.1053,true
ST03,CITY2,Mall,2025-04-11,15,false,20,2,1019.24,0.1,true
ST04,CITY3,High Street,2025-04-01,16,false,15,2,832.36,0.1333,true
ST05,CITY4,Mall,2025-04-02,17,false,22,2,1098.45,0.0909,true
ST06,CITY5,High Street,2025-04-03,18,false,52,11,4828.94,0.2115,true
ST07,CITY0,Mall,2025-04-04,19,false,40,7,5394.61,0.175,true
ST08,CITY1,High Street,2025-04-05,20,true,81,18,13534.67,0.2222,true
ST09,CITY2,Mall,2025-04-06,21,true,42,3,2156.14,0.0714,true
ST10,CITY3,High Street,2025-04-07,10,false,23,6,3289.54,0.2609,true
ST11,CITY4,Mall,2025-04-08,11,false,37,7,3822.79,0.1892,true
ST12,CITY5,High Street,2025-04-09,12,false,35,5,3122.76,0.1429,true
ST01,CITY0,Mall,2025-04-09,14,false,16,1,208.18,0.0625,true
ST02,CITY1,High Street,2025-04-10,15,false,13,1,891.32,0.0769,true
ST03,CITY2,Mall,2025-04-11,16,false,21,3,431.38,0.1429,true
ST04,CITY3,High Street,2025-04-01,17,false,39,11,4495.53,0.2821,true
ST05,CITY4,Mall,2025-04-02,18,false,44,5,1940.89,0.1136,true
ST06,CITY5,High Street,2025-04-03,19,false,62,13,7352.92,0.2097,true
ST07,CITY0,Mall,2025-04-04,20,false,50,9,4126.42,0.18,true
ST08,CITY1,High Street,2025-04-05,21,true,37,8,4951.22,0.2162,true
ST09,CITY2,Mall,2025-04-06,10,true,45,4,1838.05,0.0889,true
ST10,CITY3,High Street,2025-04-07,11,false,28,7,4172.26,0.25,true
ST11,CITY4,Mall,2025-04-08,12,false,32,6,2775.03,0.1875,true
ST12,CITY5,High Street,2025-04-09,13,false,27,4,1734.3,0.1481,true
ST01,CITY0,Mall,2025-04-09,15,false,15,1,135.89,0.0667,true
ST02,CITY1,High Street,2025-04-10,16,false,17,2,940.78,0.1176,true
ST03,CITY2,Mall,2025-04-11,17,false,37,10,6242.63,0.2703,true
ST04,CITY3,High Street,2025-04-01,18,false,55,15,8848.19,0.2727,true
ST05,CITY4,Mall,2025-04-02,19,false,60,7,3291.33,0.1167,true
ST06,CITY5,High Street,2025-04-03,20,false,57,12,6718.72,0.2105,true
ST07,CITY0,Mall,2025-04-04,21,false,25,4,1179.47,0.16,true
ST08,CITY1,High Street,2025-04-05,10,true,42,9,3365.87,0.2143,true
ST09,CITY2,Mall,2025-04-06,11,true,35,3,1355.16,0.0857,true
ST10,CITY3,High Street,2025-04-07,12,false,22,5,2498.94,0.2273,true
ST11,CITY4,Mall,2025-04-08,13,false,23,4,2696.16,0.1739,true
ST12,CITY5,High Street,2025-04-09,14,false,23,2,1064.02,0.087,true
ST01,CITY0,Mall,2025-04-09,16,false,17,1,123.14,0.0588,true
ST02,CITY1,High Street,2025-04-10,17,false,30,7,4012.11,0.2333,true
ST03,CITY2,Mall,2025-04-11,18,false,38,10,3709.31,0.2632,true
ST04,CITY3,High Street,2025-04-01,19,false,59,16,8231.24,0.2712,true
ST05,CITY4,Mall,2025-04-02,20,false,61,7,3349.01,0.1148,true
ST06,CITY5,High Street,2025-04-03,21,false,32,7,4247.22,0.2188,true
ST07,CITY0,Mall,2025-04-04,10,false,23,4,1985.63,0.1739,true
ST08,CITY1,High Street,2025-04-05,11,true,57,12,4543.43,0.2105,true
ST09,CITY2,Mall,2025-04-06,12,true,60,5,3096.24,0.0833,true
ST10,CITY3,High Street,2025-04-07,13,false,31,8,3484.6,0.2581,true
ST11,CITY4,Mall,2025-04-08,14,false,16,1,321.23,0.0625,true
ST12,CITY5,High Street,2025-04-09,15,false,18,1,309.79,0.0556,true
ST01,CITY0,Mall,2025-04-09,17,false,27,5,1948.56,0.1852,true
ST02,CITY1,High Street,2025-04-10,18,false,54,13,7113.2,0.2407,true
ST03,CITY2,Mall,2025-04-11,19,false,49,13,5735.71,0.2653,true
ST04,CITY3,High Street,2025-04-01,20,false,58,16,7995.56,0.2759,true
ST05,CITY4,Mall,2025-04-02,21,false,22,2,1205.11,0.0909,true
ST06,CITY5,High Street,2025-04-03,10,false,26,5,1181.32,0.1923,true
ST07,CITY0,Mall,2025-04-04,11,false,33,6,2283.17,0.1818,true
ST08,CITY1,High Street,2025-04-05,12,true,58,13,6451.97,0.2241,true
ST09,CITY2,Mall,2025-04-06,13,true,39,3,1518.14,0.0769,true
ST10,CITY3,High Street,2025-04-07,14,false,16,2,1236.31,0.125,true
ST11,CITY4,Mall,2025-04-08,15,false,21,2,2250.66,0.0952,true
ST12,CITY5,High Street,2025-04-09,16,false,21,1,2722.81,0.0476,true
ST01,CITY0,Mall,2025-04-09,18,false,44,8,3291.55,0.1818,true
ST02,CITY1,High Street,2025-04-10,19,false,61,15,5574.64,0.2459,true
ST03,CITY2,Mall,2025-04-11,20,false,44,12,7314.32,0.2727,true
ST04,CITY3,High Street,2025-04-01,21,false,26,7,2672.05,0.2692,true
ST05,CITY4,Mall,2025-04-02,10,false,39,4,1368.52,0.1026,true
ST06,CITY5,High Street,2025-04-03,11,false,28,6,3701.19,0.2143,true
ST07,CITY0,Mall,2025-04-04,12,false,31,5,2699.37,0.1613,true
ST08,CITY1,High Street,2025-04-05,13,true,40,9,5108.64,0.225,true
ST09,CITY2,Mall,2025-04-06,14,true,22,1,221.42,0.0455,true
ST10,CITY3,High Street,2025-04-07,15,false,15,2,925.64,0.1333,true
ST11,CITY4,Mall,2025-04-08,16,false,17,1,171.46,0.0588,true
ST12,CITY5,High Street,2025-04-09,17,false,25,4,2787.23,0.16,true
ST01,CITY0,Mall,2025-04-09,19,false,56,10,3331.49,0.1786,true
ST02,CITY1,High Street,2025-04-10,20,false,61,15,11416.66,0.2459,true
ST03,CITY2,Mall,2025-04-11,21,false,27,7,2349.93,0.2593,true
ST04,CITY3,High Street,2025-04-01,10,false,,8,2287.48,,false
ST05,CITY4,Mall,2025-04-02,11,false,28,3,1211.77,0.1071,true
ST06,CITY5,High Street,2025-04-03,12,false,38,8,4348.63,0.2105,true
ST07,CITY0,Mall,2025-04-04,13,false,33,6,2137.21,0.1818,true
ST08,CITY1,High Street,2025-04-05,14,true,32,3,532.67,0.0938,true
ST09,CITY2,Mall,2025-04-06,15,true,27,1,688.48,0.037,true
ST10,CITY3,High Street,2025-04-07,16,false,22,2,2077.42,0.0909,true
ST11,CITY4,Mall,2025-04-08,17,false,27,5,2510.03,0.1852,true
ST12,CITY5,High Street,2025-04-09,18,false,59,9,4072.41,0.1525,true
ST01,CITY0,Mall,2025-04-09,20,false,40,7,3427.34,0.175,true
ST02,CITY1,High Street,2025-04-10,21,false,27,7,2254.44,0.2593,true
ST03,CITY2,Mall,2025-04-11,10,false,33,9,3163.31,0.2727,true
ST04,CITY3,High Street,2025-04-01,11,false,,6,2570.74,,false
ST05,CITY4,Mall,2025-04-02,12,false,28,3,1152.83,0.1071,true
ST06,CITY5,High Street,2025-04-03,13,false,22,5,4359.37,0.2273,true
ST07,CITY0,Mall,2025-04-04,14,false,14,1,200.68,0.0714,true
ST08,CITY1,High Street,2025-04-05,15,true,37,4,3448.67,0.1081,true
ST09,CITY2,Mall,2025-04-06,16,true,37,1,286.74,0.027,true
ST10,CITY3,High Street,2025-04-07,17,false,30,7,6918.41,0.2333,true
ST11,CITY4,Mall,2025-04-08,18,false,52,9,8412.39,0.1731,true
ST12,CITY5,High Street,2025-04-09,19,false,69,11,3928.54,0.1594,true
ST01,CITY0,Mall,2025-04-09,21,false,33,6,1513.17,0.1818,true
ST02,CITY1,High Street,2025-04-10,10,false,,7,2603.94,,false
ST03,CITY2,Mall,2025-04-11,11,false,27,7,2083.8,0.2593,true
ST04,CITY3,High Street,2025-04-01,12,false,,8,4501.87,,false
ST05,CITY4,Mall,2025-04-02,13,false,30,3,1146.78,0.1,true
ST06,CITY5,High Street,2025-04-03,14,false,23,2,490.15,0.087,true
ST07,CITY0,Mall,2025-04-04,15,false,23,2,489.25,0.087,true
ST08,CITY1,High Street,2025-04-05,16,true,,2,825.32,,false
ST09,CITY2,Mall,2025-04-06,17,true,44,3,2244.54,0.0682,true
ST10,CITY3,High Street,2025-04-07,18,false,48,12,5241.12,0.25,true
ST11,CITY4,Mall,2025-04-08,19,false,53,9,5700.95,0.1698,true
ST12,CITY5,High Street,2025-04-09,20,false,57,9,5150.42,0.1579,true
ST01,CITY0,Mall,2025-04-10,10,false,,5,3215.17,,false
ST02,CITY1,High Street,2025-04-11,11,false,29,7,3081.69,0.2414,true
ST03,CITY2,Mall,2025-04-01,12,false,,7,4885.82,,false
ST04,CITY3,High Street,2025-04-02,13,false,26,7,1750.71,0.2692,true
ST05,CITY4,Mall,2025-04-03,14,false,17,1,286.18,0.0588,true
ST06,CITY5,High Street,2025-04-04,15,false,22,2,697.85,0.0909,true
ST07,CITY0,Mall,2025-04-05,16,true,,2,1444.41,,false
ST08,CITY1,High Street,2025-04-06,17,true,39,8,4809.47,0.2051,true
ST09,CITY2,Mall,2025-04-07,18,false,56,5,1176.61,0.0893,true
ST10,CITY3,High Street,2025-04-08,19,false,54,13,5231.29,0.2407,true
ST11,CITY4,Mall,2025-04-09,20,false,44,8,3679.15,0.1818,true
ST12,CITY5,High Street,2025-04-10,21,false,24,4,984.74,0.1667,true
ST01,CITY0,Mall,2025-04-10,11,false,,7,6649.93,,false
ST02,CITY1,High Street,2025-04-11,12,false,22,5,1271.43,0.2273,true
ST03,CITY2,Mall,2025-04-01,13,false,32,9,4602.37,0.2813,true
ST04,CITY3,High Street,2025-04-02,14,false,19,2,2270.34,0.1053,true
ST05,CITY4,Mall,2025-04-03,15,false,13,1,1023.01,0.0769,true
ST06,CITY5,High Street,2025-04-04,16,false,18,2,1053.4,0.1111,true
ST07,CITY0,Mall,2025-04-05,17,true,,7,6257.7,,false
ST08,CITY1,High Street,2025-04-06,18,true,100,22,10575.31,0.22,true
ST09,CITY2,Mall,2025-04-07,19,false,44,4,3794.23,0.0909,true
ST10,CITY3,High Street,2025-04-08,20,false,49,12,5045.03,0.2449,true
ST11,CITY4,Mall,2025-04-09,21,false,36,6,2304.6,0.1667,true
ST12,CITY5,High Street,2025-04-10,10,false,,5,3345.16,,false
ST01,CITY0,Mall,2025-04-10,12,false,34,6,2012.18,0.1765,true
ST02,CITY1,High Street,2025-04-11,13,false,26,6,5551.61,0.2308,true
ST03,CITY2,Mall,2025-04-01,14,false,17,2,232.73,0.1176,true
ST04,CITY3,High Street,2025-04-02,15,false,22,3,913.31,0.1364,true
ST05,CITY4,Mall,2025-04-03,16,false,18,1,167.7,0.0556,true
ST06,CITY5,High Street,2025-04-04,17,false,35,7,3543.83,0.2,true
ST07,CITY0,Mall,2025-04-05,18,true,106,16,7969.61,0.1509,true
ST08,CITY1,High Street,2025-04-06,19,true,83,18,7760.72,0.2169,true
ST09,CITY2,Mall,2025-04-07,20,false,42,4,2206.58,0.0952,true
ST10,CITY3,High Street,2025-04-08,21,false,23,6,1963.25,0.2609,true
ST11,CITY4,Mall,2025-04-09,10,false,32,6,2870.94,0.1875,true
ST12,CITY5,High Street,2025-04-10,11,false,,3,1922.44,,false
ST01,CITY0,Mall,2025-04-10,13,false,33,6,1967.28,0.1818,true
ST02,CITY1,High Street,2025-04-11,14,false,13,1,556.49,0.0769,true
ST03,CITY2,Mall,2025-04-01,15,false,16,2,584.8,0.125,true
ST04,CITY3,High Street,2025-04-02,16,false,19,2,1329.55,0.1053,true
ST05,CITY4,Mall,2025-04-03,17,false,23,3,1751.47,0.1304,true
ST06,CITY5,High Street,2025-04-04,18,false,61,13,9059.79,0.2131,true
ST07,CITY0,Mall,2025-04-05,19,true,75,11,7175.06,0.1467,true
ST08,CITY1,High Street,2025-04-06,20,true,95,21,9537.7,0.2211,true
ST09,CITY2,Mall,2025-04-07,21,false,36,3,1338.06,0.0833,true
ST10,CITY3,High Street,2025-04-08,10,false,32,8,3903.75,0.25,true
ST11,CITY4,Mall,2025-04-09,11,false,33,6,3480.59,0.1818,true
ST12,CITY5,High Street,2025-04-10,12,false,29,4,2041.05,0.1379,true
ST01,CITY0,Mall,2025-04-10,14,false,17,1,872.38,0.0588,true
ST02,CITY1,High Street,2025-04-11,15,false,20,2,1060.03,0.1,true
ST03,CITY2,Mall,2025-04-01,16,false,18,2,1256.55,0.1111,true
ST04,CITY3,High Street,2025-04-02,17,false,27,7,3755.78,0.2593,true
ST05,CITY4,Mall,2025-04-03,18,false,54,6,2475.09,0.1111,true
ST06,CITY5,High Street,2025-04-04,19,false,39,8,2493.99,0.2051,true
ST07,CITY0,Mall,2025-04-05,20,true,100,15,11443.67,0.15,true
ST08,CITY1,High Street,2025-04-06,21,true,46,10,6857.74,0.2174,true
ST09,CITY2,Mall,2025-04-07,10,false,37,3,1072.19,0.0811,true
ST10,CITY3,High Street,2025-04-08,11,false,36,9,4197.94,0.25,true
ST11,CITY4,Mall,2025-04-09,12,false,36,6,2409.62,0.1667,true
ST12,CITY5,High Street,2025-04-10,13,false,35,5,4157.51,0.1429,true
ST01,CITY0,Mall,2025-04-10,15,false,22,2,1388.12,0.0909,true
ST02,CITY1,High Street,2025-04-11,16,false,23,3,1371.01,0.1304,true
ST03,CITY2,Mall,2025-04-01,17,false,31,8,2757.18,0.2581,true
ST04,CITY3,High Street,2025-04-02,18,false,38,10,3875.47,0.2632,true
ST05,CITY4,Mall,2025-04-03,19,false,39,4,2743.64,0.1026,true
ST06,CITY5,High Street,2025-04-04,20,false,63,13,5704.52,0.2063,true
ST07,CITY0,Mall,2025-04-05,21,true,50,7,5298.91,0.14,true
ST08,CITY1,High Street,2025-04-06,10,true,49,11,9125.33,0.2245,true
ST09,CITY2,Mall,2025-04-07,11,false,23,2,853.47,0.087,true
ST10,CITY3,High Street,2025-04-08,12,false,21,5,3144.53,0.2381,true
ST11,CITY4,Mall,2025-04-09,13,false,23,4,1788.01,0.1739,true
ST12,CITY5,High Street,2025-04-10,14,false,23,2,1129.54,0.087,true
ST01,CITY0,Mall,2025-04-10,16,false,13,1,143.16,0.0769,true
ST02,CITY1,High Street,2025-04-11,17,false,29,7,4097.31,0.2414,true
ST03,CITY2,Mall,2025-04-01,18,false,48,13,6657.06,0.2708,true
ST04,CITY3,High Street,2025-04-02,19,false,52,14,5396.13,0.2692,true
ST05,CITY4,Mall,2025-04-03,20,false,57,6,4156.59,0.1053,true
ST06,CITY5,High Street,2025-04-04,21,false,24,5,1767.87,0.2083,true
ST07,CITY0,Mall,2025-04-05,10,true,59,9,3976.06,0.1525,true
ST08,CITY1,High Street,2025-04-06,11,true,42,9,4422.71,0.2143,true
ST09,CITY2,Mall,2025-04-07,12,false,27,2,867.14,0.0741,true
ST10,CITY3,High Street,2025-04-08,13,false,24,6,2797.06,0.25,true
ST11,CITY4,Mall,2025-04-09,14,false,18,1,802.59,0.0556,true
ST12,CITY5,High Street,2025-04-10,15,false,18,1,3469.69,0.0556,true
ST01,CITY0,Mall,2025-04-10,17,false,24,4,1832.21,0.1667,true
ST02,CITY1,High Street,2025-04-11,18,false,61,15,7730.26,0.2459,true
ST03,CITY2,Mall,2025-04-01,19,false,40,11,6746.22,0.275,true
ST04,CITY3,High Street,2025-04-02,20,false,53,15,6903.41,0.283,true
ST05,CITY4,Mall,2025-04-03,21,false,36,4,2616.06,0.1111,true
ST06,CITY5,High Street,2025-04-04,10,false,23,5,3711.95,0.2174,true
ST07,CITY0,Mall,2025-04-05,11,true,40,6,2172.1,0.15,true
ST08,CITY1,High Street,2025-04-06,12,true,51,11,6339.31,0.2157,true
ST09,CITY2,Mall,2025-04-07,13,false,37,3,1126.05,0.0811,true
ST10,CITY3,High Street,2025-04-08,14,false,14,2,1909.81,0.1429,true
ST11,CITY4,Mall,2025-04-09,15,false,22,2,630.76,0.0909,true
ST12,CITY5,High Street,2025-04-10,16,false,20,1,1173.42,0.05,true
ST01,CITY0,Mall,2025-04-10,18,false,58,10,3333.96,0.1724,true
ST02,CITY1,High Street,2025-04-11,19,false,58,14,6544.28,0.2414,true
ST03,CITY2,Mall,2025-04-01,20,false,62,17,7605.53,0.2742,true
ST04,CITY3,High Street,2025-04-02,21,false,23,6,2932.65,0.2609,true
ST05,CITY4,Mall,2025-04-03,10,false,26,3,584.33,0.1154,true
ST06,CITY5,High Street,2025-04-04,11,false,39,8,4983.78,0.2051,true
ST07,CITY0,Mall,2025-04-05,12,true,58,9,4333.06,0.1552,true
ST08,CITY1,High Street,2025-04-06,13,true,44,10,4993.1,0.2273,true
ST09,CITY2,Mall,2025-04-07,14,false,16,1,358.87,0.0625,true
ST10,CITY3,High Street,2025-04-08,15,false,22,2,1344.13,0.0909,true
ST11,CITY4,Mall,2025-04-09,16,false,16,1,355.02,0.0625,true
ST12,CITY5,High Street,2025-04-10,17,false,37,6,2262.06,0.1622,true
ST01,CITY0,Mall,2025-04-10,19,false,38,7,5110.45,0.1842,true
ST02,CITY1,High Street,2025-04-11,20,false,49,12,4399.97,0.2449,true
ST03,CITY2,Mall,2025-04-01,21,false,30,8,4292.05,0.2667,true
ST04,CITY3,High Street,2025-04-02,10,false,33,9,4036.59,0.2727,true
ST05,CITY4,Mall,2025-04-03,11,false,28,3,784.39,0.1071,true
ST06,CITY5,High Street,2025-04-04,12,false,23,5,1291.02,0.2174,true
ST07,CITY0,Mall,2025-04-05,13,true,47,7,6031.07,0.1489,true
ST08,CITY1,High Street,2025-04-06,14,true,32,3,1831.69,0.0938,true
ST09,CITY2,Mall,2025-04-07,15,false,14,1,596.83,0.0714,true
ST10,CITY3,High Street,2025-04-08,16,false,23,3,1808.7,0.1304,true
ST11,CITY4,Mall,2025-04-09,17,false,31,5,2545.2,0.1613,true
ST12,CITY5,High Street,2025-04-10,18,false,44,7,3123.2,0.1591,true
ST01,CITY0,Mall,2025-04-10,20,false,61,11,6368.27,0.1803,true
ST02,CITY1,High Street,2025-04-11,21,false,32,8,4551.68,0.25,true
ST03,CITY2,Mall,2025-04-01,10,false,,8,4610.53,,false
ST04,CITY3,High Street,2025-04-02,11,false,34,9,8093.42,0.2647,true
ST05,CITY4,Mall,2025-04-03,12,false,30,3,1305.27,0.1,true
ST06,CITY5,High Street,2025-04-04,13,false,28,6,4155.0,0.2143,true
ST07,CITY0,Mall,2025-04-05,14,true,32,2,629.81,0.0625,true
ST08,CITY1,High Street,2025-04-06,15,true,24,2,958.51,0.0833,true
ST09,CITY2,Mall,2025-04-07,16,false,15,1,535.09,0.0667,true
ST10,CITY3,High Street,2025-04-08,17,false,22,5,2875.16,0.2273,true
ST11,CITY4,Mall,2025-04-09,18,false,53,9,8363.41,0.1698,true
ST12,CITY5,High Street,2025-04-10,19,false,64,10,3691.52,0.1563,true
ST01,CITY0,Mall,2025-04-10,21,false,31,5,2484.45,0.1613,true
ST02,CITY1,High Street,2025-04-11,10,false,32,8,4568.12,0.25,true
ST03,CITY2,Mall,2025-04-01,11,false,,9,4260.29,,false
ST04,CITY3,High Street,2025-04-02,12,false,28,8,3056.66,0.2857,true
ST05,CITY4,Mall,2025-04-03,13,false,27,3,3043.36,0.1111,true
ST06,CITY5,High Street,2025-04-04,14,false,23,2,1378.81,0.087,true
ST07,CITY0,Mall,2025-04-05,15,true,31,2,1634.11,0.0645,true
ST08,CITY1,High Street,2025-04-06,16,true,25,2,799.58,0.08,true
ST09,CITY2,Mall,2025-04-07,17,false,30,3,3943.62,0.1,true
ST10,CITY3,High Street,2025-04-08,18,false,44,11,7179.49,0.25,true
ST11,CITY4,Mall,2025-04-09,19,false,70,12,6179.45,0.1714,true
ST12,CITY5,High Street,2025-04-10,20,false,62,9,4476.28,0.1452,true
ST01,CITY0,Mall,2025-04-11,10,false,34,6,3465.55,0.1765,true
ST02,CITY1,High Street,2025-04-01,11,false,,8,5051.43,,false
ST03,CITY2,Mall,2025-04-02,12,false,28,8,4007.98,0.2857,true
ST04,CITY3,High Street,2025-04-03,13,false,32,9,4653.7,0.2813,true
ST05,CITY4,Mall,2025-04-04,14,false,22,1,286.3,0.0455,true
ST06,CITY5,High Street,2025-04-05,15,true,26,2,1503.42,0.0769,true
ST07,CITY0,Mall,2025-04-06,16,true,23,2,827.37,0.087,true
ST08,CITY1,High Street,2025-04-07,17,false,37,9,4294.44,0.2432,true
ST09,CITY2,Mall,2025-04-08,18,false,63,6,2943.98,0.0952,true
ST10,CITY3,High Street,2025-04-09,19,false,38,9,3421.21,0.2368,true
ST11,CITY4,Mall,2025-04-10,20,false,53,9,2623.68,0.1698,true
ST12,CITY5,High Street,2025-04-11,21,false,36,6,3883.59,0.1667,true
ST01,CITY0,Mall,2025-04-11,11,false,36,6,2570.39,0.1667,true
ST02,CITY1,High Street,2025-04-01,12,false,,7,2334.62,,false
ST03,CITY2,Mall,2025-04-02,13,false,30,8,3839.38,0.2667,true
ST04,CITY3,High Street,2025-04-03,14,false,15,2,977.14,0.1333,true
ST05,CITY4,Mall,2025-04-04,15,false,22,1,560.6,0.0455,true
ST06,CITY5,High Street,2025-04-05,16,true,,3,2102.0,,false
ST07,CITY0,Mall,2025-04-06,17,true,46,7,3293.06,0.1522,true
ST08,CITY1,High Street,2025-04-07,18,false,60,15,7953.9,0.25,true
ST09,CITY2,Mall,2025-04-08,19,false,50,5,2676.8,0.1,true
ST10,CITY3,High Street,2025-04-09,20,false,56,14,9616.96,0.25,true
ST11,CITY4,Mall,2025-04-10,21,false,23,4,1637.43,0.1739,true
ST12,CITY5,High Street,2025-04-11,10,false,36,6,3966.66,0.1667,true
ST01,CITY0,Mall,2025-04-11,12,false,38,7,5978.39,0.1842,true
ST02,CITY1,High Street,2025-04-01,13,false,22,5,3277.37,0.2273,true
ST03,CITY2,Mall,2025-04-02,14,false,19,2,661.38,0.1053,true
ST04,CITY3,High Street,2025-04-03,15,false,21,3,897.85,0.1429,true
ST05,CITY4,Mall,2025-04-04,16,false,14,1,325.16,0.0714,true
ST06,CITY5,High Street,2025-04-05,17,true,,9,4151.84,,false
ST07,CITY0,Mall,2025-04-06,18,true,86,13,5948.27,0.1512,true
ST08,CITY1,High Street,2025-04-07,19,false,61,16,8346.49,0.2623,true
ST09,CITY2,Mall,2025-04-08,20,false,42,4,3840.76,0.0952,true
ST10,CITY3,High Street,2025-04-09,21,false,24,6,2668.83,0.25,true
ST11,CITY4,Mall,2025-04-10,10,false,,7,3317.34,,false
ST12,CITY5,High Street,2025-04-11,11,false,31,5,1351.1,0.1613,true
ST01,CITY0,Mall,2025-04-11,13,false,36,6,5830.13,0.1667,true
ST02,CITY1,High Street,2025-04-01,14,false,23,3,1537.3,0.1304,true
ST03,CITY2,Mall,2025-04-02,15,false,15,2,1433.67,0.1333,true
ST04,CITY3,High Street,2025-04-03,16,false,14,2,455.1,0.1429,true
ST05,CITY4,Mall,2025-04-04,17,false,33,4,1706.71,0.1212,true
ST06,CITY5,High Street,2025-04-05,18,true,97,17,7133.48,0.1753,true
ST07,CITY0,Mall,2025-04-06,19,true,109,16,9378.62,0.1468,true
ST08,CITY1,High Street,2025-04-07,20,false,48,12,12266.86,0.25,true
ST09,CITY2,Mall,2025-04-08,21,false,34,3,1582.89,0.0882,true
ST10,CITY3,High Street,2025-04-09,10,false,23,6,1678.91,0.2609,true
ST11,CITY4,Mall,2025-04-10,11,false,,6,2538.48,,false
ST12,CITY5,High Street,2025-04-11,12,false,32,5,2107.46,0.1563,true
ST01,CITY0,Mall,2025-04-11,14,false,20,2,1096.11,0.1,true
ST02,CITY1,High Street,2025-04-01,15,false,23,3,767.76,0.1304,true
ST03,CITY2,Mall,2025-04-02,16,false,22,3,1136.07,0.1364,true
ST04,CITY3,High Street,2025-04-03,17,false,37,10,4475.62,0.2703,true
ST05,CITY4,Mall,2025-04-04,18,false,60,7,2839.82,0.1167,true
ST06,CITY5,High Street,2025-04-05,19,true,80,14,8011.87,0.175,true
ST07,CITY0,Mall,2025-04-06,20,true,89,13,5822.6,0.1461,true
ST08,CITY1,High Street,2025-04-07,21,false,31,8,5047.67,0.2581,true
ST09,CITY2,Mall,2025-04-08,10,false,23,2,343.09,0.087,true
ST10,CITY3,High Street,2025-04-09,11,false,37,9,5666.76,0.2432,true
ST11,CITY4,Mall,2025-04-10,12,false,29,5,2092.63,0.1724,true
ST12,CITY5,High Street,2025-04-11,13,false,30,5,3790.61,0.1667,true
ST01,CITY0,Mall,2025-04-11,15,false,13,1,342.47,0.0769,true
ST02,CITY1,High Street,2025-04-01,16,false,19,2,921.32,0.1053,true
ST03,CITY2,Mall,2025-04-02,17,false,38,10,6386.31,0.2632,true
ST04,CITY3,High Street,2025-04-03,18,false,54,15,7658.96,0.2778,true
ST05,CITY4,Mall,2025-04-04,19,false,61,7,3175.4,0.1148,true
ST06,CITY5,High Street,2025-04-05,20,true,79,14,5295.66,0.1772,true
ST07,CITY0,Mall,2025-04-06,21,true,41,6,3434.85,0.1463,true
ST08,CITY1,High Street,2025-04-07,10,false,34,9,5639.97,0.2647,true
ST09,CITY2,Mall,2025-04-08,11,false,25,2,1530.43,0.08,true
ST10,CITY3,High Street,2025-04-09,12,false,36,9,4697.69,0.25,true
ST11,CITY4,Mall,2025-04-10,13,false,30,5,2669.06,0.1667,true
ST12,CITY5,High Street,2025-04-11,14,false,17,1,619.81,0.0588,true
ST01,CITY0,Mall,2025-04-11,16,false,14,1,173.75,0.0714,true
ST02,CITY1,High Street,2025-04-01,17,false,37,9,5297.45,0.2432,true
ST03,CITY2,Mall,2025-04-02,18,false,38,10,4299.87,0.2632,true
ST04,CITY3,High Street,2025-04-03,19,false,52,14,4986.01,0.2692,true
ST05,CITY4,Mall,2025-04-04,20,false,60,7,4936.21,0.1167,true
ST06,CITY5,High Street,2025-04-05,21,true,49,9,4635.62,0.1837,true
ST07,CITY0,Mall,2025-04-06,10,true,34,5,2716.16,0.1471,true
ST08,CITY1,High Street,2025-04-07,11,false,33,8,3774.31,0.2424,true
ST09,CITY2,Mall,2025-04-08,12,false,25,2,866.39,0.08,true
ST10,CITY3,High Street,2025-04-09,13,false,32,8,6010.93,0.25,true
ST11,CITY4,Mall,2025-04-10,14,false,18,1,224.82,0.0556,true
ST12,CITY5,High Street,2025-04-11,15,false,16,1,901.72,0.0625,true
ST01,CITY0,Mall,2025-04-11,17,false,37,7,2794.15,0.1892,true
ST02,CITY1,High Street,2025-04-01,18,false,55,14,9184.9,0.2545,true
ST03,CITY2,Mall,2025-04-02,19,false,63,17,7774.38,0.2698,true
ST04,CITY3,High Street,2025-04-03,20,false,69,19,7904.96,0.2754,true
ST05,CITY4,Mall,2025-04-04,21,false,25,3,1706.28,0.12,true
ST06,CITY5,High Street,2025-04-05,10,true,55,10,5540.33,0.1818,true
ST07,CITY0,Mall,2025-04-06,11,true,49,7,1729.49,0.1429,true
ST08,CITY1,High Street,2025-04-07,12,false,23,6,2304.14,0.2609,true
ST09,CITY2,Mall,2025-04-08,13,false,29,3,2599.99,0.1034,true
ST10,CITY3,High Street,2025-04-09,14,false,20,2,541.15,0.1,true
ST11,CITY4,Mall,2025-04-10,15,false,18,1,737.73,0.0556,true
ST12,CITY5,High Street,2025-04-11,16,false,23,2,790.49,0.087,true
ST01,CITY0,Mall,2025-04-11,18,false,47,8,4911.43,0.1702,true
ST02,CITY1,High Street,2025-04-01,19,false,50,12,5566.35,0.24,true
ST03,CITY2,Mall,2025-04-02,20,false,59,16,5321.82,0.2712,true
ST04,CITY3,High Street,2025-04-03,21,false,36,10,4147.15,0.2778,true
ST05,CITY4,Mall,2025-04-04,10,false,30,3,2078.67,0.1,true
ST06,CITY5,High Street,2025-04-05,11,true,57,10,5408.78,0.1754,true
ST07,CITY0,Mall,2025-04-06,12,true,47,7,2968.43,0.1489,true
ST08,CITY1,High Street,2025-04-07,13,false,21,5,3299.3,0.2381,true
ST09,CITY2,Mall,2025-04-08,14,false,17,1,988.61,0.0588,true
ST10,CITY3,High Street,2025-04-09,15,false,22,2,368.79,0.0909,true
ST11,CITY4,Mall,2025-04-10,16,false,13,1,844.64,0.0769,true
ST12,CITY5,High Street,2025-04-11,17,false,23,4,1564.92,0.1739,true
ST01,CITY0,Mall,2025-04-11,19,false,44,8,3169.07,0.1818,true
ST02,CITY1,High Street,2025-04-01,20,false,51,13,7539.47,0.2549,true
ST03,CITY2,Mall,2025-04-02,21,false,34,9,3995.53,0.2647,true
ST04,CITY3,High Street,2025-04-03,10,false,23,6,1972.42,0.2609,true
ST05,CITY4,Mall,2025-04-04,11,false,31,3,2826.59,0.0968,true
ST06,CITY5,High Street,2025-04-05,12,true,41,7,4487.31,0.1707,true
ST07,CITY0,Mall,2025-04-06,13,true,53,8,1537.25,0.1509,true
ST08,CITY1,High Street,2025-04-07,14,false,17,2,664.36,0.1176,true
ST09,CITY2,Mall,2025-04-08,15,false,18,1,397.77,0.0556,true
ST10,CITY3,High Street,2025-04-09,16,false,16,2,484.9,0.125,true
ST11,CITY4,Mall,2025-04-10,17,false,36,6,2834.55,0.1667,true
ST12,CITY5,High Street,2025-04-11,18,false,59,9,5936.21,0.1525,true
ST01,CITY0,Mall,2025-04-11,20,false,70,12,7680.05,0.1714,true
ST02,CITY1,High Street,2025-04-01,21,false,37,9,4387.23,0.2432,true
ST03,CITY2,Mall,2025-04-02,10,false,24,7,4255.74,0.2917,true
ST04,CITY3,High Street,2025-04-03,11,false,26,7,1739.57,0.2692,true
ST05,CITY4,Mall,2025-04-04,12,false,22,2,295.05,0.0909,true
ST06,CITY5,High Street,2025-04-05,13,true,48,8,5294.95,0.1667,true
ST07,CITY0,Mall,2025-04-06,14,true,25,2,1015.51,0.08,true
ST08,CITY1,High Street,2025-04-07,15,false,16,2,549.79,0.125,true
ST09,CITY2,Mall,2025-04-08,16,false,17,1,249.49,0.0588,true
ST10,CITY3,High Street,2025-04-09,17,false,38,9,3856.37,0.2368,true
ST11,CITY4,Mall,2025-04-10,18,false,43,8,4082.23,0.186,true
ST12,CITY5,High Street,2025-04-11,19,false,68,10,5017.18,0.1471,true
ST01,CITY0,Mall,2025-04-11,21,false,33,6,3145.43,0.1818,true
ST02,CITY1,High Street,2025-04-01,10,false,,8,5010.76,,false
ST03,CITY2,Mall,2025-04-02,11,false,35,9,5975.46,0.2571,true
ST04,CITY3,High Street,2025-04-03,12,false,26,7,4108.27,0.2692,true
ST05,CITY4,Mall,2025-04-04,13,false,33,4,1132.28,0.1212,true
ST06,CITY5,High Street,2025-04-05,14,true,27,2,546.44,0.0741,true
ST07,CITY0,Mall,2025-04-06,15,true,36,2,1149.69,0.0556,true
ST08,CITY1,High Street,2025-04-07,16,false,15,2,1203.71,0.1333,true
ST09,CITY2,Mall,2025-04-08,17,false,38,3,1830.08,0.0789,true
ST10,CITY3,High Street,2025-04-09,18,false,66,16,6518.97,0.2424,true
ST11,CITY4,Mall,2025-04-10,19,false,64,11,6460.17,0.1719,true
ST12,CITY5,High Street,2025-04-11,20,false,60,9,2741.73,0.15,true
ST01,CITY0,Mall,2025-04-12,10,true,62,9,5375.12,0.1452,true
ST02,CITY1,High Street,2025-04-13,11,true,40,8,3704.27,0.2,true
ST03,CITY2,Mall,2025-04-14,12,false,33,9,5028.81,0.2727,true
ST04,CITY3,High Street,2025-04-15,13,false,34,9,4339.38,0.2647,true
ST05,CITY4,Mall,2025-04-16,14,false,21,1,574.34,0.0476,true
ST06,CITY5,High Street,2025-04-17,15,false,13,1,562.94,0.0769,true
ST07,CITY0,Mall,2025-04-18,16,false,16,1,1117.89,0.0625,true
ST08,CITY1,High Street,2025-04-19,17,true,39,8,4272.48,0.2051,true
ST09,CITY2,Mall,2025-04-20,18,true,108,8,5609.2,0.0741,true
ST10,CITY3,High Street,2025-04-21,19,false,55,13,6453.54,0.2364,true
ST11,CITY4,Mall,2025-04-22,20,false,68,12,6604.89,0.1765,true
ST12,CITY5,High Street,2025-04-12,21,true,35,5,2489.44,0.1429,true
ST01,CITY0,Mall,2025-04-12,11,true,40,6,3473.98,0.15,true
ST02,CITY1,High Street,2025-04-13,12,true,38,8,4770.14,0.2105,true
ST03,CITY2,Mall,2025-04-14,13,false,28,8,4028.52,0.2857,true
ST04,CITY3,High Street,2025-04-15,14,false,23,3,2199.29,0.1304,true
ST05,CITY4,Mall,2025-04-16,15,false,21,1,85.57,0.0476,true
ST06,CITY5,High Street,2025-04-17,16,false,22,2,1436.88,0.0909,true
ST07,CITY0,Mall,2025-04-18,17,false,28,5,3502.94,0.1786,true
ST08,CITY1,High Street,2025-04-19,18,true,85,18,8029.66,0.2118,true
ST09,CITY2,Mall,2025-04-20,19,true,75,6,3317.38,0.08,true
ST10,CITY3,High Street,2025-04-21,20,false,43,10,6783.2,0.2326,true
ST11,CITY4,Mall,2025-04-22,21,false,38,7,3009.85,0.1842,true
ST12,CITY5,High Street,2025-04-12,10,true,55,7,3348.77,0.1273,true
ST01,CITY0,Mall,2025-04-12,12,true,45,7,3551.66,0.1556,true
ST02,CITY1,High Street,2025-04-13,13,true,40,8,4090.29,0.2,true
ST03,CITY2,Mall,2025-04-14,14,false,13,2,692.82,0.1538,true
ST04,CITY3,High Street,2025-04-15,15,false,23,3,919.31,0.1304,true
ST05,CITY4,Mall,2025-04-16,16,false,22,1,856.62,0.0455,true
ST06,CITY5,High Street,2025-04-17,17,false,36,7,4870.69,0.1944,true
ST07,CITY0,Mall,2025-04-18,18,false,54,9,6381.18,0.1667,true
ST08,CITY1,High Street,2025-04-19,19,true,97,21,11901.61,0.2165,true
ST09,CITY2,Mall,2025-04-20,20,true,109,9,3694.12,0.0826,true
ST10,CITY3,High Street,2025-04-21,21,false,29,7,2801.04,0.2414,true
ST11,CITY4,Mall,2025-04-22,10,false,23,4,2372.19,0.1739,true
ST12,CITY5,High Street,2025-04-12,11,true,37,5,3438.84,0.1351,true
ST01,CITY0,Mall,2025-04-12,13,true,37,6,2398.49,0.1622,true
ST02,CITY1,High Street,2025-04-13,14,true,37,4,1628.75,0.1081,true
ST03,CITY2,Mall,2025-04-14,15,false,19,2,2437.45,0.1053,true
ST04,CITY3,High Street,2025-04-15,16,false,16,2,984.11,0.125,true
ST05,CITY4,Mall,2025-04-16,17,false,22,2,551.64,0.0909,true
ST06,CITY5,High Street,2025-04-17,18,false,45,9,4189.22,0.2,true
ST07,CITY0,Mall,2025-04-18,19,false,60,10,3950.43,0.1667,true
ST08,CITY1,High Street,2025-04-19,20,true,101,22,9418.03,0.2178,true
ST09,CITY2,Mall,2025-04-20,21,true,52,4,1307.76,0.0769,true
ST10,CITY3,High Street,2025-04-21,10,false,33,8,3312.17,0.2424,true
ST11,CITY4,Mall,2025-04-22,11,false,28,5,2533.0,0.1786,true
ST12,CITY5,High Street,2025-04-12,12,true,52,7,3326.36,0.1346,true
ST01,CITY0,Mall,2025-04-12,14,true,25,2,910.28,0.08,true
ST02,CITY1,High Street,2025-04-13,15,true,37,4,913.57,0.1081,true
ST03,CITY2,Mall,2025-04-14,16,false,,2,1220.68,,false
ST04,CITY3,High Street,2025-04-15,17,false,31,9,4504.06,0.2903,true
ST05,CITY4,Mall,2025-04-16,18,false,50,6,2062.65,0.12,true
ST06,CITY5,High Street,2025-04-17,19,false,56,12,7166.96,0.2143,true
ST07,CITY0,Mall,2025-04-18,20,false,61,11,3804.8,0.1803,true
ST08,CITY1,High Street,2025-04-19,21,true,56,12,4779.54,0.2143,true
ST09,CITY2,Mall,2025-04-20,10,true,44,3,957.06,0.0682,true
ST10,CITY3,High Street,2025-04-21,11,false,28,7,3900.86,0.25,true
ST11,CITY4,Mall,2025-04-22,12,false,33,6,4709.97,0.1818,true
ST12,CITY5,High Street,2025-04-12,13,true,36,5,2249.3,0.1389,true
ST01,CITY0,Mall,2025-04-12,15,true,33,2,871.07,0.0606,true
ST02,CITY1,High Street,2025-04-13,16,true,33,3,1090.51,0.0909,true
ST03,CITY2,Mall,2025-04-14,17,false,,8,4821.28,,false
ST04,CITY3,High Street,2025-04-15,18,false,50,14,7766.48,0.28,true
ST05,CITY4,Mall,2025-04-16,19,false,61,7,1999.51,0.1148,true
ST06,CITY5,High Street,2025-04-17,20,false,49,10,4898.08,0.2041,true
ST07,CITY0,Mall,2025-04-18,21,false,23,4,1309.76,0.1739,true
ST08,CITY1,High Street,2025-04-19,10,true,,13,5398.51,,false
ST09,CITY2,Mall,2025-04-20,11,true,44,3,1898.17,0.0682,true
ST10,CITY3,High Street,2025-04-21,12,false,33,8,3730.41,0.2424,true
ST11,CITY4,Mall,2025-04-22,13,false,23,4,2065.52,0.1739,true
ST12,CITY5,High Street,2025-04-12,14,true,28,2,770.52,0.0714,true
ST01,CITY0,Mall,2025-04-12,16,true,25,2,375.5,0.08,true
ST02,CITY1,High Street,2025-04-13,17,true,41,9,6057.0,0.2195,true
ST03,CITY2,Mall,2025-04-14,18,false,41,11,5628.73,0.2683,true
ST04,CITY3,High Street,2025-04-15,19,false,59,16,7843.94,0.2712,true
ST05,CITY4,Mall,2025-04-16,20,false,66,7,3933.7,0.1061,true
ST06,CITY5,High Street,2025-04-17,21,false,30,6,3688.05,0.2,true
ST07,CITY0,Mall,2025-04-18,10,false,31,5,3123.51,0.1613,true
ST08,CITY1,High Street,2025-04-19,11,true,,11,5084.56,,false
ST09,CITY2,Mall,2025-04-20,12,true,37,3,964.65,0.0811,true
ST10,CITY3,High Street,2025-04-21,13,false,32,8,3344.41,0.25,true
ST11,CITY4,Mall,2025-04-22,14,false,21,2,817.29,0.0952,true
ST12,CITY5,High Street,2025-04-12,15,true,30,2,889.35,0.0667,true
ST01,CITY0,Mall,2025-04-12,17,true,50,8,2946.29,0.16,true
ST02,CITY1,High Street,2025-04-13,18,true,71,15,5929.14,0.2113,true
ST03,CITY2,Mall,2025-04-14,19,false,53,14,7560.57,0.2642,true
ST04,CITY3,High Street,2025-04-15,20,false,42,12,6176.71,0.2857,true
ST05,CITY4,Mall,2025-04-16,21,false,27,3,1697.27,0.1111,true
ST06,CITY5,High Street,2025-04-17,10,false,24,5,2411.71,0.2083,true
ST07,CITY0,Mall,2025-04-18,11,false,29,5,1485.44,0.1724,true
ST08,CITY1,High Street,2025-04-19,12,true,,8,3176.34,,false
ST09,CITY2,Mall,2025-04-20,13,true,57,4,1983.1,0.0702,true
ST10,CITY3,High Street,2025-04-21,14,false,15,2,989.42,0.1333,true
ST11,CITY4,Mall,2025-04-22,15,false,15,1,316.65,0.0667,true
ST12,CITY5,High Street,2025-04-12,16,true,25,1,1081.85,0.04,true
ST01,CITY0,Mall,2025-04-12,18,true,103,15,12258.62,0.1456,true
ST02,CITY1,High Street,2025-04-13,19,true,94,20,10531.74,0.2128,true
ST03,CITY2,Mall,2025-04-14,20,false,52,14,12083.71,0.2692,true
ST04,CITY3,High Street,2025-04-15,21,false,27,7,2522.26,0.2593,true
ST05,CITY4,Mall,2025-04-16,10,false,29,3,2412.84,0.1034,true
ST06,CITY5,High Street,2025-04-17,11,false,23,5,1322.84,0.2174,true
ST07,CITY0,Mall,2025-04-18,12,false,38,7,3820.66,0.1842,true
ST08,CITY1,High Street,2025-04-19,13,true,37,8,3409.32,0.2162,true
ST09,CITY2,Mall,2025-04-20,14,true,33,1,494.07,0.0303,true
ST10,CITY3,High Street,2025-04-21,15,false,13,1,64.16,0.0769,true
ST11,CITY4,Mall,2025-04-22,16,false,17,1,135.41,0.0588,true
ST12,CITY5,High Street,2025-04-12,17,true,36,5,1902.58,0.1389,true
ST01,CITY0,Mall,2025-04-12,19,true,67,10,4567.01,0.1493,true
ST02,CITY1,High Street,2025-04-13,20,true,112,24,9717.55,0.2143,true
ST03,CITY2,Mall,2025-04-14,21,false,38,10,3173.84,0.2632,true
ST04,CITY3,High Street,2025-04-15,10,false,26,7,2860.88,0.2692,true
ST05,CITY4,Mall,2025-04-16,11,false,38,4,1035.57,0.1053,true
ST06,CITY5,High Street,2025-04-17,12,false,27,6,3840.23,0.2222,true
ST07,CITY0,Mall,2025-04-18,13,false,33,6,3325.16,0.1818,true
ST08,CITY1,High Street,2025-04-19,14,true,20,2,1584.62,0.1,true
ST09,CITY2,Mall,2025-04-20,15,true,28,1,405.39,0.0357,true
ST10,CITY3,High Street,2025-04-21,16,false,16,2,306.63,0.125,true
ST11,CITY4,Mall,2025-04-22,17,false,35,6,2095.11,0.1714,true
ST12,CITY5,High Street,2025-04-12,18,true,64,8,3417.76,0.125,true
ST01,CITY0,Mall,2025-04-12,20,true,97,15,5966.56,0.1546,true
ST02,CITY1,High Street,2025-04-13,21,true,42,9,3907.18,0.2143,true
ST03,CITY2,Mall,2025-04-14,10,false,38,10,6721.74,0.2632,true
ST04,CITY3,High Street,2025-04-15,11,false,30,8,4067.6,0.2667,true
ST05,CITY4,Mall,2025-04-16,12,false,23,3,1342.36,0.1304,true
ST06,CITY5,High Street,2025-04-17,13,false,23,5,4243.92,0.2174,true
ST07,CITY0,Mall,2025-04-18,14,false,20,2,1825.62,0.1,true
ST08,CITY1,High Street,2025-04-19,15,true,37,4,1863.78,0.1081,true
ST09,CITY2,Mall,2025-04-20,16,true,33,1,269.3,0.0303,true
ST10,CITY3,High Street,2025-04-21,17,false,31,8,3251.68,0.2581,true
ST11,CITY4,Mall,2025-04-22,18,false,47,8,4671.07,0.1702,true
ST12,CITY5,High Street,2025-04-12,19,true,100,13,6066.45,0.13,true
ST01,CITY0,Mall,2025-04-12,21,true,56,8,2431.57,0.1429,true
ST02,CITY1,High Street,2025-04-13,10,true,39,8,4406.16,0.2051,true
ST03,CITY2,Mall,2025-04-14,11,false,30,8,5507.42,0.2667,true
ST04,CITY3,High Street,2025-04-15,12,false,28,8,2989.61,0.2857,true
ST05,CITY4,Mall,2025-04-16,13,false,37,4,1228.56,0.1081,true
ST06,CITY5,High Street,2025-04-17,14,false,23,2,585.12,0.087,true
ST07,CITY0,Mall,2025-04-18,15,false,20,2,514.11,0.1,true
ST08,CITY1,High Street,2025-04-19,16,true,28,3,2602.5,0.1071,true
ST09,CITY2,Mall,2025-04-20,17,true,41,3,1981.48,0.0732,true
ST10,CITY3,High Street,2025-04-21,18,false,49,12,8445.36,0.2449,true
ST11,CITY4,Mall,2025-04-22,19,false,44,8,4974.8,0.1818,true
ST12,CITY5,High Street,2025-04-12,20,true,83,11,5378.3,0.1325,true
ST01,CITY0,Mall,2025-04-13,10,true,47,7,3249.41,0.1489,true
ST02,CITY1,High Street,2025-04-14,11,false,34,8,2908.55,0.2353,true
ST03,CITY2,Mall,2025-04-15,12,false,28,8,3447.06,0.2857,true
ST04,CITY3,High Street,2025-04-16,13,false,27,7,2829.77,0.2593,true
ST05,CITY4,Mall,2025-04-17,14,false,18,1,153.57,0.0556,true
ST06,CITY5,High Street,2025-04-18,15,false,17,2,972.52,0.1176,true
ST07,CITY0,Mall,2025-04-19,16,true,34,2,947.79,0.0588,true
ST08,CITY1,High Street,2025-04-20,17,true,61,13,6996.34,0.2131,true
ST09,CITY2,Mall,2025-04-21,18,false,66,6,3337.83,0.0909,true
ST10,CITY3,High Street,2025-04-22,19,false,52,13,6505.44,0.25,true
ST11,CITY4,Mall,2025-04-12,20,true,81,12,7849.49,0.1481,true
ST12,CITY5,High Street,2025-04-13,21,true,60,8,4194.56,0.1333,true
ST01,CITY0,Mall,2025-04-13,11,true,38,6,3144.02,0.1579,true
ST02,CITY1,High Street,2025-04-14,12,false,30,7,2244.88,0.2333,true
ST03,CITY2,Mall,2025-04-15,13,false,29,8,2794.96,0.2759,true
ST04,CITY3,High Street,2025-04-16,14,false,14,2,646.41,0.1429,true
ST05,CITY4,Mall,2025-04-17,15,false,16,1,115.33,0.0625,true
ST06,CITY5,High Street,2025-04-18,16,false,17,2,724.01,0.1176,true
ST07,CITY0,Mall,2025-04-19,17,true,56,8,4403.47,0.1429,true
ST08,CITY1,High Street,2025-04-20,18,true,103,22,11385.0,0.2136,true
ST09,CITY2,Mall,2025-04-21,19,false,51,5,2549.85,0.098,true
ST10,CITY3,High Street,2025-04-22,20,false,61,15,8918.86,0.2459,true
ST11,CITY4,Mall,2025-04-12,21,true,55,8,3999.26,0.1455,true
ST12,CITY5,High Street,2025-04-13,10,true,52,7,2717.51,0.1346,true
ST01,CITY0,Mall,2025-04-13,12,true,39,6,3209.55,0.1538,true
ST02,CITY1,High Street,2025-04-14,13,false,25,6,2453.42,0.24,true
ST03,CITY2,Mall,2025-04-15,14,false,15,2,462.37,0.1333,true
ST04,CITY3,High Street,2025-04-16,15,false,18,2,888.18,0.1111,true
ST05,CITY4,Mall,2025-04-17,16,false,14,1,390.41,0.0714,true
ST06,CITY5,High Street,2025-04-18,17,false,30,6,1257.56,0.2,true
ST07,CITY0,Mall,2025-04-19,18,true,80,12,6863.68,0.15,true
ST08,CITY1,High Street,2025-04-20,19,true,107,23,9991.71,0.215,true
ST09,CITY2,Mall,2025-04-21,20,false,46,4,1388.65,0.087,true
ST10,CITY3,High Street,2025-04-22,21,false,35,9,6177.27,0.2571,true
ST11,CITY4,Mall,2025-04-12,10,true,54,8,5501.66,0.1481,true
ST12,CITY5,High Street,2025-04-13,11,true,35,5,1488.47,0.1429,true
ST01,CITY0,Mall,2025-04-13,13,true,55,8,3517.71,0.1455,true
ST02,CITY1,High Street,2025-04-14,14,false,15,2,859.53,0.1333,true
ST03,CITY2,Mall,2025-04-15,15,false,22,3,1004.76,0.1364,true
ST04,CITY3,High Street,2025-04-16,16,false,15,2,2282.28,0.1333,true
ST05,CITY4,Mall,2025-04-17,17,false,33,4,2257.78,0.1212,true
ST06,CITY5,High Street,2025-04-18,18,false,42,9,2154.11,0.2143,true
ST07,CITY0,Mall,2025-04-19,19,true,95,14,7684.66,0.1474,true
ST08,CITY1,High Street,2025-04-20,20,true,70,15,6289.83,0.2143,true
ST09,CITY2,Mall,2025-04-21,21,false,38,3,1291.21,0.0789,true
ST10,CITY3,High Street,2025-04-22,10,false,35,9,6064.75,0.2571,true
ST11,CITY4,Mall,2025-04-12,11,true,37,6,5158.62,0.1622,true
ST12,CITY5,High Street,2025-04-13,12,true,53,7,3424.3,0.1321,true
ST01,CITY0,Mall,2025-04-13,14,true,26,2,1113.67,0.0769,true
ST02,CITY1,High Street,2025-04-14,15,false,16,2,558.49,0.125,true
ST03,CITY2,Mall,2025-04-15,16,false,17,2,1129.87,0.1176,true
ST04,CITY3,High Street,2025-04-16,17,false,27,7,2523.13,0.2593,true
ST05,CITY4,Mall,2025-04-17,18,false,70,8,8195.3,0.1143,true
ST06,CITY5,High Street,2025-04-18,19,false,67,14,5487.39,0.209,true
ST07,CITY0,Mall,2025-04-19,20,true,76,11,7118.99,0.1447,true
ST08,CITY1,High Street,2025-04-20,21,true,45,10,5921.02,0.2222,true
ST09,CITY2,Mall,2025-04-21,10,false,30,3,2508.0,0.1,true
ST10,CITY3,High Street,2025-04-22,11,false,26,6,2757.22,0.2308,true
ST11,CITY4,Mall,2025-04-12,12,true,52,8,4246.44,0.1538,true
ST12,CITY5,High Street,2025-04-13,13,true,37,5,1750.57,0.1351,true
ST01,CITY0,Mall,2025-04-13,15,true,34,2,3123.24,0.0588,true
ST02,CITY1,High Street,2025-04-14,16,false,,2,685.99,,false
ST03,CITY2,Mall,2025-04-15,17,false,27,7,4140.55,0.2593,true
ST04,CITY3,High Street,2025-04-16,18,false,61,17,6493.69,0.2787,true
ST05,CITY4,Mall,2025-04-17,19,false,70,8,7430.39,0.1143,true
ST06,CITY5,High Street,2025-04-18,20,false,40,8,4612.94,0.2,true
ST07,CITY0,Mall,2025-04-19,21,true,37,5,2835.15,0.1351,true
ST08,CITY1,High Street,2025-04-20,10,true,48,10,5449.0,0.2083,true
ST09,CITY2,Mall,2025-04-21,11,false,22,2,295.19,0.0909,true
ST10,CITY3,High Street,2025-04-22,12,false,25,6,3561.31,0.24,true
ST11,CITY4,Mall,2025-04-12,13,true,60,9,5953.06,0.15,true
ST12,CITY5,High Street,2025-04-13,14,true,36,2,1127.9,0.0556,true
ST01,CITY0,Mall,2025-04-13,16,true,26,2,434.72,0.0769,true
ST02,CITY1,High Street,2025-04-14,17,false,,8,6288.78,,false
ST03,CITY2,Mall,2025-04-15,18,false,45,12,6649.65,0.2667,true
ST04,CITY3,High Street,2025-04-16,19,false,64,18,9619.82,0.2813,true
ST05,CITY4,Mall,2025-04-17,20,false,53,6,2393.62,0.1132,true
ST06,CITY5,High Street,2025-04-18,21,false,22,5,3174.52,0.2273,true
ST07,CITY0,Mall,2025-04-19,10,true,,6,4012.18,,false
ST08,CITY1,High Street,2025-04-20,11,true,48,10,4958.7,0.2083,true
ST09,CITY2,Mall,2025-04-21,12,false,36,3,1005.14,0.0833,true
ST10,CITY3,High Street,2025-04-22,13,false,24,6,1597.61,0.25,true
ST11,CITY4,Mall,2025-04-12,14,true,24,2,185.7,0.0833,true
ST12,CITY5,High Street,2025-04-13,15,true,22,1,145.44,0.0455,true
ST01,CITY0,Mall,2025-04-13,17,true,62,9,3937.85,0.1452,true
ST02,CITY1,High Street,2025-04-14,18,false,45,11,6041.55,0.2444,true
ST03,CITY2,Mall,2025-04-15,19,false,46,12,7242.84,0.2609,true
ST04,CITY3,High Street,2025-04-16,20,false,40,11,6371.77,0.275,true
ST05,CITY4,Mall,2025-04-17,21,false,25,3,2060.94,0.12,true
ST06,CITY5,High Street,2025-04-18,10,false,39,8,4285.0,0.2051,true
ST07,CITY0,Mall,2025-04-19,11,true,,9,3774.38,,false
ST08,CITY1,High Street,2025-04-20,12,true,42,9,2937.39,0.2143,true
ST09,CITY2,Mall,2025-04-21,13,false,30,3,2971.37,0.1,true
ST10,CITY3,High Street,2025-04-22,14,false,22,2,670.12,0.0909,true
ST11,CITY4,Mall,2025-04-12,15,true,37,3,1187.1,0.0811,true
ST12,CITY5,High Street,2025-04-13,16,true,30,2,839.2,0.0667,true
ST01,CITY0,Mall,2025-04-13,18,true,80,12,6664.1,0.15,true
ST02,CITY1,High Street,2025-04-14,19,false,64,16,9205.44,0.25,true
ST03,CITY2,Mall,2025-04-15,20,false,60,16,9682.65,0.2667,true
ST04,CITY3,High Street,2025-04-16,21,false,25,7,5635.3,0.28,true
ST05,CITY4,Mall,2025-04-17,10,false,34,4,2825.37,0.1176,true
ST06,CITY5,High Street,2025-04-18,11,false,25,5,4630.9,0.2,true
ST07,CITY0,Mall,2025-04-19,12,true,,7,2698.65,,false
ST08,CITY1,High Street,2025-04-20,13,true,39,8,3233.05,0.2051,true
ST09,CITY2,Mall,2025-04-21,14,false,18,1,163.16,0.0556,true
ST10,CITY3,High Street,2025-04-22,15,false,23,3,979.12,0.1304,true
ST11,CITY4,Mall,2025-04-12,16,true,21,1,395.61,0.0476,true
ST12,CITY5,High Street,2025-04-13,17,true,54,7,2279.24,0.1296,true
ST01,CITY0,Mall,2025-04-13,19,true,66,10,3001.91,0.1515,true
ST02,CITY1,High Street,2025-04-14,20,false,67,17,6557.5,0.2537,true
ST03,CITY2,Mall,2025-04-15,21,false,38,10,4894.87,0.2632,true
ST04,CITY3,High Street,2025-04-16,10,false,35,10,6793.65,0.2857,true
ST05,CITY4,Mall,2025-04-17,11,false,25,3,1547.74,0.12,true
ST06,CITY5,High Street,2025-04-18,12,false,28,6,4106.69,0.2143,true
ST07,CITY0,Mall,2025-04-19,13,true,49,7,2031.37,0.1429,true
ST08,CITY1,High Street,2025-04-20,14,true,25,2,1131.94,0.08,true
ST09,CITY2,Mall,2025-04-21,15,false,22,1,369.26,0.0455,true
ST10,CITY3,High Street,2025-04-22,16,false,23,3,881.5,0.1304,true
ST11,CITY4,Mall,2025-04-12,17,true,53,8,2302.42,0.1509,true
ST12,CITY5,High Street,2025-04-13,18,true,78,10,5009.3,0.1282,true
ST01,CITY0,Mall,2025-04-13,20,true,92,14,7530.65,0.1522,true
ST02,CITY1,High Street,2025-04-14,21,false,38,9,3084.46,0.2368,true
ST03,CITY2,Mall,2025-04-15,10,false,26,7,2793.64,0.2692,true
ST04,CITY3,High Street,2025-04-16,11,false,23,6,2697.38,0.2609,true
ST05,CITY4,Mall,2025-04-17,12,false,26,3,1064.23,0.1154,true
ST06,CITY5,High Street,2025-04-18,13,false,25,5,2272.84,0.2,true
ST07,CITY0,Mall,2025-04-19,14,true,29,2,1220.62,0.069,true
ST08,CITY1,High Street,2025-04-20,15,true,21,2,1820.12,0.0952,true
ST09,CITY2,Mall,2025-04-21,16,false,21,1,634.09,0.0476,true
ST10,CITY3,High Street,2025-04-22,17,false,29,7,3728.28,0.2414,true
ST11,CITY4,Mall,2025-04-12,18,true,61,9,5832.13,0.1475,true
ST12,CITY5,High Street,2025-04-13,19,true,73,9,4938.17,0.1233,true
ST01,CITY0,Mall,2025-04-13,21,true,48,7,3283.11,0.1458,true
ST02,CITY1,High Street,2025-04-14,10,false,24,6,3572.6,0.25,true
ST03,CITY2,Mall,2025-04-15,11,false,26,7,3049.29,0.2692,true
ST04,CITY3,High Street,2025-04-16,12,false,23,6,5696.34,0.2609,true
ST05,CITY4,Mall,2025-04-17,13,false,27,3,1028.89,0.1111,true
ST06,CITY5,High Street,2025-04-18,14,false,23,2,749.03,0.087,true
ST07,CITY0,Mall,2025-04-19,15,true,23,2,720.98,0.087,true
ST08,CITY1,High Street,2025-04-20,16,true,23,2,1103.33,0.087,true
ST09,CITY2,Mall,2025-04-21,17,false,27,2,978.29,0.0741,true
ST10,CITY3,High Street,2025-04-22,18,false,55,13,6887.73,0.2364,true
ST11,CITY4,Mall,2025-04-12,19,true,68,10,5651.96,0.1471,true
ST12,CITY5,High Street,2025-04-13,20,true,108,14,6313.87,0.1296,true
ST01,CITY0,Mall,2025-04-14,10,false,33,6,6110.84,0.1818,true
ST02,CITY1,High Street,2025-04-15,11,false,30,7,6411.47,0.2333,true
ST03,CITY2,Mall,2025-04-16,12,false,22,6,2842.92,0.2727,true
ST04,CITY3,High Street,2025-04-17,13,false,32,9,5671.34,0.2813,true
ST05,CITY4,Mall,2025-04-18,14,false,14,1,252.69,0.0714,true
ST06,CITY5,High Street,2025-04-19,15,true,23,2,1865.21,0.087,true
ST07,CITY0,Mall,2025-04-20,16,true,30,2,718.56,0.0667,true
ST08,CITY1,High Street,2025-04-21,17,false,35,9,3625.23,0.2571,true
ST09,CITY2,Mall,2025-04-22,18,false,40,4,2449.42,0.1,true
ST10,CITY3,High Street,2025-04-12,19,true,112,23,11889.0,0.2054,true
ST11,CITY4,Mall,2025-04-13,20,true,79,12,5291.53,0.1519,true
ST12,CITY5,High Street,2025-04-14,21,false,38,6,3333.72,0.1579,true
ST01,CITY0,Mall,2025-04-14,11,false,36,6,4946.51,0.1667,true
ST02,CITY1,High Street,2025-04-15,12,false,27,7,4106.65,0.2593,true
ST03,CITY2,Mall,2025-04-16,13,false,29,8,4665.88,0.2759,true
ST04,CITY3,High Street,2025-04-17,14,false,15,2,1061.63,0.1333,true
ST05,CITY4,Mall,2025-04-18,15,false,21,1,264.84,0.0476,true
ST06,CITY5,High Street,2025-04-19,16,true,21,2,630.6,0.0952,true
ST07,CITY0,Mall,2025-04-20,17,true,52,8,4293.12,0.1538,true
ST08,CITY1,High Street,2025-04-21,18,false,47,12,4495.71,0.2553,true
ST09,CITY2,Mall,2025-04-22,19,false,41,4,2630.88,0.0976,true
ST10,CITY3,High Street,2025-04-12,20,true,108,22,9395.92,0.2037,true
ST11,CITY4,Mall,2025-04-13,21,true,35,5,1462.59,0.1429,true
ST12,CITY5,High Street,2025-04-14,10,false,39,6,3125.53,0.1538,true
ST01,CITY0,Mall,2025-04-14,12,false,21,4,2049.02,0.1905,true
ST02,CITY1,High Street,2025-04-15,13,false,28,7,2709.99,0.25,true
ST03,CITY2,Mall,2025-04-16,14,false,16,2,561.2,0.125,true
ST04,CITY3,High Street,2025-04-17,15,false,18,2,1006.07,0.1111,true
ST05,CITY4,Mall,2025-04-18,16,false,15,1,679.77,0.0667,true
ST06,CITY5,High Street,2025-04-19,17,true,46,8,3262.74,0.1739,true
ST07,CITY0,Mall,2025-04-20,18,true,82,12,5819.8,0.1463,true
ST08,CITY1,High Street,2025-04-21,19,false,41,10,4966.9,0.2439,true
ST09,CITY2,Mall,2025-04-22,20,false,62,6,2389.71,0.0968,true
ST10,CITY3,High Street,2025-04-12,21,true,45,9,5927.59,0.2,true
ST11,CITY4,Mall,2025-04-13,10,true,37,6,2313.12,0.1622,true
ST12,CITY5,High Street,2025-04-14,11,false,25,4,2037.95,0.16,true
ST01,CITY0,Mall,2025-04-14,13,false,39,7,2955.61,0.1795,true
ST02,CITY1,High Street,2025-04-15,14,false,18,2,930.68,0.1111,true
ST03,CITY2,Mall,2025-04-16,15,false,14,2,1752.21,0.1429,true
ST04,CITY3,High Street,2025-04-17,16,false,21,3,1625.53,0.1429,true
ST05,CITY4,Mall,2025-04-18,17,false,36,4,2756.63,0.1111,true
ST06,CITY5,High Street,2025-04-19,18,true,90,16,10264.45,0.1778,true
ST07,CITY0,Mall,2025-04-20,19,true,83,12,5462.06,0.1446,true
ST08,CITY1,High Street,2025-04-21,20,false,53,14,6149.24,0.2642,true
ST09,CITY2,Mall,2025-04-22,21,false,33,3,1036.07,0.0909,true
ST10,CITY3,High Street,2025-04-12,10,true,47,10,4685.16,0.2128,true
ST11,CITY4,Mall,2025-04-13,11,true,45,7,2470.34,0.1556,true
ST12,CITY5,High Street,2025-04-14,12,false,36,6,1391.44,0.1667,true
ST01,CITY0,Mall,2025-04-14,14,false,16,1,496.82,0.0625,true
ST02,CITY1,High Street,2025-04-15,15,false,18,2,1250.42,0.1111,true
ST03,CITY2,Mall,2025-04-16,16,false,20,2,1067.5,0.1,true
ST04,CITY3,High Street,2025-04-17,17,false,27,7,4452.87,0.2593,true
ST05,CITY4,Mall,2025-04-18,18,false,59,7,3479.65,0.1186,true
ST06,CITY5,High Street,2025-04-19,19,true,82,14,8877.95,0.1707,true
ST07,CITY0,Mall,2025-04-20,20,true,98,14,6732.74,0.1429,true
ST08,CITY1,High Street,2025-04-21,21,false,29,7,4814.55,0.2414,true
ST09,CITY2,Mall,2025-04-22,10,false,37,3,1081.64,0.0811,true
ST10,CITY3,High Street,2025-04-12,11,true,34,7,3024.81,0.2059,true
ST11,CITY4,Mall,2025-04-13,12,true,57,9,5544.21,0.1579,true
ST12,CITY5,High Street,2025-04-14,13,false,37,6,3388.43,0.1622,true
ST01,CITY0,Mall,2025-04-14,15,false,15,1,958.09,0.0667,true
ST02,CITY1,High Street,2025-04-15,16,false,23,3,1213.48,0.1304,true
ST03,CITY2,Mall,2025-04-16,17,false,21,6,4646.27,0.2857,true
ST04,CITY3,High Street,2025-04-17,18,false,56,15,6910.5,0.2679,true
ST05,CITY4,Mall,2025-04-18,19,false,65,7,2927.59,0.1077,true
ST06,CITY5,High Street,2025-04-19,20,true,98,17,9113.33,0.1735,true
ST07,CITY0,Mall,2025-04-20,21,true,60,9,3397.15,0.15,true
ST08,CITY1,High Street,2025-04-21,10,false,32,8,5196.31,0.25,true
ST09,CITY2,Mall,2025-04-22,11,false,36,3,1588.69,0.0833,true
ST10,CITY3,High Street,2025-04-12,12,true,56,12,7871.65,0.2143,true
ST11,CITY4,Mall,2025-04-13,13,true,38,6,2948.82,0.1579,true
ST12,CITY5,High Street,2025-04-14,14,false,16,1,397.67,0.0625,true
ST01,CITY0,Mall,2025-04-14,16,false,,1,455.46,,false
ST02,CITY1,High Street,2025-04-15,17,false,23,6,1969.11,0.2609,true
ST03,CITY2,Mall,2025-04-16,18,false,65,18,10655.21,0.2769,true
ST04,CITY3,High Street,2025-04-17,19,false,44,12,4959.5,0.2727,true
ST05,CITY4,Mall,2025-04-18,20,false,68,8,5380.76,0.1176,true
ST06,CITY5,High Street,2025-04-19,21,true,39,7,4017.91,0.1795,true
ST07,CITY0,Mall,2025-04-20,10,true,51,7,3735.83,0.1373,true
ST08,CITY1,High Street,2025-04-21,11,false,36,9,3472.4,0.25,true
ST09,CITY2,Mall,2025-04-22,12,false,25,2,490.03,0.08,true
ST10,CITY3,High Street,2025-04-12,13,true,54,11,3183.23,0.2037,true
ST11,CITY4,Mall,2025-04-13,14,true,34,2,1097.61,0.0588,true
ST12,CITY5,High Street,2025-04-14,15,false,23,2,458.02,0.087,true
ST01,CITY0,Mall,2025-04-14,17,false,,6,4194.93,,false
ST02,CITY1,High Street,2025-04-15,18,false,58,14,6386.27,0.2414,true
ST03,CITY2,Mall,2025-04-16,19,false,57,15,8532.59,0.2632,true
ST04,CITY3,High Street,2025-04-17,20,false,42,12,4077.83,0.2857,true
ST05,CITY4,Mall,2025-04-18,21,false,30,3,1277.68,0.1,true
ST06,CITY5,High Street,2025-04-19,10,true,,10,4729.85,,false
ST07,CITY0,Mall,2025-04-20,11,true,39,6,2362.47,0.1538,true
ST08,CITY1,High Street,2025-04-21,12,false,30,8,2635.74,0.2667,true
ST09,CITY2,Mall,2025-04-22,13,false,25,2,906.38,0.08,true
ST10,CITY3,High Street,2025-04-12,14,true,23,2,441.02,0.087,true
ST11,CITY4,Mall,2025-04-13,15,true,36,2,948.56,0.0556,true
ST12,CITY5,High Street,2025-04-14,16,false,,1,184.27,,false
ST01,CITY0,Mall,2025-04-14,18,false,45,8,4725.83,0.1778,true
ST02,CITY1,High Street,2025-04-15,19,false,64,16,8867.57,0.25,true
ST03,CITY2,Mall,2025-04-16,20,false,66,18,8090.58,0.2727,true
ST04,CITY3,High Street,2025-04-17,21,false,31,9,5017.82,0.2903,true
ST05,CITY4,Mall,2025-04-18,10,false,36,4,1909.31,0.1111,true
ST06,CITY5,High Street,2025-04-19,11,true,,8,3904.05,,false
ST07,CITY0,Mall,2025-04-20,12,true,38,6,2193.1,0.1579,true
ST08,CITY1,High Street,2025-04-21,13,false,27,7,2855.07,0.2593,true
ST09,CITY2,Mall,2025-04-22,14,false,23,1,259.56,0.0435,true
ST10,CITY3,High Street,2025-04-12,15,true,29,3,1309.53,0.1034,true
ST11,CITY4,Mall,2025-04-13,16,true,27,2,2140.47,0.0741,true
ST12,CITY5,High Street,2025-04-14,17,false,,5,1752.4,,false
ST01,CITY0,Mall,2025-04-14,19,false,49,9,4142.2,0.1837,true
ST02,CITY1,High Street,2025-04-15,20,false,56,14,5734.1,0.25,true
ST03,CITY2,Mall,2025-04-16,21,false,23,6,1847.98,0.2609,true
ST04,CITY3,High Street,2025-04-17,10,false,28,8,3870.28,0.2857,true
ST05,CITY4,Mall,2025-04-18,11,false,27,3,3345.95,0.1111,true
ST06,CITY5,High Street,2025-04-19,12,true,,6,2534.39,,false
ST07,CITY0,Mall,2025-04-20,13,true,62,9,4280.19,0.1452,true
ST08,CITY1,High Street,2025-04-21,14,false,13,1,136.48,0.0769,true
ST09,CITY2,Mall,2025-04-22,15,false,17,1,704.79,0.0588,true
ST10,CITY3,High Street,2025-04-12,16,true,36,3,1628.83,0.0833,true
ST11,CITY4,Mall,2025-04-13,17,true,39,6,2796.85,0.1538,true
ST12,CITY5,High Street,2025-04-14,18,false,43,7,4473.4,0.1628,true
ST01,CITY0,Mall,2025-04-14,20,false,59,10,4789.22,0.1695,true
ST02,CITY1,High Street,2025-04-15,21,false,35,9,4093.15,0.2571,true
ST03,CITY2,Mall,2025-04-16,10,false,29,8,7785.37,0.2759,true
ST04,CITY3,High Street,2025-04-17,11,false,25,7,3190.66,0.28,true
ST05,CITY4,Mall,2025-04-18,12,false,36,4,2213.55,0.1111,true
ST06,CITY5,High Street,2025-04-19,13,true,55,10,5767.42,0.1818,true
ST07,CITY0,Mall,2025-04-20,14,true,31,2,331.15,0.0645,true
ST08,CITY1,High Street,2025-04-21,15,false,14,2,999.63,0.1429,true
ST09,CITY2,Mall,2025-04-22,16,false,20,1,397.81,0.05,true
ST10,CITY3,High Street,2025-04-12,17,true,49,10,4376.9,0.2041,true
ST11,CITY4,Mall,2025-04-13,18,true,101,15,8065.12,0.1485,true
ST12,CITY5,High Street,2025-04-14,19,false,48,7,3455.79,0.1458,true
ST01,CITY0,Mall,2025-04-14,21,false,25,4,1343.09,0.16,true
ST02,CITY1,High Street,2025-04-15,10,false,36,9,3880.95,0.25,true
ST03,CITY2,Mall,2025-04-16,11,false,26,7,5455.72,0.2692,true
ST04,CITY3,High Street,2025-04-17,12,false,33,9,5366.57,0.2727,true
ST05,CITY4,Mall,2025-04-18,13,false,34,4,1959.63,0.1176,true
ST06,CITY5,High Street,2025-04-19,14,true,24,2,908.2,0.0833,true
ST07,CITY0,Mall,2025-04-20,15,true,23,2,1430.05,0.087,true
ST08,CITY1,High Street,2025-04-21,16,false,18,2,1069.61,0.1111,true
ST09,CITY2,Mall,2025-04-22,17,false,33,3,1068.56,0.0909,true
ST10,CITY3,High Street,2025-04-12,18,true,85,18,10695.72,0.2118,true
ST11,CITY4,Mall,2025-04-13,19,true,82,12,7829.21,0.1463,true
ST12,CITY5,High Street,2025-04-14,20,false,54,8,3570.94,0.1481,true
ST01,CITY0,Mall,2025-04-15,10,false,31,5,4100.24,0.1613,true
ST02,CITY1,High Street,2025-04-16,11,false,22,5,2421.4,0.2273,true
ST03,CITY2,Mall,2025-04-17,12,false,24,7,3356.54,0.2917,true
ST04,CITY3,High Street,2025-04-18,13,false,33,9,7287.83,0.2727,true
ST05,CITY4,Mall,2025-04-19,14,true,22,1,141.46,0.0455,true
ST06,CITY5,High Street,2025-04-20,15,true,29,2,1040.27,0.069,true
ST07,CITY0,Mall,2025-04-21,16,false,17,1,814.67,0.0588,true
ST08,CITY1,High Street,2025-04-22,17,false,36,9,4020.34,0.25,true
ST09,CITY2,Mall,2025-04-12,18,true,108,8,4654.84,0.0741,true
ST10,CITY3,High Street,2025-04-13,19,true,104,22,12238.08,0.2115,true
ST11,CITY4,Mall,2025-04-14,20,false,42,7,1933.79,0.1667,true
ST12,CITY5,High Street,2025-04-15,21,false,30,5,1940.18,0.1667,true
ST01,CITY0,Mall,2025-04-15,11,false,31,5,3159.19,0.1613,true
ST02,CITY1,High Street,2025-04-16,12,false,28,7,2280.6,0.25,true
ST03,CITY2,Mall,2025-04-17,13,false,22,6,1951.2,0.2727,true
ST04,CITY3,High Street,2025-04-18,14,false,18,2,568.58,0.1111,true
ST05,CITY4,Mall,2025-04-19,15,true,31,1,63.2,0.0323,true
ST06,CITY5,High Street,2025-04-20,16,true,28,2,1300.56,0.0714,true
ST07,CITY0,Mall,2025-04-21,17,false,31,5,3814.01,0.1613,true
ST08,CITY1,High Street,2025-04-22,18,false,69,18,11289.62,0.2609,true
ST09,CITY2,Mall,2025-04-12,19,true,73,6,2665.71,0.0822,true
ST10,CITY3,High Street,2025-04-13,20,true,71,15,5340.35,0.2113,true
ST11,CITY4,Mall,2025-04-14,21,false,29,5,2143.24,0.1724,true
ST12,CITY5,High Street,2025-04-15,10,false,24,4,1150.18,0.1667,true
ST01,CITY0,Mall,2025-04-15,12,false,22,4,2059.07,0.1818,true
ST02,CITY1,High Street,2025-04-16,13,false,26,6,2442.07,0.2308,true
ST03,CITY2,Mall,2025-04-17,14,false,18,2,460.89,0.1111,true
ST04,CITY3,High Street,2025-04-18,15,false,21,3,795.45,0.1429,true
ST05,CITY4,Mall,2025-04-19,16,true,31,1,223.63,0.0323,true
ST06,CITY5,High Street,2025-04-20,17,true,51,9,3669.52,0.1765,true
ST07,CITY0,Mall,2025-04-21,18,false,53,9,4039.47,0.1698,true
ST08,CITY1,High Street,2025-04-22,19,false,45,11,7226.87,0.2444,true
ST09,CITY2,Mall,2025-04-12,20,true,70,5,3103.99,0.0714,true
ST10,CITY3,High Street,2025-04-13,21,true,54,11,5374.18,0.2037,true
ST11,CITY4,Mall,2025-04-14,10,false,34,6,3468.23,0.1765,true
ST12,CITY5,High Street,2025-04-15,11,false,35,5,2746.5,0.1429,true
ST01,CITY0,Mall,2025-04-15,13,false,35,6,2907.75,0.1714,true
ST02,CITY1,High Street,2025-04-16,14,false,13,1,712.73,0.0769,true
ST03,CITY2,Mall,2025-04-17,15,false,19,2,884.27,0.1053,true
ST04,CITY3,High Street,2025-04-18,16,false,19,2,1374.59,0.1053,true
ST05,CITY4,Mall,2025-04-19,17,true,35,3,1369.72,0.0857,true
ST06,CITY5,High Street,2025-04-20,18,true,97,17,8938.64,0.1753,true
ST07,CITY0,Mall,2025-04-21,19,false,41,7,2851.58,0.1707,true
ST08,CITY1,High Street,2025-04-22,20,false,49,12,4076.13,0.2449,true
ST09,CITY2,Mall,2025-04-12,21,true,39,3,1049.85,0.0769,true
ST10,CITY3,High Street,2025-04-13,10,true,46,10,3858.13,0.2174,true
ST11,CITY4,Mall,2025-04-14,11,false,22,4,1698.51,0.1818,true
ST12,CITY5,High Street,2025-04-15,12,false,33,5,2605.34,0.1515,true
ST01,CITY0,Mall,2025-04-15,14,false,20,2,1131.81,0.1,true
ST02,CITY1,High Street,2025-04-16,15,false,19,2,1170.29,0.1053,true
ST03,CITY2,Mall,2025-04-17,16,false,15,2,643.77,0.1333,true
ST04,CITY3,High Street,2025-04-18,17,false,36,10,6962.89,0.2778,true
ST05,CITY4,Mall,2025-04-19,18,true,66,6,2521.15,0.0909,true
ST06,CITY5,High Street,2025-04-20,19,true,104,18,9259.44,0.1731,true
ST07,CITY0,Mall,2025-04-21,20,false,43,7,1933.4,0.1628,true
ST08,CITY1,High Street,2025-04-22,21,false,32,8,3752.72,0.25,true
ST09,CITY2,Mall,2025-04-12,10,true,54,4,2124.17,0.0741,true
ST10,CITY3,High Street,2025-04-13,11,true,41,9,3827.71,0.2195,true
ST11,CITY4,Mall,2025-04-14,12,false,36,6,3730.23,0.1667,true
ST12,CITY5,High Street,2025-04-15,13,false,35,5,1035.59,0.1429,true
ST01,CITY0,Mall,2025-04-15,15,false,18,1,62.33,0.0556,true
ST02,CITY1,High Street,2025-04-16,16,false,22,2,1796.86,0.0909,true
ST03,CITY2,Mall,2025-04-17,17,false,37,10,5767.64,0.2703,true
ST04,CITY3,High Street,2025-04-18,18,false,56,15,7651.43,0.2679,true
ST05,CITY4,Mall,2025-04-19,19,true,93,9,3622.79,0.0968,true
ST06,CITY5,High Street,2025-04-20,20,true,91,16,7696.75,0.1758,true
ST07,CITY0,Mall,2025-04-21,21,false,29,5,3392.84,0.1724,true
ST08,CITY1,High Street,2025-04-22,10,false,35,9,4172.15,0.2571,true
ST09,CITY2,Mall,2025-04-12,11,true,37,3,3593.4,0.0811,true
ST10,CITY3,High Street,2025-04-13,12,true,43,9,6122.77,0.2093,true
ST11,CITY4,Mall,2025-04-14,13,false,29,5,2561.61,0.1724,true
ST12,CITY5,High Street,2025-04-15,14,false,21,1,399.31,0.0476,true
ST01,CITY0,Mall,2025-04-15,16,false,17,1,150.0,0.0588,true
ST02,CITY1,High Street,2025-04-16,17,false,24,6,3065.23,0.25,true
ST03,CITY2,Mall,2025-04-17,18,false,60,16,6246.57,0.2667,true
ST04,CITY3,High Street,2025-04-18,19,false,40,11,5558.18,0.275,true
ST05,CITY4,Mall,2025-04-19,20,true,108,10,5606.35,0.0926,true
ST06,CITY5,High Street,2025-04-20,21,true,46,8,4010.51,0.1739,true
ST07,CITY0,Mall,2025-04-21,10,false,23,4,2652.08,0.1739,true
ST08,CITY1,High Street,2025-04-22,11,false,28,7,4364.18,0.25,true
ST09,CITY2,Mall,2025-04-12,12,true,49,4,1432.16,0.0816,true
ST10,CITY3,High Street,2025-04-13,13,true,53,11,5178.81,0.2075,true
ST11,CITY4,Mall,2025-04-14,14,false,16,1,684.57,0.0625,true
ST12,CITY5,High Street,2025-04-15,15,false,18,1,745.1,0.0556,true
ST01,CITY0,Mall,2025-04-15,17,false,33,6,3703.18,0.1818,true
ST02,CITY1,High Street,2025-04-16,18,false,51,13,5184.18,0.2549,true
ST03,CITY2,Mall,2025-04-17,19,false,38,10,6486.85,0.2632,true
ST04,CITY3,High Street,2025-04-18,20,false,70,19,11286.2,0.2714,true
ST05,CITY4,Mall,2025-04-19,21,true,36,3,2379.87,0.0833,true
ST06,CITY5,High Street,2025-04-20,10,true,59,10,6944.0,0.1695,true
ST07,CITY0,Mall,2025-04-21,11,false,24,4,1161.78,0.1667,true
ST08,CITY1,High Street,2025-04-22,12,false,31,8,4591.39,0.2581,true
ST09,CITY2,Mall,2025-04-12,13,true,49,4,2181.16,0.0816,true
ST10,CITY3,High Street,2025-04-13,14,true,20,2,496.5,0.1,true
ST11,CITY4,Mall,2025-04-14,15,false,19,2,1173.54,0.1053,true
ST12,CITY5,High Street,2025-04-15,16,false,22,2,674.11,0.0909,true
ST01,CITY0,Mall,2025-04-15,18,false,43,8,5101.72,0.186,true
ST02,CITY1,High Street,2025-04-16,19,false,43,11,6000.21,0.2558,true
ST03,CITY2,Mall,2025-04-17,20,false,63,17,8587.45,0.2698,true
ST04,CITY3,High Street,2025-04-18,21,false,34,9,5762.79,0.2647,true
ST05,CITY4,Mall,2025-04-19,10,true,,3,1479.32,,false
ST06,CITY5,High Street,2025-04-20,11,true,62,11,5634.83,0.1774,true
ST07,CITY0,Mall,2025-04-21,12,false,28,5,2488.05,0.1786,true
ST08,CITY1,High Street,2025-04-22,13,false,36,9,4530.71,0.25,true
ST09,CITY2,Mall,2025-04-12,14,true,25,1,286.61,0.04,true
ST10,CITY3,High Street,2025-04-13,15,true,33,3,1491.8,0.0909,true
ST11,CITY4,Mall,2025-04-14,16,false,,2,866.95,,false
ST12,CITY5,High Street,2025-04-15,17,false,36,6,2446.13,0.1667,true
ST01,CITY0,Mall,2025-04-15,19,false,58,10,7420.43,0.1724,true
ST02,CITY1,High Street,2025-04-16,20,false,41,10,5379.58,0.2439,true
ST03,CITY2,Mall,2025-04-17,21,false,30,8,9331.29,0.2667,true
ST04,CITY3,High Street,2025-04-18,10,false,22,6,3890.66,0.2727,true
ST05,CITY4,Mall,2025-04-19,11,true,,6,2422.29,,false
ST06,CITY5,High Street,2025-04-20,12,true,39,7,2678.76,0.1795,true
ST07,CITY0,Mall,2025-04-21,13,false,36,6,2923.18,0.1667,true
ST08,CITY1,High Street,2025-04-22,14,false,15,2,853.07,0.1333,true
ST09,CITY2,Mall,2025-04-12,15,true,25,1,177.92,0.04,true
ST10,CITY3,High Street,2025-04-13,16,true,35,3,3080.09,0.0857,true
ST11,CITY4,Mall,2025-04-14,17,false,,7,2411.97,,false
ST12,CITY5,High Street,2025-04-15,18,false,42,6,2881.1,0.1429,true
ST01,CITY0,Mall,2025-04-15,20,false,53,9,2665.08,0.1698,true
ST02,CITY1,High Street,2025-04-16,21,false,36,9,3080.43,0.25,true
ST03,CITY2,Mall,2025-04-17,10,false,30,8,3664.01,0.2667,true
ST04,CITY3,High Street,2025-04-18,11,false,38,10,6969.87,0.2632,true
ST05,CITY4,Mall,2025-04-19,12,true,,3,1757.54,,false
ST06,CITY5,High Street,2025-04-20,13,true,41,7,2894.04,0.1707,true
ST07,CITY0,Mall,2025-04-21,14,false,21,2,734.7,0.0952,true
ST08,CITY1,High Street,2025-04-22,15,false,16,2,492.36,0.125,true
ST09,CITY2,Mall,2025-04-12,16,true,32,1,386.56,0.0313,true
ST10,CITY3,High Street,2025-04-13,17,true,41,9,4969.89,0.2195,true
ST11,CITY4,Mall,2025-04-14,18,false,55,10,5043.01,0.1818,true
ST12,CITY5,High Street,2025-04-15,19,false,59,9,6290.21,0.1525,true
ST01,CITY0,Mall,2025-04-15,21,false,25,4,1218.72,0.16,true
ST02,CITY1,High Street,2025-04-16,10,false,38,9,5225.14,0.2368,true
ST03,CITY2,Mall,2025-04-17,11,false,33,9,7841.63,0.2727,true
ST04,CITY3,High Street,2025-04-18,12,false,29,8,4108.88,0.2759,true
ST05,CITY4,Mall,2025-04-19,13,true,51,5,3006.81,0.098,true
ST06,CITY5,High Street,2025-04-20,14,true,33,3,2837.28,0.0909,true
ST07,CITY0,Mall,2025-04-21,15,false,22,2,577.57,0.0909,true
ST08,CITY1,High Street,2025-04-22,16,false,17,2,736.47,0.1176,true
ST09,CITY2,Mall,2025-04-12,17,true,38,3,2110.47,0.0789,true
ST10,CITY3,High Street,2025-04-13,18,true,86,18,9580.52,0.2093,true
ST11,CITY4,Mall,2025-04-14,19,false,41,7,5095.74,0.1707,true
ST12,CITY5,High Street,2025-04-15,20,false,63,10,4597.23,0.1587,true
ST01,CITY0,Mall,2025-04-16,10,false,29,5,2639.95,0.1724,true
ST02,CITY1,High Street,2025-04-17,11,false,30,7,5321.39,0.2333,true
ST03,CITY2,Mall,2025-04-18,12,false,23,6,3438.45,0.2609,true
ST04,CITY3,High Street,2025-04-19,13,true,42,10,5454.48,0.2381,true
ST05,CITY4,Mall,2025-04-20,14,true,28,1,585.27,0.0357,true
ST06,CITY5,High Street,2025-04-21,15,false,16,1,320.25,0.0625,true
ST07,CITY0,Mall,2025-04-22,16,false,20,2,477.91,0.1,true
ST08,CITY1,High Street,2025-04-12,17,true,53,11,3285.74,0.2075,true
ST09,CITY2,Mall,2025-04-13,18,true,68,5,2545.39,0.0735,true
ST10,CITY3,High Street,2025-04-14,19,false,69,17,8103.91,0.2464,true
ST11,CITY4,Mall,2025-04-15,20,false,53,9,5282.53,0.1698,true
ST12,CITY5,High Street,2025-04-16,21,false,29,4,1703.72,0.1379,true
ST01,CITY0,Mall,2025-04-16,11,false,29,5,1717.41,0.1724,true
ST02,CITY1,High Street,2025-04-17,12,false,30,7,2680.97,0.2333,true
ST03,CITY2,Mall,2025-04-18,13,false,22,6,2092.67,0.2727,true
ST04,CITY3,High Street,2025-04-19,14,true,37,4,898.23,0.1081,true
ST05,CITY4,Mall,2025-04-20,15,true,25,1,136.3,0.04,true
ST06,CITY5,High Street,2025-04-21,16,false,20,2,1231.6,0.1,true
ST07,CITY0,Mall,2025-04-22,17,false,26,4,1474.4,0.1538,true
ST08,CITY1,High Street,2025-04-12,18,true,63,14,5743.65,0.2222,true
ST09,CITY2,Mall,2025-04-13,19,true,81,6,2511.34,0.0741,true
ST10,CITY3,High Street,2025-04-14,20,false,52,13,5359.91,0.25,true
ST11,CITY4,Mall,2025-04-15,21,false,24,4,1801.06,0.1667,true
ST12,CITY5,High Street,2025-04-16,10,false,37,6,3266.12,0.1622,true
ST01,CITY0,Mall,2025-04-16,12,false,30,5,3513.73,0.1667,true
ST02,CITY1,High Street,2025-04-17,13,false,36,9,2926.46,0.25,true
ST03,CITY2,Mall,2025-04-18,14,false,15,2,857.1,0.1333,true
ST04,CITY3,High Street,2025-04-19,15,true,32,3,1118.22,0.0938,true
ST05,CITY4,Mall,2025-04-20,16,true,27,1,1203.11,0.037,true
ST06,CITY5,High Street,2025-04-21,17,false,33,7,3597.94,0.2121,true
ST07,CITY0,Mall,2025-04-22,18,false,49,8,4552.01,0.1633,true
ST08,CITY1,High Street,2025-04-12,19,true,108,23,9713.04,0.213,true
ST09,CITY2,Mall,2025-04-13,20,true,87,7,4227.39,0.0805,true
ST10,CITY3,High Street,2025-04-14,21,false,35,9,2837.74,0.2571,true
ST11,CITY4,Mall,2025-04-15,10,false,30,5,1748.83,0.1667,true
ST12,CITY5,High Street,2025-04-16,11,false,32,5,2398.36,0.1563,true
ST01,CITY0,Mall,2025-04-16,13,false,23,4,2156.81,0.1739,true
ST02,CITY1,High Street,2025-04-17,14,false,13,1,531.8,0.0769,true
ST03,CITY2,Mall,2025-04-18,15,false,19,2,454.23,0.1053,true
ST04,CITY3,High Street,2025-04-19,16,true,36,4,1748.15,0.1111,true
ST05,CITY4,Mall,2025-04-20,17,true,58,5,3187.48,0.0862,true
ST06,CITY5,High Street,2025-04-21,18,false,48,10,5859.65,0.2083,true
ST07,CITY0,Mall,2025-04-22,19,false,48,8,3243.18,0.1667,true
ST08,CITY1,High Street,2025-04-12,20,true,74,16,8044.47,0.2162,true
ST09,CITY2,Mall,2025-04-13,21,true,34,3,2590.45,0.0882,true
ST10,CITY3,High Street,2025-04-14,10,false,34,8,5310.28,0.2353,true
ST11,CITY4,Mall,2025-04-15,11,false,33,6,3888.2,0.1818,true
ST12,CITY5,High Street,2025-04-16,12,false,32,5,1816.2,0.1563,true
ST01,CITY0,Mall,2025-04-16,14,false,23,2,1980.3,0.087,true
ST02,CITY1,High Street,2025-04-17,15,false,16,2,633.98,0.125,true
ST03,CITY2,Mall,2025-04-18,16,false,20,2,1802.63,0.1,true
ST04,CITY3,High Street,2025-04-19,17,true,61,14,10218.99,0.2295,true
ST05,CITY4,Mall,2025-04-20,18,true,100,9,3983.78,0.09,true
ST06,CITY5,High Street,2025-04-21,19,false,42,9,4481.96,0.2143,true
ST07,CITY0,Mall,2025-04-22,20,false,56,10,4079.79,0.1786,true
ST08,CITY1,High Street,2025-04-12,21,true,61,13,6339.59,0.2131,true
ST09,CITY2,Mall,2025-04-13,10,true,43,3,1568.77,0.0698,true
ST10,CITY3,High Street,2025-04-14,11,false,38,9,3291.22,0.2368,true
ST11,CITY4,Mall,2025-04-15,12,false,31,5,2453.02,0.1613,true
ST12,CITY5,High Street,2025-04-16,13,false,35,5,4173.78,0.1429,true
ST01,CITY0,Mall,2025-04-16,15,false,14,1,136.96,0.0714,true
ST02,CITY1,High Street,2025-04-17,16,false,14,2,352.86,0.1429,true
ST03,CITY2,Mall,2025-04-18,17,false,39,11,5270.8,0.2821,true
ST04,CITY3,High Street,2025-04-19,18,true,107,25,12403.33,0.2336,true
ST05,CITY4,Mall,2025-04-20,19,true,67,6,2184.11,0.0896,true
ST06,CITY5,High Street,2025-04-21,20,false,44,9,3699.79,0.2045,true
ST07,CITY0,Mall,2025-04-22,21,false,27,5,3076.29,0.1852,true
ST08,CITY1,High Street,2025-04-12,10,true,39,8,5114.27,0.2051,true
ST09,CITY2,Mall,2025-04-13,11,true,39,3,2523.89,0.0769,true
ST10,CITY3,High Street,2025-04-14,12,false,27,7,4649.6,0.2593,true
ST11,CITY4,Mall,2025-04-15,13,false,21,4,1192.94,0.1905,true
ST12,CITY5,High Street,2025-04-16,14,false,14,1,273.54,0.0714,true
ST01,CITY0,Mall,2025-04-16,16,false,21,2,1712.77,0.0952,true
ST02,CITY1,High Street,2025-04-17,17,false,24,6,2326.5,0.25,true
ST03,CITY2,Mall,2025-04-18,18,false,53,14,6425.92,0.2642,true
ST04,CITY3,High Street,2025-04-19,19,true,94,22,12364.95,0.234,true
ST05,CITY4,Mall,2025-04-20,20,true,66,6,3191.36,0.0909,true
ST06,CITY5,High Street,2025-04-21,21,false,27,6,3300.8,0.2222,true
ST07,CITY0,Mall,2025-04-22,10,false,36,6,3818.98,0.1667,true
ST08,CITY1,High Street,2025-04-12,11,true,36,8,5503.58,0.2222,true
ST09,CITY2,Mall,2025-04-13,12,true,59,5,1054.93,0.0847,true
ST10,CITY3,High Street,2025-04-14,13,false,38,9,5712.14,0.2368,true
ST11,CITY4,Mall,2025-04-15,14,false,16,1,648.64,0.0625,true
ST12,CITY5,High Street,2025-04-16,15,false,19,1,664.0,0.0526,true
ST01,CITY0,Mall,2025-04-16,17,false,38,7,4839.6,0.1842,true
ST02,CITY1,High Street,2025-04-17,18,false,65,16,7016.04,0.2462,true
ST03,CITY2,Mall,2025-04-18,19,false,50,14,8756.38,0.28,true
ST04,CITY3,High Street,2025-04-19,20,true,81,19,8523.58,0.2346,true
ST05,CITY4,Mall,2025-04-20,21,true,43,4,1728.88,0.093,true
ST06,CITY5,High Street,2025-04-21,10,false,22,5,4043.2,0.2273,true
ST07,CITY0,Mall,2025-04-22,11,false,27,5,2543.44,0.1852,true
ST08,CITY1,High Street,2025-04-12,12,true,58,13,4154.2,0.2241,true
ST09,CITY2,Mall,2025-04-13,13,true,49,4,2225.18,0.0816,true
ST10,CITY3,High Street,2025-04-14,14,false,22,2,980.64,0.0909,true
ST11,CITY4,Mall,2025-04-15,15,false,20,2,1140.88,0.1,true
ST12,CITY5,High Street,2025-04-16,16,false,14,1,552.33,0.0714,true
ST01,CITY0,Mall,2025-04-16,18,false,41,7,3983.78,0.1707,true
ST02,CITY1,High Street,2025-04-17,19,false,41,10,6247.27,0.2439,true
ST03,CITY2,Mall,2025-04-18,20,false,60,16,7333.43,0.2667,true
ST04,CITY3,High Street,2025-04-19,21,true,45,11,6635.58,0.2444,true
ST05,CITY4,Mall,2025-04-20,10,true,54,5,3016.06,0.0926,true
ST06,CITY5,High Street,2025-04-21,11,false,36,7,3668.09,0.1944,true
ST07,CITY0,Mall,2025-04-22,12,false,28,5,2807.82,0.1786,true
ST08,CITY1,High Street,2025-04-12,13,true,44,10,4032.29,0.2273,true
ST09,CITY2,Mall,2025-04-13,14,true,30,1,298.12,0.0333,true
ST10,CITY3,High Street,2025-04-14,15,false,22,2,930.62,0.0909,true
ST11,CITY4,Mall,2025-04-15,16,false,14,1,144.35,0.0714,true
ST12,CITY5,High Street,2025-04-16,17,false,28,4,1594.05,0.1429,true
ST01,CITY0,Mall,2025-04-16,19,false,54,10,4943.57,0.1852,true
ST02,CITY1,High Street,2025-04-17,20,false,68,17,5943.11,0.25,true
ST03,CITY2,Mall,2025-04-18,21,false,36,10,3095.99,0.2778,true
ST04,CITY3,High Street,2025-04-19,10,true,,13,6539.14,,false
ST05,CITY4,Mall,2025-04-20,11,true,60,6,2087.98,0.1,true
ST06,CITY5,High Street,2025-04-21,12,false,23,5,1996.4,0.2174,true
ST07,CITY0,Mall,2025-04-22,13,false,30,5,1357.12,0.1667,true
ST08,CITY1,High Street,2025-04-12,14,true,32,3,856.25,0.0938,true
ST09,CITY2,Mall,2025-04-13,15,true,23,1,205.36,0.0435,true
ST10,CITY3,High Street,2025-04-14,16,false,,2,731.48,,false
ST11,CITY4,Mall,2025-04-15,17,false,29,5,1929.77,0.1724,true
ST12,CITY5,High Street,2025-04-16,18,false,56,9,4286.23,0.1607,true
ST01,CITY0,Mall,2025-04-16,20,false,44,8,7489.86,0.1818,true
ST02,CITY1,High Street,2025-04-17,21,false,31,8,3727.84,0.2581,true
ST03,CITY2,Mall,2025-04-18,10,false,33,9,4852.13,0.2727,true
ST04,CITY3,High Street,2025-04-19,11,true,,14,7191.81,,false
ST05,CITY4,Mall,2025-04-20,12,true,44,4,2570.07,0.0909,true
ST06,CITY5,High Street,2025-04-21,13,false,22,5,1581.45,0.2273,true
ST07,CITY0,Mall,2025-04-22,14,false,22,2,490.28,0.0909,true
ST08,CITY1,High Street,2025-04-12,15,true,27,3,1986.95,0.1111,true
ST09,CITY2,Mall,2025-04-13,16,true,26,1,496.37,0.0385,true
ST10,CITY3,High Street,2025-04-14,17,false,,9,4613.06,,false
ST11,CITY4,Mall,2025-04-15,18,false,46,8,3672.23,0.1739,true
ST12,CITY5,High Street,2025-04-16,19,false,52,8,4412.91,0.1538,true
ST01,CITY0,Mall,2025-04-16,21,false,26,5,1874.91,0.1923,true
ST02,CITY1,High Street,2025-04-17,10,false,39,10,4500.85,0.2564,true
ST03,CITY2,Mall,2025-04-18,11,false,35,9,4320.2,0.2571,true
ST04,CITY3,High Street,2025-04-19,12,true,,11,6159.06,,false
ST05,CITY4,Mall,2025-04-20,13,true,46,4,2269.3,0.087,true
ST06,CITY5,High Street,2025-04-21,14,false,19,2,1138.24,0.1053,true
ST07,CITY0,Mall,2025-04-22,15,false,16,1,1953.74,0.0625,true
ST08,CITY1,High Street,2025-04-12,16,true,29,3,855.68,0.1034,true
ST09,CITY2,Mall,2025-04-13,17,true,49,4,1814.42,0.0816,true
ST10,CITY3,High Street,2025-04-14,18,false,66,16,6485.98,0.2424,true
ST11,CITY4,Mall,2025-04-15,19,false,62,11,6698.99,0.1774,true
ST12,CITY5,High Street,2025-04-16,20,false,53,8,3375.35,0.1509,true
ST01,CITY0,Mall,2025-04-17,10,false,26,5,2390.42,0.1923,true
ST02,CITY1,High Street,2025-04-18,11,false,31,8,3851.18,0.2581,true
ST03,CITY2,Mall,2025-04-19,12,true,,10,6648.73,,false
ST04,CITY3,High Street,2025-04-20,13,true,58,14,7755.48,0.2414,true
ST05,CITY4,Mall,2025-04-21,14,false,22,1,961.79,0.0455,true
ST06,CITY5,High Street,2025-04-22,15,false,22,2,959.36,0.0909,true
ST07,CITY0,Mall,2025-04-12,16,true,26,2,435.49,0.0769,true
ST08,CITY1,High Street,2025-04-13,17,true,43,9,3313.02,0.2093,true
ST09,CITY2,Mall,2025-04-14,18,false,43,4,2003.84,0.093,true
ST10,CITY3,High Street,2025-04-15,19,false,47,11,6236.33,0.234,true
ST11,CITY4,Mall,2025-04-16,20,false,60,11,4830.31,0.1833,true
ST12,CITY5,High Street,2025-04-17,21,false,21,3,845.19,0.1429,true
ST01,CITY0,Mall,2025-04-17,11,false,25,4,1149.02,0.16,true
ST02,CITY1,High Street,2025-04-18,12,false,25,6,1528.52,0.24,true
ST03,CITY2,Mall,2025-04-19,13,true,39,9,3946.56,0.2308,true
ST04,CITY3,High Street,2025-04-20,14,true,25,3,847.8,0.12,true
ST05,CITY4,Mall,2025-04-21,15,false,14,1,391.5,0.0714,true
ST06,CITY5,High Street,2025-04-22,16,false,22,2,1523.04,0.0909,true
ST07,CITY0,Mall,2025-04-12,17,true,44,6,2771.43,0.1364,true
ST08,CITY1,High Street,2025-04-13,18,true,97,21,13786.87,0.2165,true
ST09,CITY2,Mall,2025-04-14,19,false,51,5,1760.85,0.098,true
ST10,CITY3,High Street,2025-04-15,20,false,48,12,7748.36,0.25,true
ST11,CITY4,Mall,2025-04-16,21,false,32,6,3871.86,0.1875,true
ST12,CITY5,High Street,2025-04-17,10,false,25,4,1543.84,0.16,true
ST01,CITY0,Mall,2025-04-17,12,false,27,5,3227.06,0.1852,true
ST02,CITY1,High Street,2025-04-18,13,false,30,7,2488.94,0.2333,true
ST03,CITY2,Mall,2025-04-19,14,true,36,4,1563.29,0.1111,true
ST04,CITY3,High Street,2025-04-20,15,true,32,3,1771.54,0.0938,true
ST05,CITY4,Mall,2025-04-21,16,false,17,1,812.79,0.0588,true
ST06,CITY5,High Street,2025-04-22,17,false,25,5,3599.62,0.2,true
ST07,CITY0,Mall,2025-04-12,18,true,111,16,8088.7,0.1441,true
ST08,CITY1,High Street,2025-04-13,19,true,67,15,7838.05,0.2239,true
ST09,CITY2,Mall,2025-04-14,20,false,64,6,2902.22,0.0938,true
ST10,CITY3,High Street,2025-04-15,21,false,30,7,2806.33,0.2333,true
ST11,CITY4,Mall,2025-04-16,10,false,36,6,3802.19,0.1667,true
ST12,CITY5,High Street,2025-04-17,11,false,31,5,4089.72,0.1613,true
ST01,CITY0,Mall,2025-04-17,13,false,28,5,1434.93,0.1786,true
ST02,CITY1,High Street,2025-04-18,14,false,18,2,2552.36,0.1111,true
ST03,CITY2,Mall,2025-04-19,15,true,23,2,779.72,0.087,true
ST04,CITY3,High Street,2025-04-20,16,true,27,3,934.33,0.1111,true
ST05,CITY4,Mall,2025-04-21,17,false,31,3,1133.52,0.0968,true
ST06,CITY5,High Street,2025-04-22,18,false,67,14,8464.85,0.209,true
ST07,CITY0,Mall,2025-04-12,19,true,77,11,6065.87,0.1429,true
ST08,CITY1,High Street,2025-04-13,20,true,70,15,6944.68,0.2143,true
ST09,CITY2,Mall,2025-04-14,21,false,28,3,931.44,0.1071,true
ST10,CITY3,High Street,2025-04-15,10,false,37,9,3620.34,0.2432,true
ST11,CITY4,Mall,2025-04-16,11,false,29,5,2441.18,0.1724,true
ST12,CITY5,High Street,2025-04-17,12,false,30,5,2406.83,0.1667,true
ST01,CITY0,Mall,2025-04-17,14,false,17,1,232.55,0.0588,true
ST02,CITY1,High Street,2025-04-18,15,false,20,2,782.52,0.1,true
ST03,CITY2,Mall,2025-04-19,16,true,22,2,999.49,0.0909,true
ST04,CITY3,High Street,2025-04-20,17,true,43,10,6571.42,0.2326,true
ST05,CITY4,Mall,2025-04-21,18,false,68,8,2168.86,0.1176,true
ST06,CITY5,High Street,2025-04-22,19,false,68,14,6553.39,0.2059,true
ST07,CITY0,Mall,2025-04-12,20,true,74,11,5171.83,0.1486,true
ST08,CITY1,High Street,2025-04-13,21,true,50,11,7912.58,0.22,true
ST09,CITY2,Mall,2025-04-14,10,false,23,2,251.1,0.087,true
ST10,CITY3,High Street,2025-04-15,11,false,23,6,3287.55,0.2609,true
ST11,CITY4,Mall,2025-04-16,12,false,25,4,3201.53,0.16,true
ST12,CITY5,High Street,2025-04-17,13,false,21,3,1993.31,0.1429,true
ST01,CITY0,Mall,2025-04-17,15,false,17,1,140.44,0.0588,true
ST02,CITY1,High Street,2025-04-18,16,false,21,2,485.73,0.0952,true
ST03,CITY2,Mall,2025-04-19,17,true,41,9,4792.98,0.2195,true
ST04,CITY3,High Street,2025-04-20,18,true,76,18,8329.76,0.2368,true
ST05,CITY4,Mall,2025-04-21,19,false,70,8,3953.88,0.1143,true
ST06,CITY5,High Street,2025-04-22,20,false,42,9,5655.19,0.2143,true
ST07,CITY0,Mall,2025-04-12,21,true,51,7,5237.11,0.1373,true
ST08,CITY1,High Street,2025-04-13,10,true,59,13,4464.42,0.2203,true
ST09,CITY2,Mall,2025-04-14,11,false,26,2,684.39,0.0769,true
ST10,CITY3,High Street,2025-04-15,12,false,21,5,6406.99,0.2381,true
ST11,CITY4,Mall,2025-04-16,13,false,22,4,1389.17,0.1818,true
ST12,CITY5,High Street,2025-04-17,14,false,22,2,415.49,0.0909,true
ST01,CITY0,Mall,2025-04-17,16,false,14,1,230.65,0.0714,true
ST02,CITY1,High Street,2025-04-18,17,false,35,9,3335.51,0.2571,true
ST03,CITY2,Mall,2025-04-19,18,true,73,17,7040.18,0.2329,true
ST04,CITY3,High Street,2025-04-20,19,true,80,19,9964.57,0.2375,true
ST05,CITY4,Mall,2025-04-21,20,false,43,5,3628.36,0.1163,true
ST06,CITY5,High Street,2025-04-22,21,false,36,7,2667.06,0.1944,true
ST07,CITY0,Mall,2025-04-12,10,true,34,5,2385.8,0.1471,true
ST08,CITY1,High Street,2025-04-13,11,true,52,11,5123.74,0.2115,true
ST09,CITY2,Mall,2025-04-14,12,false,33,3,1933.42,0.0909,true
ST10,CITY3,High Street,2025-04-15,13,false,30,7,2884.74,0.2333,true
ST11,CITY4,Mall,2025-04-16,14,false,22,2,797.51,0.0909,true
ST12,CITY5,High Street,2025-04-17,15,false,22,2,1258.33,0.0909,true
ST01,CITY0,Mall,2025-04-17,17,false,22,4,1190.44,0.1818,true
ST02,CITY1,High Street,2025-04-18,18,false,68,17,11679.68,0.25,true
ST03,CITY2,Mall,2025-04-19,19,true,94,22,10642.56,0.234,true
ST04,CITY3,High Street,2025-04-20,20,true,68,16,5598.49,0.2353,true
ST05,CITY4,Mall,2025-04-21,21,false,36,4,1705.02,0.1111,true
ST06,CITY5,High Street,2025-04-22,10,false,24,5,2091.28,0.2083,true
ST07,CITY0,Mall,2025-04-12,11,true,55,8,3311.55,0.1455,true
ST08,CITY1,High Street,2025-04-13,12,true,52,11,4342.12,0.2115,true
ST09,CITY2,Mall,2025-04-14,13,false,37,3,795.11,0.0811,true
ST10,CITY3,High Street,2025-04-15,14,false,15,2,1909.65,0.1333,true
ST11,CITY4,Mall,2025-04-16,15,false,15,1,308.09,0.0667,true
ST12,CITY5,High Street,2025-04-17,16,false,18,1,1990.42,0.0556,true
ST01,CITY0,Mall,2025-04-17,18,false,50,9,6330.57,0.18,true
ST02,CITY1,High Street,2025-04-18,19,false,52,13,8404.68,0.25,true
ST03,CITY2,Mall,2025-04-19,20,true,88,20,12120.42,0.2273,true
ST04,CITY3,High Street,2025-04-20,21,true,46,11,6166.89,0.2391,true
ST05,CITY4,Mall,2025-04-21,10,false,30,3,3495.21,0.1,true
ST06,CITY5,High Street,2025-04-22,11,false,34,7,2591.38,0.2059,true
ST07,CITY0,Mall,2025-04-12,12,true,56,8,7644.51,0.1429,true
ST08,CITY1,High Street,2025-04-13,13,true,58,13,9170.07,0.2241,true
ST09,CITY2,Mall,2025-04-14,14,false,15,1,338.31,0.0667,true
ST10,CITY3,High Street,2025-04-15,15,false,15,2,589.11,0.1333,true
ST11,CITY4,Mall,2025-04-16,16,false,23,2,1472.09,0.087,true
ST12,CITY5,High Street,2025-04-17,17,false,35,5,2460.85,0.1429,true
ST01,CITY0,Mall,2025-04-17,19,false,42,7,3497.04,0.1667,true
ST02,CITY1,High Street,2025-04-18,20,false,40,10,5223.9,0.25,true
ST03,CITY2,Mall,2025-04-19,21,true,50,12,6278.35,0.24,true
ST04,CITY3,High Street,2025-04-20,10,true,36,8,5474.74,0.2222,true
ST05,CITY4,Mall,2025-04-21,11,false,27,3,1197.01,0.1111,true
ST06,CITY5,High Street,2025-04-22,12,false,29,6,3467.73,0.2069,true
ST07,CITY0,Mall,2025-04-12,13,true,40,6,2812.74,0.15,true
ST08,CITY1,High Street,2025-04-13,14,true,35,3,1524.63,0.0857,true
ST09,CITY2,Mall,2025-04-14,15,false,20,1,940.75,0.05,true
ST10,CITY3,High Street,2025-04-15,16,false,16,2,358.69,0.125,true
ST11,CITY4,Mall,2025-04-16,17,false,22,4,1651.24,0.1818,true
ST12,CITY5,High Street,2025-04-17,18,false,66,10,6121.9,0.1515,true
ST01,CITY0,Mall,2025-04-17,20,false,48,8,4580.02,0.1667,true
ST02,CITY1,High Street,2025-04-18,21,false,28,7,3052.61,0.25,true
ST03,CITY2,Mall,2025-04-19,10,true,,12,7669.02,,false
ST04,CITY3,High Street,2025-04-20,11,true,54,13,9896.07,0.2407,true
ST05,CITY4,Mall,2025-04-21,12,false,28,3,1072.82,0.1071,true
ST06,CITY5,High Street,2025-04-22,13,false,35,7,2574.41,0.2,true
ST07,CITY0,Mall,2025-04-12,14,true,28,2,569.78,0.0714,true
ST08,CITY1,High Street,2025-04-13,15,true,29,3,1164.53,0.1034,true
ST09,CITY2,Mall,2025-04-14,16,false,,1,622.02,,false
ST10,CITY3,High Street,2025-04-15,17,false,22,5,2829.8,0.2273,true
ST11,CITY4,Mall,2025-04-16,18,false,38,7,3954.01,0.1842,true
ST12,CITY5,High Street,2025-04-17,19,false,44,7,3041.93,0.1591,true
ST01,CITY0,Mall,2025-04-17,21,false,28,5,2585.0,0.1786,true
ST02,CITY1,High Street,2025-04-18,10,false,27,7,3308.91,0.2593,true
ST03,CITY2,Mall,2025-04-19,11,true,,11,4051.14,,false
ST04,CITY3,High Street,2025-04-20,12,true,41,10,5204.45,0.2439,true
ST05,CITY4,Mall,2025-04-21,13,false,34,4,3223.19,0.1176,true
ST06,CITY5,High Street,2025-04-22,14,false,18,2,1668.86,0.1111,true
ST07,CITY0,Mall,2025-04-12,15,true,27,2,458.12,0.0741,true
ST08,CITY1,High Street,2025-04-13,16,true,37,4,1825.31,0.1081,true
ST09,CITY2,Mall,2025-04-14,17,false,,2,1253.61,,false
ST10,CITY3,High Street,2025-04-15,18,false,43,10,4836.66,0.2326,true
ST11,CITY4,Mall,2025-04-16,19,false,59,10,4511.95,0.1695,true
ST12,CITY5,High Street,2025-04-17,20,false,47,7,6916.85,0.1489,true
ST01,CITY0,Mall,2025-04-18,10,false,33,6,2194.81,0.1818,true
ST02,CITY1,High Street,2025-04-19,11,true,,9,3121.7,,false
ST03,CITY2,Mall,2025-04-20,12,true,37,9,5415.38,0.2432,true
ST04,CITY3,High Street,2025-04-21,13,false,34,9,4671.35,0.2647,true
ST05,CITY4,Mall,2025-04-22,14,false,19,1,619.07,0.0526,true
ST06,CITY5,High Street,2025-04-12,15,true,31,2,1329.72,0.0645,true
ST07,CITY0,Mall,2025-04-13,16,true,34,2,354.53,0.0588,true
ST08,CITY1,High Street,2025-04-14,17,false,,7,3813.4,,false
ST09,CITY2,Mall,2025-04-15,18,false,55,5,2393.39,0.0909,true
ST10,CITY3,High Street,2025-04-16,19,false,58,14,5468.0,0.2414,true
ST11,CITY4,Mall,2025-04-17,20,false,63,11,6015.19,0.1746,true
ST12,CITY5,High Street,2025-04-18,21,false,24,4,3873.37,0.1667,true
ST01,CITY0,Mall,2025-04-18,11,false,24,4,2625.34,0.1667,true
ST02,CITY1,High Street,2025-04-19,12,true,,11,4944.0,,false
ST03,CITY2,Mall,2025-04-20,13,true,55,13,6581.53,0.2364,true
ST04,CITY3,High Street,2025-04-21,14,false,19,2,843.08,0.1053,true
ST05,CITY4,Mall,2025-04-22,15,false,17,1,716.74,0.0588,true
ST06,CITY5,High Street,2025-04-12,16,true,32,3,2171.65,0.0938,true
ST07,CITY0,Mall,2025-04-13,17,true,44,6,1973.07,0.1364,true
ST08,CITY1,High Street,2025-04-14,18,false,53,14,5734.92,0.2642,true
ST09,CITY2,Mall,2025-04-15,19,false,54,5,2666.07,0.0926,true
ST10,CITY3,High Street,2025-04-16,20,false,62,15,9149.08,0.2419,true
ST11,CITY4,Mall,2025-04-17,21,false,22,4,2153.42,0.1818,true
ST12,CITY5,High Street,2025-04-18,10,false,37,6,4620.82,0.1622,true
ST01,CITY0,Mall,2025-04-18,12,false,30,5,2907.57,0.1667,true
ST02,CITY1,High Street,2025-04-19,13,true,42,9,3720.22,0.2143,true
ST03,CITY2,Mall,2025-04-20,14,true,31,3,744.83,0.0968,true
ST04,CITY3,High Street,2025-04-21,15,false,17,2,869.12,0.1176,true
ST05,CITY4,Mall,2025-04-22,16,false,21,1,161.8,0.0476,true
ST06,CITY5,High Street,2025-04-12,17,true,35,6,2550.72,0.1714,true
ST07,CITY0,Mall,2025-04-13,18,true,111,16,6264.77,0.1441,true
ST08,CITY1,High Street,2025-04-14,19,false,50,13,5790.22,0.26,true
ST09,CITY2,Mall,2025-04-15,20,false,44,4,1800.62,0.0909,true
ST10,CITY3,High Street,2025-04-16,21,false,26,6,2632.2,0.2308,true
ST11,CITY4,Mall,2025-04-17,10,false,36,6,3572.7,0.1667,true
ST12,CITY5,High Street,2025-04-18,11,false,24,4,1692.52,0.1667,true
ST01,CITY0,Mall,2025-04-18,13,false,31,5,1630.27,0.1613,true
ST02,CITY1,High Street,2025-04-19,14,true,24,2,2924.34,0.0833,true
ST03,CITY2,Mall,2025-04-20,15,true,23,2,574.41,0.087,true
ST04,CITY3,High Street,2025-04-21,16,false,17,2,907.0,0.1176,true
ST05,CITY4,Mall,2025-04-22,17,false,35,4,2013.77,0.1143,true
ST06,CITY5,High Street,2025-04-12,18,true,109,19,7412.41,0.1743,true
ST07,CITY0,Mall,2025-04-13,19,true,111,16,7448.28,0.1441,true
ST08,CITY1,High Street,2025-04-14,20,false,52,13,8855.46,0.25,true
ST09,CITY2,Mall,2025-04-15,21,false,33,3,2300.42,0.0909,true
ST10,CITY3,High Street,2025-04-16,10,false,24,6,3666.73,0.25,true
ST11,CITY4,Mall,2025-04-17,11,false,22,4,1353.19,0.1818,true
ST12,CITY5,High Street,2025-04-18,12,false,22,3,2165.08,0.1364,true
ST01,CITY0,Mall,2025-04-18,14,false,23,2,1364.11,0.087,true
ST02,CITY1,High Street,2025-04-19,15,true,29,3,510.67,0.1034,true
ST03,CITY2,Mall,2025-04-20,16,true,33,3,1361.5,0.0909,true
ST04,CITY3,High Street,2025-04-21,17,false,30,8,5447.21,0.2667,true
ST05,CITY4,Mall,2025-04-22,18,false,68,8,3697.42,0.1176,true
ST06,CITY5,High Street,2025-04-12,19,true,81,14,7726.42,0.1728,true
ST07,CITY0,Mall,2025-04-13,20,true,89,13,4786.97,0.1461,true
ST08,CITY1,High Street,2025-04-14,21,false,30,8,6873.88,0.2667,true
ST09,CITY2,Mall,2025-04-15,10,false,24,2,941.91,0.0833,true
ST10,CITY3,High Street,2025-04-16,11,false,27,7,1777.3,0.2593,true
ST11,CITY4,Mall,2025-04-17,12,false,26,5,2417.96,0.1923,true
ST12,CITY5,High Street,2025-04-18,13,false,32,5,3364.78,0.1563,true
ST01,CITY0,Mall,2025-04-18,15,false,20,2,873.88,0.1,true
ST02,CITY1,High Street,2025-04-19,16,true,36,3,713.71,0.0833,true
ST03,CITY2,Mall,2025-04-20,17,true,41,9,4650.26,0.2195,true
ST04,CITY3,High Street,2025-04-21,18,false,42,12,7761.11,0.2857,true
ST05,CITY4,Mall,2025-04-22,19,false,59,7,3637.79,0.1186,true
ST06,CITY5,High Street,2025-04-12,20,true,65,11,6516.24,0.1692,true
ST07,CITY0,Mall,2025-04-13,21,true,34,5,2632.83,0.1471,true
ST08,CITY1,High Street,2025-04-14,10,false,26,7,3791.53,0.2692,true
ST09,CITY2,Mall,2025-04-15,11,false,28,3,1306.95,0.1071,true
ST10,CITY3,High Street,2025-04-16,12,false,23,6,2905.51,0.2609,true
ST11,CITY4,Mall,2025-04-17,13,false,37,7,3407.43,0.1892,true
ST12,CITY5,High Street,2025-04-18,14,false,14,1,275.14,0.0714,true
ST01,CITY0,Mall,2025-04-18,16,false,18,1,390.77,0.0556,true
ST02,CITY1,High Street,2025-04-19,17,true,48,10,6343.11,0.2083,true
ST03,CITY2,Mall,2025-04-20,18,true,61,14,6224.57,0.2295,true
ST04,CITY3,High Street,2025-04-21,19,false,50,14,10844.16,0.28,true
ST05,CITY4,Mall,2025-04-22,20,false,62,7,2912.36,0.1129,true
ST06,CITY5,High Street,2025-04-12,21,true,40,7,3842.98,0.175,true
ST07,CITY0,Mall,2025-04-13,10,true,49,7,2840.48,0.1429,true
ST08,CITY1,High Street,2025-04-14,11,false,27,7,4049.25,0.2593,true
ST09,CITY2,Mall,2025-04-15,12,false,37,3,2618.58,0.0811,true
ST10,CITY3,High Street,2025-04-16,13,false,30,7,5273.67,0.2333,true
ST11,CITY4,Mall,2025-04-17,14,false,18,1,338.25,0.0556,true
ST12,CITY5,High Street,2025-04-18,15,false,21,1,415.29,0.0476,true
ST01,CITY0,Mall,2025-04-18,17,false,31,5,2286.08,0.1613,true
ST02,CITY1,High Street,2025-04-19,18,true,88,19,9521.11,0.2159,true
ST03,CITY2,Mall,2025-04-20,19,true,98,23,12427.64,0.2347,true
ST04,CITY3,High Street,2025-04-21,20,false,66,18,8555.97,0.2727,true
ST05,CITY4,Mall,2025-04-22,21,false,25,3,1127.54,0.12,true
ST06,CITY5,High Street,2025-04-12,10,true,39,7,4886.42,0.1795,true
ST07,CITY0,Mall,2025-04-13,11,true,41,6,4102.42,0.1463,true
ST08,CITY1,High Street,2025-04-14,12,false,29,7,2965.39,0.2414,true
ST09,CITY2,Mall,2025-04-15,13,false,29,3,1673.91,0.1034,true
ST10,CITY3,High Street,2025-04-16,14,false,18,2,1038.11,0.1111,true
ST11,CITY4,Mall,2025-04-17,15,false,15,1,576.98,0.0667,true
ST12,CITY5,High Street,2025-04-18,16,false,14,1,139.97,0.0714,true
ST01,CITY0,Mall,2025-04-18,18,false,41,7,4135.75,0.1707,true
ST02,CITY1,High Street,2025-04-19,19,true,76,16,7266.78,0.2105,true
ST03,CITY2,Mall,2025-04-20,20,true,110,25,12619.53,0.2273,true
ST04,CITY3,High Street,2025-04-21,21,false,32,9,6685.25,0.2813,true
ST05,CITY4,Mall,2025-04-22,10,false,37,4,1975.17,0.1081,true
ST06,CITY5,High Street,2025-04-12,11,true,42,7,3732.9,0.1667,true
ST07,CITY0,Mall,2025-04-13,12,true,45,7,2595.39,0.1556,true
ST08,CITY1,High Street,2025-04-14,13,false,34,9,5143.63,0.2647,true
ST09,CITY2,Mall,2025-04-15,14,false,14,1,552.45,0.0714,true
ST10,CITY3,High Street,2025-04-16,15,false,22,2,947.54,0.0909,true
ST11,CITY4,Mall,2025-04-17,16,false,16,1,400.11,0.0625,true
ST12,CITY5,High Street,2025-04-18,17,false,29,4,3506.54,0.1379,true
ST01,CITY0,Mall,2025-04-18,19,false,54,10,6834.35,0.1852,true
ST02,CITY1,High Street,2025-04-19,20,true,106,22,9540.87,0.2075,true
ST03,CITY2,Mall,2025-04-20,21,true,39,9,4989.11,0.2308,true
ST04,CITY3,High Street,2025-04-21,10,false,22,6,2818.34,0.2727,true
ST05,CITY4,Mall,2025-04-22,11,false,23,3,1197.22,0.1304,true
ST06,CITY5,High Street,2025-04-12,12,true,50,9,3809.0,0.18,true
ST07,CITY0,Mall,2025-04-13,13,true,42,6,3498.38,0.1429,true
ST08,CITY1,High Street,2025-04-14,14,false,19,2,1068.9,0.1053,true
ST09,CITY2,Mall,2025-04-15,15,false,14,1,564.5,0.0714,true
ST10,CITY3,High Street,2025-04-16,16,false,14,2,1722.72,0.1429,true
ST11,CITY4,Mall,2025-04-17,17,false,27,5,3064.48,0.1852,true
ST12,CITY5,High Street,2025-04-18,18,false,56,9,2579.96,0.1607,true
ST01,CITY0,Mall,2025-04-18,20,false,59,10,6244.67,0.1695,true
ST02,CITY1,High Street,2025-04-19,21,true,51,11,4252.59,0.2157,true
ST03,CITY2,Mall,2025-04-20,10,true,55,13,5170.84,0.2364,true
ST04,CITY3,High Street,2025-04-21,11,false,21,6,3493.82,0.2857,true
ST05,CITY4,Mall,2025-04-22,12,false,27,3,2195.68,0.1111,true
ST06,CITY5,High Street,2025-04-12,13,true,57,10,5624.41,0.1754,true
ST07,CITY0,Mall,2025-04-13,14,true,34,2,1609.64,0.0588,true
ST08,CITY1,High Street,2025-04-14,15,false,19,2,1496.62,0.1053,true
ST09,CITY2,Mall,2025-04-15,16,false,19,1,2301.7,0.0526,true
ST10,CITY3,High Street,2025-04-16,17,false,31,8,3926.9,0.2581,true
ST11,CITY4,Mall,2025-04-17,18,false,56,10,4938.21,0.1786,true
ST12,CITY5,High Street,2025-04-18,19,false,45,7,4790.3,0.1556,true
ST01,CITY0,Mall,2025-04-18,21,false,23,4,1633.52,0.1739,true
ST02,CITY1,High Street,2025-04-19,10,true,,12,5931.63,,false
ST03,CITY2,Mall,2025-04-20,11,true,56,13,6456.45,0.2321,true
ST04,CITY3,High Street,2025-04-21,12,false,37,10,4226.68,0.2703,true
ST05,CITY4,Mall,2025-04-22,13,false,26,3,1304.84,0.1154,true
ST06,CITY5,High Street,2025-04-12,14,true,23,2,682.63,0.087,true
ST07,CITY0,Mall,2025-04-13,15,true,34,2,687.66,0.0588,true
ST08,CITY1,High Street,2025-04-14,16,false,,2,1600.52,,false
ST09,CITY2,Mall,2025-04-15,17,false,24,2,483.56,0.0833,true
ST10,CITY3,High Street,2025-04-16,18,false,55,13,5986.65,0.2364,true
ST11,CITY4,Mall,2025-04-17,19,false,52,9,6598.44,0.1731,true
ST12,CITY5,High Street,2025-04-18,20,false,42,6,2090.0,0.1429,true
ST01,CITY0,Mall,2025-04-19,10,true,,8,3330.4,,false
ST02,CITY1,High Street,2025-04-20,11,true,36,8,5088.94,0.2222,true
ST03,CITY2,Mall,2025-04-21,12,false,37,10,3394.91,0.2703,true
ST04,CITY3,High Street,2025-04-22,13,false,21,6,2269.25,0.2857,true
ST05,CITY4,Mall,2025-04-12,14,true,30,1,894.98,0.0333,true
ST06,CITY5,High Street,2025-04-13,15,true,21,2,619.46,0.0952,true
ST07,CITY0,Mall,2025-04-14,16,false,,1,413.91,,false
ST08,CITY1,High Street,2025-04-15,17,false,34,9,4960.28,0.2647,true
ST09,CITY2,Mall,2025-04-16,18,false,45,4,1841.7,0.0889,true
ST10,CITY3,High Street,2025-04-17,19,false,48,12,7973.08,0.25,true
ST11,CITY4,Mall,2025-04-18,20,false,45,8,3679.47,0.1778,true
ST12,CITY5,High Street,2025-04-19,21,true,53,7,5655.42,0.1321,true
ST01,CITY0,Mall,2025-04-19,11,true,,7,5094.14,,false
ST02,CITY1,High Street,2025-04-20,12,true,36,8,6702.58,0.2222,true
ST03,CITY2,Mall,2025-04-21,13,false,24,7,3366.53,0.2917,true
ST04,CITY3,High Street,2025-04-22,14,false,23,3,2003.82,0.1304,true
ST05,CITY4,Mall,2025-04-12,15,true,35,1,290.82,0.0286,true
ST06,CITY5,High Street,2025-04-13,16,true,36,3,1608.5,0.0833,true
ST07,CITY0,Mall,2025-04-14,17,false,,4,1798.01,,false
ST08,CITY1,High Street,2025-04-15,18,false,39,10,3780.49,0.2564,true
ST09,CITY2,Mall,2025-04-16,19,false,55,5,1661.29,0.0909,true
ST10,CITY3,High Street,2025-04-17,20,false,66,16,8734.18,0.2424,true
ST11,CITY4,Mall,2025-04-18,21,false,29,5,1141.73,0.1724,true
ST12,CITY5,High Street,2025-04-19,10,true,,6,4068.89,,false
ST01,CITY0,Mall,2025-04-19,12,true,,6,2589.69,,false
ST02,CITY1,High Street,2025-04-20,13,true,37,8,2697.81,0.2162,true
ST03,CITY2,Mall,2025-04-21,14,false,18,2,1192.54,0.1111,true
ST04,CITY3,High Street,2025-04-22,15,false,15,2,946.95,0.1333,true
ST05,CITY4,Mall,2025-04-12,16,true,24,1,355.04,0.0417,true
ST06,CITY5,High Street,2025-04-13,17,true,34,6,3548.74,0.1765,true
ST07,CITY0,Mall,2025-04-14,18,false,44,8,5114.33,0.1818,true
ST08,CITY1,High Street,2025-04-15,19,false,54,14,8375.08,0.2593,true
ST09,CITY2,Mall,2025-04-16,20,false,38,3,825.85,0.0789,true
ST10,CITY3,High Street,2025-04-17,21,false,26,6,4575.94,0.2308,true
ST11,CITY4,Mall,2025-04-18,10,false,36,6,3009.98,0.1667,true
ST12,CITY5,High Street,2025-04-19,11,true,,8,2880.42,,false
ST01,CITY0,Mall,2025-04-19,13,true,39,6,1979.07,0.1538,true
ST02,CITY1,High Street,2025-04-20,14,true,37,4,2473.96,0.1081,true
ST03,CITY2,Mall,2025-04-21,15,false,17,2,672.74,0.1176,true
ST04,CITY3,High Street,2025-04-22,16,false,22,3,1239.71,0.1364,true
ST05,CITY4,Mall,2025-04-12,17,true,38,4,2510.43,0.1053,true
ST06,CITY5,High Street,2025-04-13,18,true,102,18,8805.83,0.1765,true
ST07,CITY0,Mall,2025-04-14,19,false,59,10,4158.02,0.1695,true
ST08,CITY1,High Street,2025-04-15,20,false,48,12,6231.69,0.25,true
ST09,CITY2,Mall,2025-04-16,21,false,26,2,1891.38,0.0769,true
ST10,CITY3,High Street,2025-04-17,10,false,26,6,1956.77,0.2308,true
ST11,CITY4,Mall,2025-04-18,11,false,24,4,1675.55,0.1667,true
ST12,CITY5,High Street,2025-04-19,12,true,,6,2768.32,,false
ST01,CITY0,Mall,2025-04-19,14,true,23,2,640.82,0.087,true
ST02,CITY1,High Street,2025-04-20,15,true,21,2,1083.14,0.0952,true
ST03,CITY2,Mall,2025-04-21,16,false,21,3,1556.04,0.1429,true
ST04,CITY3,High Street,2025-04-22,17,false,29,8,4451.16,0.2759,true
ST05,CITY4,Mall,2025-04-12,18,true,73,7,2830.11,0.0959,true
ST06,CITY5,High Street,2025-04-13,19,true,70,12,5605.84,0.1714,true
ST07,CITY0,Mall,2025-04-14,20,false,41,7,3818.57,0.1707,true
ST08,CITY1,High Street,2025-04-15,21,false,37,9,3505.01,0.2432,true
ST09,CITY2,Mall,2025-04-16,10,false,28,3,894.8,0.1071,true
ST10,CITY3,High Street,2025-04-17,11,false,33,8,3843.71,0.2424,true
ST11,CITY4,Mall,2025-04-18,12,false,22,4,666.94,0.1818,true
ST12,CITY5,High Street,2025-04-19,13,true,47,6,3037.02,0.1277,true
ST01,CITY0,Mall,2025-04-19,15,true,27,2,455.06,0.0741,true
ST02,CITY1,High Street,2025-04-20,16,true,36,3,903.44,0.0833,true
ST03,CITY2,Mall,2025-04-21,17,false,30,8,3812.07,0.2667,true
ST04,CITY3,High Street,2025-04-22,18,false,48,13,8873.92,0.2708,true
ST05,CITY4,Mall,2025-04-12,19,true,89,8,6219.85,0.0899,true
ST06,CITY5,High Street,2025-04-13,20,true,111,20,10177.19,0.1802,true
ST07,CITY0,Mall,2025-04-14,21,false,21,4,2145.44,0.1905,true
ST08,CITY1,High Street,2025-04-15,10,false,33,8,4138.19,0.2424,true
ST09,CITY2,Mall,2025-04-16,11,false,22,2,428.56,0.0909,true
ST10,CITY3,High Street,2025-04-17,12,false,38,9,4358.98,0.2368,true
ST11,CITY4,Mall,2025-04-18,13,false,36,6,3600.91,0.1667,true
ST12,CITY5,High Street,2025-04-19,14,true,26,2,1493.03,0.0769,true
ST01,CITY0,Mall,2025-04-19,16,true,23,2,980.79,0.087,true
ST02,CITY1,High Street,2025-04-20,17,true,61,13,7508.99,0.2131,true
ST03,CITY2,Mall,2025-04-21,18,false,58,16,10638.0,0.2759,true
ST04,CITY3,High Street,2025-04-22,19,false,58,16,6314.75,0.2759,true
ST05,CITY4,Mall,2025-04-12,20,true,66,6,2073.91,0.0909,true
ST06,CITY5,High Street,2025-04-13,21,true,35,6,4486.48,0.1714,true
ST07,CITY0,Mall,2025-04-14,10,false,27,5,2420.15,0.1852,true
ST08,CITY1,High Street,2025-04-15,11,false,30,8,3487.37,0.2667,true
ST09,CITY2,Mall,2025-04-16,12,false,31,3,2509.06,0.0968,true
ST10,CITY3,High Street,2025-04-17,13,false,24,6,2816.9,0.25,true
ST11,CITY4,Mall,2025-04-18,14,false,22,2,1642.55,0.0909,true
ST12,CITY5,High Street,2025-04-19,15,true,37,2,1255.12,0.0541,true
ST01,CITY0,Mall,2025-04-19,17,true,44,7,3265.96,0.1591,true
ST02,CITY1,High Street,2025-04-20,18,true,94,20,9505.12,0.2128,true
ST03,CITY2,Mall,2025-04-21,19,false,44,12,5735.26,0.2727,true
ST04,CITY3,High Street,2025-04-22,20,false,64,18,7817.46,0.2813,true
ST05,CITY4,Mall,2025-04-12,21,true,44,4,2725.25,0.0909,true
ST06,CITY5,High Street,2025-04-13,10,true,37,7,2739.81,0.1892,true
ST07,CITY0,Mall,2025-04-14,11,false,38,7,3546.29,0.1842,true
ST08,CITY1,High Street,2025-04-15,12,false,33,8,3345.26,0.2424,true
ST09,CITY2,Mall,2025-04-16,13,false,29,3,1862.63,0.1034,true
ST10,CITY3,High Street,2025-04-17,14,false,13,1,179.53,0.0769,true
ST11,CITY4,Mall,2025-04-18,15,false,17,1,338.58,0.0588,true
ST12,CITY5,High Street,2025-04-19,16,true,23,1,318.69,0.0435,true
ST01,CITY0,Mall,2025-04-19,18,true,65,10,6373.13,0.1538,true
ST02,CITY1,High Street,2025-04-20,19,true,82,17,11300.95,0.2073,true
ST03,CITY2,Mall,2025-04-21,20,false,39,11,4935.8,0.2821,true
ST04,CITY3,High Street,2025-04-22,21,false,38,10,6340.29,0.2632,true
ST05,CITY4,Mall,2025-04-12,10,true,35,3,1101.71,0.0857,true
ST06,CITY5,High Street,2025-04-13,11,true,42,7,2347.92,0.1667,true
ST07,CITY0,Mall,2025-04-14,12,false,23,4,1645.56,0.1739,true
ST08,CITY1,High Street,2025-04-15,13,false,25,6,2773.28,0.24,true
ST09,CITY2,Mall,2025-04-16,14,false,20,1,601.58,0.05,true
ST10,CITY3,High Street,2025-04-17,15,false,19,2,1620.94,0.1053,true
ST11,CITY4,Mall,2025-04-18,16,false,22,2,1127.74,0.0909,true
ST12,CITY5,High Street,2025-04-19,17,true,54,7,3277.14,0.1296,true
ST01,CITY0,Mall,2025-04-19,19,true,102,15,6329.77,0.1471,true
ST02,CITY1,High Street,2025-04-20,20,true,107,23,11739.01,0.215,true
ST03,CITY2,Mall,2025-04-21,21,false,24,7,2290.38,0.2917,true
ST04,CITY3,High Street,2025-04-22,10,false,26,7,2877.16,0.2692,true
ST05,CITY4,Mall,2025-04-12,11,true,57,5,1573.59,0.0877,true
ST06,CITY5,High Street,2025-04-13,12,true,60,11,5764.82,0.1833,true
ST07,CITY0,Mall,2025-04-14,13,false,36,6,2421.62,0.1667,true
ST08,CITY1,High Street,2025-04-15,14,false,22,3,847.27,0.1364,true
ST09,CITY2,Mall,2025-04-16,15,false,14,1,427.36,0.0714,true
ST10,CITY3,High Street,2025-04-17,16,false,19,2,1152.92,0.1053,true
ST11,CITY4,Mall,2025-04-18,17,false,28,5,6219.88,0.1786,true
ST12,CITY5,High Street,2025-04-19,18,true,110,14,7248.75,0.1273,true
ST01,CITY0,Mall,2025-04-19,20,true,100,15,6872.31,0.15,true
ST02,CITY1,High Street,2025-04-20,21,true,49,10,7293.67,0.2041,true
ST03,CITY2,Mall,2025-04-21,10,false,38,10,4772.61,0.2632,true
ST04,CITY3,High Street,2025-04-22,11,false,22,6,3101.42,0.2727,true
ST05,CITY4,Mall,2025-04-12,12,true,51,5,1915.54,0.098,true
ST06,CITY5,High Street,2025-04-13,13,true,42,7,3855.29,0.1667,true
ST07,CITY0,Mall,2025-04-14,14,false,23,2,442.7,0.087,true
ST08,CITY1,High Street,2025-04-15,15,false,22,3,1174.48,0.1364,true
ST09,CITY2,Mall,2025-04-16,16,false,22,1,413.49,0.0455,true
ST10,CITY3,High Street,2025-04-17,17,false,32,8,3042.0,0.25,true
ST11,CITY4,Mall,2025-04-18,18,false,41,7,2728.45,0.1707,true
ST12,CITY5,High Street,2025-04-19,19,true,89,12,4810.15,0.1348,true
ST01,CITY0,Mall,2025-04-19,21,true,38,6,3828.79,0.1579,true
ST02,CITY1,High Street,2025-04-20,10,true,54,11,5352.91,0.2037,true
ST03,CITY2,Mall,2025-04-21,11,false,32,9,5324.47,0.2813,true
ST04,CITY3,High Street,2025-04-22,12,false,24,7,2698.76,0.2917,true
ST05,CITY4,Mall,2025-04-12,13,true,46,4,1754.75,0.087,true
ST06,CITY5,High Street,2025-04-13,14,true,22,2,588.49,0.0909,true
ST07,CITY0,Mall,2025-04-14,15,false,21,2,1395.63,0.0952,true
ST08,CITY1,High Street,2025-04-15,16,false,22,3,1636.76,0.1364,true
ST09,CITY2,Mall,2025-04-16,17,false,39,4,2027.96,0.1026,true
ST10,CITY3,High Street,2025-04-17,18,false,61,15,7562.94,0.2459,true
ST11,CITY4,Mall,2025-04-18,19,false,51,9,8222.32,0.1765,true
ST12,CITY5,High Street,2025-04-19,20,true,75,10,6914.99,0.1333,true
ST01,CITY0,Mall,2025-04-20,10,true,41,6,3362.0,0.1463,true
ST02,CITY1,High Street,2025-04-21,11,false,24,6,3443.2,0.25,true
ST03,CITY2,Mall,2025-04-22,12,false,23,6,3416.85,0.2609,true
ST04,CITY3,High Street,2025-04-12,13,true,52,12,4690.14,0.2308,true
ST05,CITY4,Mall,2025-04-13,14,true,26,1,814.24,0.0385,true
ST06,CITY5,High Street,2025-04-14,15,false,19,2,1096.59,0.1053,true
ST07,CITY0,Mall,2025-04-15,16,false,20,2,722.45,0.1,true
ST08,CITY1,High Street,2025-04-16,17,false,33,8,3252.95,0.2424,true
ST09,CITY2,Mall,2025-04-17,18,false,42,4,5142.27,0.0952,true
ST10,CITY3,High Street,2025-04-18,19,false,58,14,4581.81,0.2414,true
ST11,CITY4,Mall,2025-04-19,20,true,72,11,5733.33,0.1528,true
ST12,CITY5,High Street,2025-04-20,21,true,50,7,4492.45,0.14,true
ST01,CITY0,Mall,2025-04-20,11,true,47,7,1655.91,0.1489,true
ST02,CITY1,High Street,2025-04-21,12,false,34,8,3027.93,0.2353,true
ST03,CITY2,Mall,2025-04-22,13,false,23,6,2543.79,0.2609,true
ST04,CITY3,High Street,2025-04-12,14,true,36,4,2977.73,0.1111,true
ST05,CITY4,Mall,2025-04-13,15,true,23,1,1273.92,0.0435,true
ST06,CITY5,High Street,2025-04-14,16,false,,2,719.47,,false
ST07,CITY0,Mall,2025-04-15,17,false,23,4,1058.91,0.1739,true
ST08,CITY1,High Street,2025-04-16,18,false,49,12,5982.81,0.2449,true
ST09,CITY2,Mall,2025-04-17,19,false,57,5,2117.31,0.0877,true
ST10,CITY3,High Street,2025-04-18,20,false,47,11,4560.76,0.234,true
ST11,CITY4,Mall,2025-04-19,21,true,55,8,2552.8,0.1455,true
ST12,CITY5,High Street,2025-04-20,10,true,34,4,2051.75,0.1176,true
ST01,CITY0,Mall,2025-04-20,12,true,34,5,2182.03,0.1471,true
ST02,CITY1,High Street,2025-04-21,13,false,26,6,3433.31,0.2308,true
ST03,CITY2,Mall,2025-04-22,14,false,22,3,1758.44,0.1364,true
ST04,CITY3,High Street,2025-04-12,15,true,23,2,1217.9,0.087,true
ST05,CITY4,Mall,2025-04-13,16,true,27,1,483.7,0.037,true
ST06,CITY5,High Street,2025-04-14,17,false,,5,2044.51,,false
ST07,CITY0,Mall,2025-04-15,18,false,65,11,4881.69,0.1692,true
ST08,CITY1,High Street,2025-04-16,19,false,50,13,6589.09,0.26,true
ST09,CITY2,Mall,2025-04-17,20,false,48,4,1090.88,0.0833,true
ST10,CITY3,High Street,2025-04-18,21,false,28,7,3362.13,0.25,true
ST11,CITY4,Mall,2025-04-19,10,true,,6,2052.02,,false
ST12,CITY5,High Street,2025-04-20,11,true,55,7,2194.3,0.1273,true
ST01,CITY0,Mall,2025-04-20,13,true,43,6,6753.17,0.1395,true
ST02,CITY1,High Street,2025-04-21,14,false,16,2,742.07,0.125,true
ST03,CITY2,Mall,2025-04-22,15,false,18,2,2954.56,0.1111,true
ST04,CITY3,High Street,2025-04-12,16,true,32,3,1386.01,0.0938,true
ST05,CITY4,Mall,2025-04-13,17,true,43,4,949.07,0.093,true
ST06,CITY5,High Street,2025-04-14,18,false,67,14,5186.52,0.209,true
ST07,CITY0,Mall,2025-04-15,19,false,69,12,5219.96,0.1739,true
ST08,CITY1,High Street,2025-04-16,20,false,50,13,8135.03,0.26,true
ST09,CITY2,Mall,2025-04-17,21,false,28,3,1078.82,0.1071,true
ST10,CITY3,High Street,2025-04-18,10,false,23,6,3574.34,0.2609,true
ST11,CITY4,Mall,2025-04-19,11,true,,9,3711.7,,false
ST12,CITY5,High Street,2025-04-20,12,true,59,8,4323.36,0.1356,true
ST01,CITY0,Mall,2025-04-20,14,true,26,2,538.36,0.0769,true
ST02,CITY1,High Street,2025-04-21,15,false,22,2,753.02,0.0909,true
ST03,CITY2,Mall,2025-04-22,16,false,18,2,312.82,0.1111,true
ST04,CITY3,High Street,2025-04-12,17,true,54,13,6302.31,0.2407,true
ST05,CITY4,Mall,2025-04-13,18,true,92,9,8076.54,0.0978,true
ST06,CITY5,High Street,2025-04-14,19,false,48,10,7576.29,0.2083,true
ST07,CITY0,Mall,2025-04-15,20,false,57,10,3074.79,0.1754,true
ST08,CITY1,High Street,2025-04-16,21,false,23,6,3554.73,0.2609,true
ST09,CITY2,Mall,2025-04-17,10,false,38,3,2673.4,0.0789,true
ST10,CITY3,High Street,2025-04-18,11,false,28,7,4149.63,0.25,true
ST11,CITY4,Mall,2025-04-19,12,true,,8,2827.63,,false
ST12,CITY5,High Street,2025-04-20,13,true,62,8,2862.69,0.129,true
ST01,CITY0,Mall,2025-04-20,15,true,23,2,363.14,0.087,true
ST02,CITY1,High Street,2025-04-21,16,false,22,2,365.1,0.0909,true
ST03,CITY2,Mall,2025-04-22,17,false,27,7,4209.19,0.2593,true
ST04,CITY3,High Street,2025-04-12,18,true,74,17,13334.97,0.2297,true
ST05,CITY4,Mall,2025-04-13,19,true,70,7,4146.39,0.1,true
ST06,CITY5,High Street,2025-04-14,20,false,46,10,6983.55,0.2174,true
ST07,CITY0,Mall,2025-04-15,21,false,34,6,2291.62,0.1765,true
ST08,CITY1,High Street,2025-04-16,10,false,36,9,5473.08,0.25,true
ST09,CITY2,Mall,2025-04-17,11,false,24,2,639.94,0.0833,true
ST10,CITY3,High Street,2025-04-18,12,false,31,8,3840.55,0.2581,true
ST11,CITY4,Mall,2025-04-19,13,true,51,8,3495.14,0.1569,true
ST12,CITY5,High Street,2025-04-20,14,true,34,2,1334.93,0.0588,true
ST01,CITY0,Mall,2025-04-20,16,true,37,3,949.68,0.0811,true
ST02,CITY1,High Street,2025-04-21,17,false,28,7,7574.59,0.25,true
ST03,CITY2,Mall,2025-04-22,18,false,66,18,8311.45,0.2727,true
ST04,CITY3,High Street,2025-04-12,19,true,64,15,8198.5,0.2344,true
ST05,CITY4,Mall,2025-04-13,20,true,93,9,4471.78,0.0968,true
ST06,CITY5,High Street,2025-04-14,21,false,23,5,3015.98,0.2174,true
ST07,CITY0,Mall,2025-04-15,10,false,36,6,2734.02,0.1667,true
ST08,CITY1,High Street,2025-04-16,11,false,27,7,2725.77,0.2593,true
ST09,CITY2,Mall,2025-04-17,12,false,30,3,1205.81,0.1,true
ST10,CITY3,High Street,2025-04-18,13,false,25,6,2352.25,0.24,true
ST11,CITY4,Mall,2025-04-19,14,true,24,2,985.32,0.0833,true
ST12,CITY5,High Street,2025-04-20,15,true,26,2,1040.77,0.0769,true
ST01,CITY0,Mall,2025-04-20,17,true,52,8,4254.82,0.1538,true
ST02,CITY1,High Street,2025-04-21,18,false,49,12,5488.3,0.2449,true
ST03,CITY2,Mall,2025-04-22,19,false,43,12,6089.44,0.2791,true
ST04,CITY3,High Street,2025-04-12,20,true,88,21,9810.09,0.2386,true
ST05,CITY4,Mall,2025-04-13,21,true,34,3,1632.33,0.0882,true
ST06,CITY5,High Street,2025-04-14,10,false,31,6,2737.77,0.1935,true
ST07,CITY0,Mall,2025-04-15,11,false,30,5,2635.45,0.1667,true
ST08,CITY1,High Street,2025-04-16,12,false,29,7,4807.19,0.2414,true
ST09,CITY2,Mall,2025-04-17,13,false,31,3,2613.1,0.0968,true
ST10,CITY3,High Street,2025-04-18,14,false,20,2,768.93,0.1,true
ST11,CITY4,Mall,2025-04-19,15,true,24,2,530.97,0.0833,true
ST12,CITY5,High Street,2025-04-20,16,true,29,2,872.38,0.069,true
ST01,CITY0,Mall,2025-04-20,18,true,91,14,7390.67,0.1538,true
ST02,CITY1,High Street,2025-04-21,19,false,49,12,6084.49,0.2449,true
ST03,CITY2,Mall,2025-04-22,20,false,66,18,11143.85,0.2727,true
ST04,CITY3,High Street,2025-04-12,21,true,45,11,7171.48,0.2444,true
ST05,CITY4,Mall,2025-04-13,10,true,51,5,1701.34,0.098,true
ST06,CITY5,High Street,2025-04-14,11,false,33,7,3262.97,0.2121,true
ST07,CITY0,Mall,2025-04-15,12,false,35,6,2993.52,0.1714,true
ST08,CITY1,High Street,2025-04-16,13,false,35,9,5140.36,0.2571,true
ST09,CITY2,Mall,2025-04-17,14,false,23,1,178.65,0.0435,true
ST10,CITY3,High Street,2025-04-18,15,false,14,2,950.16,0.1429,true
ST11,CITY4,Mall,2025-04-19,16,true,25,2,2236.52,0.08,true
ST12,CITY5,High Street,2025-04-20,17,true,58,8,6532.07,0.1379,true
ST01,CITY0,Mall,2025-04-20,19,true,97,15,7708.91,0.1546,true
ST02,CITY1,High Street,2025-04-21,20,false,54,13,9907.62,0.2407,true
ST03,CITY2,Mall,2025-04-22,21,false,23,6,3506.72,0.2609,true
ST04,CITY3,High Street,2025-04-12,10,true,56,13,7292.02,0.2321,true
ST05,CITY4,Mall,2025-04-13,11,true,62,6,4202.77,0.0968,true
ST06,CITY5,High Street,2025-04-14,12,false,21,4,2435.69,0.1905,true
ST07,CITY0,Mall,2025-04-15,13,false,30,5,2384.86,0.1667,true
ST08,CITY1,High Street,2025-04-16,14,false,23,3,2013.52,0.1304,true
ST09,CITY2,Mall,2025-04-17,15,false,15,1,747.5,0.0667,true
ST10,CITY3,High Street,2025-04-18,16,false,13,1,707.12,0.0769,true
ST11,CITY4,Mall,2025-04-19,17,true,48,7,4131.08,0.1458,true
ST12,CITY5,High Street,2025-04-20,18,true,75,10,7500.93,0.1333,true
ST01,CITY0,Mall,2025-04-20,20,true,64,10,3800.14,0.1563,true
ST02,CITY1,High Street,2025-04-21,21,false,36,9,4267.61,0.25,true
ST03,CITY2,Mall,2025-04-22,10,false,36,10,4668.73,0.2778,true
ST04,CITY3,High Street,2025-04-12,11,true,47,11,7729.95,0.234,true
ST05,CITY4,Mall,2025-04-13,12,true,34,3,1504.77,0.0882,true
ST06,CITY5,High Street,2025-04-14,13,false,36,7,2479.95,0.1944,true
ST07,CITY0,Mall,2025-04-15,14,false,17,1,266.95,0.0588,true
ST08,CITY1,High Street,2025-04-16,15,false,23,3,1996.54,0.1304,true
ST09,CITY2,Mall,2025-04-17,16,false,13,1,1018.44,0.0769,true
ST10,CITY3,High Street,2025-04-18,17,false,25,6,2096.93,0.24,true
ST11,CITY4,Mall,2025-04-19,18,true,107,16,8713.33,0.1495,true
ST12,CITY5,High Street,2025-04-20,19,true,84,11,5595.62,0.131,true
ST01,CITY0,Mall,2025-04-20,21,true,53,8,3365.92,0.1509,true
ST02,CITY1,High Street,2025-04-21,10,false,22,5,2486.56,0.2273,true
ST03,CITY2,Mall,2025-04-22,11,false,30,8,4577.43,0.2667,true
ST04,CITY3,High Street,2025-04-12,12,true,39,9,8086.68,0.2308,true
ST05,CITY4,Mall,2025-04-13,13,true,61,6,2928.11,0.0984,true
ST06,CITY5,High Street,2025-04-14,14,false,18,2,370.58,0.1111,true
ST07,CITY0,Mall,2025-04-15,15,false,16,1,624.02,0.0625,true
ST08,CITY1,High Street,2025-04-16,16,false,22,3,1534.85,0.1364,true
ST09,CITY2,Mall,2025-04-17,17,false,33,3,1210.95,0.0909,true
ST10,CITY3,High Street,2025-04-18,18,false,62,15,6223.12,0.2419,true
ST11,CITY4,Mall,2025-04-19,19,true,110,17,8968.7,0.1545,true
ST12,CITY5,High Street,2025-04-20,20,true,100,13,7217.79,0.13,true
ST01,CITY0,Mall,2025-04-21,10,false,26,5,2771.42,0.1923,true
ST02,CITY1,High Street,2025-04-22,11,false,38,9,4249.54,0.2368,true
ST03,CITY2,Mall,2025-04-12,12,true,41,9,2920.75,0.2195,true
ST04,CITY3,High Street,2025-04-13,13,true,40,9,3632.35,0.225,true
ST05,CITY4,Mall,2025-04-14,14,false,21,1,394.41,0.0476,true
ST06,CITY5,High Street,2025-04-15,15,false,18,2,663.99,0.1111,true
ST07,CITY0,Mall,2025-04-16,16,false,19,1,323.52,0.0526,true
ST08,CITY1,High Street,2025-04-17,17,false,27,7,4503.39,0.2593,true
ST09,CITY2,Mall,2025-04-18,18,false,47,4,1863.07,0.0851,true
ST10,CITY3,High Street,2025-04-19,19,true,74,15,7502.52,0.2027,true
ST11,CITY4,Mall,2025-04-20,20,true,84,13,7713.14,0.1548,true
ST12,CITY5,High Street,2025-04-21,21,false,34,5,1996.61,0.1471,true
ST01,CITY0,Mall,2025-04-21,11,false,24,4,1025.27,0.1667,true
ST02,CITY1,High Street,2025-04-22,12,false,31,8,3802.69,0.2581,true
ST03,CITY2,Mall,2025-04-12,13,true,53,12,7204.92,0.2264,true
ST04,CITY3,High Street,2025-04-13,14,true,24,3,1279.49,0.125,true
ST05,CITY4,Mall,2025-04-14,15,false,17,1,2515.2,0.0588,true
ST06,CITY5,High Street,2025-04-15,16,false,15,1,162.88,0.0667,true
ST07,CITY0,Mall,2025-04-16,17,false,35,6,4495.73,0.1714,true
ST08,CITY1,High Street,2025-04-17,18,false,47,12,4962.22,0.2553,true
ST09,CITY2,Mall,2025-04-18,19,false,61,6,2874.35,0.0984,true
ST10,CITY3,High Street,2025-04-19,20,true,95,20,7545.46,0.2105,true
ST11,CITY4,Mall,2025-04-20,21,true,35,5,1316.0,0.1429,true
ST12,CITY5,High Street,2025-04-21,10,false,32,5,1454.17,0.1563,true
ST01,CITY0,Mall,2025-04-21,12,false,38,7,3720.06,0.1842,true
ST02,CITY1,High Street,2025-04-22,13,false,35,9,6508.94,0.2571,true
ST03,CITY2,Mall,2025-04-12,14,true,34,4,2184.86,0.1176,true
ST04,CITY3,High Street,2025-04-13,15,true,22,2,899.93,0.0909,true
ST05,CITY4,Mall,2025-04-14,16,false,,1,223.33,,false
ST06,CITY5,High Street,2025-04-15,17,false,35,7,2477.74,0.2,true
ST07,CITY0,Mall,2025-04-16,18,false,41,7,3898.32,0.1707,true
ST08,CITY1,High Street,2025-04-17,19,false,65,17,10828.81,0.2615,true
ST09,CITY2,Mall,2025-04-18,20,false,47,4,2269.86,0.0851,true
ST10,CITY3,High Street,2025-04-19,21,true,43,9,6777.46,0.2093,true
ST11,CITY4,Mall,2025-04-20,10,true,37,6,2355.46,0.1622,true
ST12,CITY5,High Street,2025-04-21,11,false,32,5,3380.59,0.1563,true
ST01,CITY0,Mall,2025-04-21,13,false,24,4,2087.08,0.1667,true
ST02,CITY1,High Street,2025-04-22,14,false,20,2,1875.19,0.1,true
ST03,CITY2,Mall,2025-04-12,15,true,27,3,463.55,0.1111,true
ST04,CITY3,High Street,2025-04-13,16,true,23,2,571.42,0.087,true
ST05,CITY4,Mall,2025-04-14,17,false,,3,1691.53,,false
ST06,CITY5,High Street,2025-04-15,18,false,44,9,5523.37,0.2045,true
ST07,CITY0,Mall,2025-04-16,19,false,45,8,6833.23,0.1778,true
ST08,CITY1,High Street,2025-04-17,20,false,68,17,15190.17,0.25,true
ST09,CITY2,Mall,2025-04-18,21,false,32,3,1201.61,0.0938,true
ST10,CITY3,High Street,2025-04-19,10,true,,10,4514.5,,false
ST11,CITY4,Mall,2025-04-20,11,true,49,7,2844.16,0.1429,true
ST12,CITY5,High Street,2025-04-21,12,false,39,6,2890.64,0.1538,true
ST01,CITY0,Mall,2025-04-21,14,false,14,1,261.32,0.0714,true
ST02,CITY1,High Street,2025-04-22,15,false,21,2,1347.84,0.0952,true
ST03,CITY2,Mall,2025-04-12,16,true,34,4,1865.81,0.1176,true
ST04,CITY3,High Street,2025-04-13,17,true,56,13,5478.37,0.2321,true
ST05,CITY4,Mall,2025-04-14,18,false,42,5,1641.48,0.119,true
ST06,CITY5,High Street,2025-04-15,19,false,48,10,5546.3,0.2083,true
ST07,CITY0,Mall,2025-04-16,20,false,46,8,3142.42,0.1739,true
ST08,CITY1,High Street,2025-04-17,21,false,37,9,5166.15,0.2432,true
ST09,CITY2,Mall,2025-04-18,10,false,39,4,3604.51,0.1026,true
ST10,CITY3,High Street,2025-04-19,11,true,,11,5395.0,,false
ST11,CITY4,Mall,2025-04-20,12,true,60,9,3055.7,0.15,true
ST12,CITY5,High Street,2025-04-21,13,false,23,4,2799.49,0.1739,true
ST01,CITY0,Mall,2025-04-21,15,false,21,2,1256.72,0.0952,true
ST02,CITY1,High Street,2025-04-22,16,false,19,2,1562.52,0.1053,true
ST03,CITY2,Mall,2025-04-12,17,true,38,9,5494.93,0.2368,true
ST04,CITY3,High Street,2025-04-13,18,true,110,26,11158.09,0.2364,true
ST05,CITY4,Mall,2025-04-14,19,false,43,5,2487.09,0.1163,true
ST06,CITY5,High Street,2025-04-15,20,false,52,11,9794.81,0.2115,true
ST07,CITY0,Mall,2025-04-16,21,false,22,4,2154.96,0.1818,true
ST08,CITY1,High Street,2025-04-17,10,false,31,8,4050.26,0.2581,true
ST09,CITY2,Mall,2025-04-18,11,false,30,3,2936.99,0.1,true
ST10,CITY3,High Street,2025-04-19,12,true,,7,6892.57,,false
ST11,CITY4,Mall,2025-04-20,13,true,52,8,3141.88,0.1538,true
ST12,CITY5,High Street,2025-04-21,14,false,14,1,155.2,0.0714,true
ST01,CITY0,Mall,2025-04-21,16,false,22,2,328.42,0.0909,true
ST02,CITY1,High Street,2025-04-22,17,false,28,7,2690.73,0.25,true
ST03,CITY2,Mall,2025-04-12,18,true,74,17,11382.03,0.2297,true
ST04,CITY3,High Street,2025-04-13,19,true,85,20,12339.09,0.2353,true
ST05,CITY4,Mall,2025-04-14,20,false,42,5,2100.66,0.119,true
ST06,CITY5,High Street,2025-04-15,21,false,27,6,2131.69,0.2222,true
ST07,CITY0,Mall,2025-04-16,10,false,36,6,1863.49,0.1667,true
ST08,CITY1,High Street,2025-04-17,11,false,26,7,3172.7,0.2692,true
ST09,CITY2,Mall,2025-04-18,12,false,36,3,1464.54,0.0833,true
ST10,CITY3,High Street,2025-04-19,13,true,36,7,2789.52,0.1944,true
ST11,CITY4,Mall,2025-04-20,14,true,29,2,431.24,0.069,true
ST12,CITY5,High Street,2025-04-21,15,false,18,1,296.62,0.0556,true
ST01,CITY0,Mall,2025-04-21,17,false,37,7,3103.19,0.1892,true
ST02,CITY1,High Street,2025-04-22,18,false,63,16,7529.51,0.254,true
ST03,CITY2,Mall,2025-04-12,19,true,101,23,10267.57,0.2277,true
ST04,CITY3,High Street,2025-04-13,20,true,66,15,10830.63,0.2273,true
ST05,CITY4,Mall,2025-04-14,21,false,27,3,1138.26,0.1111,true
ST06,CITY5,High Street,2025-04-15,10,false,33,7,5023.91,0.2121,true
ST07,CITY0,Mall,2025-04-16,11,false,38,7,4058.39,0.1842,true
ST08,CITY1,High Street,2025-04-17,12,false,35,9,3419.88,0.2571,true
ST09,CITY2,Mall,2025-04-18,13,false,34,3,1564.87,0.0882,true
ST10,CITY3,High Street,2025-04-19,14,true,36,3,585.84,0.0833,true
ST11,CITY4,Mall,2025-04-20,15,true,33,2,508.59,0.0606,true
ST12,CITY5,High Street,2025-04-21,16,false,15,1,478.51,0.0667,true
ST01,CITY0,Mall,2025-04-21,18,false,46,8,8828.74,0.1739,true
ST02,CITY1,High Street,2025-04-22,19,false,66,16,8207.21,0.2424,true
ST03,CITY2,Mall,2025-04-12,20,true,105,24,12231.39,0.2286,true
ST04,CITY3,High Street,2025-04-13,21,true,36,8,4123.41,0.2222,true
ST05,CITY4,Mall,2025-04-14,10,false,34,4,1766.69,0.1176,true
ST06,CITY5,High Street,2025-04-15,11,false,35,7,2721.67,0.2,true
ST07,CITY0,Mall,2025-04-16,12,false,24,4,1294.17,0.1667,true
ST08,CITY1,High Street,2025-04-17,13,false,34,9,4875.84,0.2647,true
ST09,CITY2,Mall,2025-04-18,14,false,14,1,236.65,0.0714,true
ST10,CITY3,High Street,2025-04-19,15,true,29,3,1903.34,0.1034,true
ST11,CITY4,Mall,2025-04-20,16,true,26,2,357.0,0.0769,true
ST12,CITY5,High Street,2025-04-21,17,false,39,6,3732.08,0.1538,true
ST01,CITY0,Mall,2025-04-21,19,false,56,10,6642.77,0.1786,true
ST02,CITY1,High Street,2025-04-22,20,false,59,15,7624.22,0.2542,true
ST03,CITY2,Mall,2025-04-12,21,true,59,14,6978.8,0.2373,true
ST04,CITY3,High Street,2025-04-13,10,true,35,8,3632.56,0.2286,true
ST05,CITY4,Mall,2025-04-14,11,false,21,2,775.08,0.0952,true
ST06,CITY5,High Street,2025-04-15,12,false,29,6,2158.84,0.2069,true
ST07,CITY0,Mall,2025-04-16,13,false,34,6,3615.37,0.1765,true
ST08,CITY1,High Street,2025-04-17,14,false,15,2,1154.17,0.1333,true
ST09,CITY2,Mall,2025-04-18,15,false,23,1,152.06,0.0435,true
ST10,CITY3,High Street,2025-04-19,16,true,31,3,2019.29,0.0968,true
ST11,CITY4,Mall,2025-04-20,17,true,36,5,2125.83,0.1389,true
ST12,CITY5,High Street,2025-04-21,18,false,49,7,3162.52,0.1429,true
ST01,CITY0,Mall,2025-04-21,20,false,42,7,5972.37,0.1667,true
ST02,CITY1,High Street,2025-04-22,21,false,34,8,3774.32,0.2353,true
ST03,CITY2,Mall,2025-04-12,10,true,56,13,8278.11,0.2321,true
ST04,CITY3,High Street,2025-04-13,11,true,42,10,4015.39,0.2381,true
ST05,CITY4,Mall,2025-04-14,12,false,21,2,1623.82,0.0952,true
ST06,CITY5,High Street,2025-04-15,13,false,32,7,5163.25,0.2188,true
ST07,CITY0,Mall,2025-04-16,14,false,21,2,850.77,0.0952,true
ST08,CITY1,High Street,2025-04-17,15,false,15,2,1443.96,0.1333,true
ST09,CITY2,Mall,2025-04-18,16,false,18,1,406.04,0.0556,true
ST10,CITY3,High Street,2025-04-19,17,true,40,8,3873.53,0.2,true
ST11,CITY4,Mall,2025-04-20,18,true,93,14,4329.86,0.1505,true
ST12,CITY5,High Street,2025-04-21,19,false,59,9,4985.5,0.1525,true
ST01,CITY0,Mall,2025-04-21,21,false,24,4,1106.51,0.1667,true
ST02,CITY1,High Street,2025-04-22,10,false,33,8,5242.41,0.2424,true
ST03,CITY2,Mall,2025-04-12,11,true,53,12,6980.45,0.2264,true
ST04,CITY3,High Street,2025-04-13,12,true,49,11,3706.81,0.2245,true
ST05,CITY4,Mall,2025-04-14,13,false,24,3,1347.76,0.125,true
ST06,CITY5,High Street,2025-04-15,14,false,23,2,869.93,0.087,true
ST07,CITY0,Mall,2025-04-16,15,false,18,1,595.85,0.0556,true
ST08,CITY1,High Street,2025-04-17,16,false,14,2,1856.74,0.1429,true
ST09,CITY2,Mall,2025-04-18,17,false,37,3,916.62,0.0811,true
ST10,CITY3,High Street,2025-04-19,18,true,81,17,9182.77,0.2099,true
ST11,CITY4,Mall,2025-04-20,19,true,82,12,6606.72,0.1463,true
ST12,CITY5,High Street,2025-04-21,20,false,67,10,4591.07,0.1493,true
ST01,CITY0,Mall,2025-04-22,10,false,36,6,2469.01,0.1667,true
ST02,CITY1,High Street,2025-04-12,11,true,50,11,6108.68,0.22,true
ST03,CITY2,Mall,2025-04-13,12,true,62,14,8736.69,0.2258,true
ST04,CITY3,High Street,2025-04-14,13,false,35,10,5604.36,0.2857,true
ST05,CITY4,Mall,2025-04-15,14,false,14,1,310.89,0.0714,true
ST06,CITY5,High Street,2025-04-16,15,false,20,2,631.22,0.1,true
ST07,CITY0,Mall,2025-04-17,16,false,15,1,843.02,0.0667,true
ST08,CITY1,High Street,2025-04-18,17,false,29,7,4003.97,0.2414,true
ST09,CITY2,Mall,2025-04-19,18,true,70,5,3638.91,0.0714,true
ST10,CITY3,High Street,2025-04-20,19,true,98,20,9641.25,0.2041,true
ST11,CITY4,Mall,2025-04-21,20,false,59,10,3536.73,0.1695,true
ST12,CITY5,High Street,2025-04-22,21,false,24,4,1577.06,0.1667,true
ST01,CITY0,Mall,2025-04-22,11,false,34,6,3686.22,0.1765,true
ST02,CITY1,High Street,2025-04-12,12,true,60,13,5414.96,0.2167,true
ST03,CITY2,Mall,2025-04-13,13,true,42,10,6252.83,0.2381,true
ST04,CITY3,High Street,2025-04-14,14,false,16,2,1544.54,0.125,true
ST05,CITY4,Mall,2025-04-15,15,false,16,1,755.16,0.0625,true
ST06,CITY5,High Street,2025-04-16,16,false,22,2,752.5,0.0909,true
ST07,CITY0,Mall,2025-04-17,17,false,25,4,1740.27,0.16,true
ST08,CITY1,High Street,2025-04-18,18,false,70,18,7033.26,0.2571,true
ST09,CITY2,Mall,2025-04-19,19,true,110,9,3557.07,0.0818,true
ST10,CITY3,High Street,2025-04-20,20,true,66,14,5743.85,0.2121,true
ST11,CITY4,Mall,2025-04-21,21,false,23,4,1713.5,0.1739,true
ST12,CITY5,High Street,2025-04-22,10,false,36,6,2251.36,0.1667,true
ST01,CITY0,Mall,2025-04-22,12,false,22,4,2148.36,0.1818,true
ST02,CITY1,High Street,2025-04-12,13,true,36,8,4403.39,0.2222,true
ST03,CITY2,Mall,2025-04-13,14,true,36,4,1979.0,0.1111,true
ST04,CITY3,High Street,2025-04-14,15,false,14,2,491.89,0.1429,true
ST05,CITY4,Mall,2025-04-15,16,false,13,1,383.82,0.0769,true
ST06,CITY5,High Street,2025-04-16,17,false,33,7,4564.51,0.2121,true
ST07,CITY0,Mall,2025-04-17,18,false,69,12,6531.42,0.1739,true
ST08,CITY1,High Street,2025-04-18,19,false,43,11,4306.27,0.2558,true
ST09,CITY2,Mall,2025-04-19,20,true,78,6,2850.91,0.0769,true
ST10,CITY3,High Street,2025-04-20,21,true,41,9,5241.43,0.2195,true
ST11,CITY4,Mall,2025-04-21,10,false,34,6,2535.28,0.1765,true
ST12,CITY5,High Street,2025-04-22,11,false,28,4,799.94,0.1429,true
ST01,CITY0,Mall,2025-04-22,13,false,24,4,1214.77,0.1667,true
ST02,CITY1,High Street,2025-04-12,14,true,31,3,1502.17,0.0968,true
ST03,CITY2,Mall,2025-04-13,15,true,28,3,1249.94,0.1071,true
ST04,CITY3,High Street,2025-04-14,16,false,,2,1096.28,,false
ST05,CITY4,Mall,2025-04-15,17,false,27,3,1584.88,0.1111,true
ST06,CITY5,High Street,2025-04-16,18,false,58,12,6547.48,0.2069,true
ST07,CITY0,Mall,2025-04-17,19,false,59,10,5461.15,0.1695,true
ST08,CITY1,High Street,2025-04-18,20,false,66,17,7926.9,0.2576,true
ST09,CITY2,Mall,2025-04-19,21,true,49,4,1033.52,0.0816,true
ST10,CITY3,High Street,2025-04-20,10,true,57,12,5201.8,0.2105,true
ST11,CITY4,Mall,2025-04-21,11,false,36,6,3245.05,0.1667,true
ST12,CITY5,High Street,2025-04-22,12,false,27,4,3305.53,0.1481,true
ST01,CITY0,Mall,2025-04-22,14,false,21,2,727.6,0.0952,true
ST02,CITY1,High Street,2025-04-12,15,true,31,3,1559.95,0.0968,true
ST03,CITY2,Mall,2025-04-13,16,true,37,4,2756.66,0.1081,true
ST04,CITY3,High Street,2025-04-14,17,false,,10,4282.47,,false
ST05,CITY4,Mall,2025-04-15,18,false,56,6,2674.5,0.1071,true
ST06,CITY5,High Street,2025-04-16,19,false,65,14,9939.52,0.2154,true
ST07,CITY0,Mall,2025-04-17,20,false,65,11,6593.76,0.1692,true
ST08,CITY1,High Street,2025-04-18,21,false,34,9,4864.65,0.2647,true
ST09,CITY2,Mall,2025-04-19,10,true,,3,1118.05,,false
ST10,CITY3,High Street,2025-04-20,11,true,42,9,4231.52,0.2143,true
ST11,CITY4,Mall,2025-04-21,12,false,32,6,1952.83,0.1875,true
ST12,CITY5,High Street,2025-04-22,13,false,31,5,2216.2,0.1613,true
ST01,CITY0,Mall,2025-04-22,15,false,13,1,697.51,0.0769,true
ST02,CITY1,High Street,2025-04-12,16,true,26,2,1283.35,0.0769,true
ST03,CITY2,Mall,2025-04-13,17,true,48,11,4705.12,0.2292,true
ST04,CITY3,High Street,2025-04-14,18,false,49,13,3933.96,0.2653,true
ST05,CITY4,Mall,2025-04-15,19,false,66,7,3938.36,0.1061,true
ST06,CITY5,High Street,2025-04-16,20,false,61,13,6134.24,0.2131,true
ST07,CITY0,Mall,2025-04-17,21,false,37,6,4272.63,0.1622,true
ST08,CITY1,High Street,2025-04-18,10,false,25,6,2157.14,0.24,true
ST09,CITY2,Mall,2025-04-19,11,true,,4,1313.22,,false
ST10,CITY3,High Street,2025-04-20,12,true,39,8,3441.61,0.2051,true
ST11,CITY4,Mall,2025-04-21,13,false,39,7,4640.34,0.1795,true
ST12,CITY5,High Street,2025-04-22,14,false,22,2,1031.57,0.0909,true
ST01,CITY0,Mall,2025-04-22,16,false,18,1,314.0,0.0556,true
ST02,CITY1,High Street,2025-04-12,17,true,43,9,3933.39,0.2093,true
ST03,CITY2,Mall,2025-04-13,18,true,68,16,6024.94,0.2353,true
ST04,CITY3,High Street,2025-04-14,19,false,51,14,6257.7,0.2745,true
ST05,CITY4,Mall,2025-04-15,20,false,46,5,1395.75,0.1087,true
ST06,CITY5,High Street,2025-04-16,21,false,30,6,2631.11,0.2,true
ST07,CITY0,Mall,2025-04-17,10,false,25,4,1782.51,0.16,true
ST08,CITY1,High Street,2025-04-18,11,false,23,6,2978.55,0.2609,true
ST09,CITY2,Mall,2025-04-19,12,true,,3,1055.33,,false
ST10,CITY3,High Street,2025-04-20,13,true,46,10,4003.22,0.2174,true
ST11,CITY4,Mall,2025-04-21,14,false,23,2,1077.95,0.087,true
ST12,CITY5,High Street,2025-04-22,15,false,20,1,457.83,0.05,true
ST01,CITY0,Mall,2025-04-22,17,false,36,6,3019.03,0.1667,true
ST02,CITY1,High Street,2025-04-12,18,true,89,19,8830.75,0.2135,true
ST03,CITY2,Mall,2025-04-13,19,true,82,19,9037.25,0.2317,true
ST04,CITY3,High Street,2025-04-14,20,false,47,13,7975.29,0.2766,true
ST05,CITY4,Mall,2025-04-15,21,false,21,2,2254.41,0.0952,true
ST06,CITY5,High Street,2025-04-16,10,false,30,6,2156.0,0.2,true
ST07,CITY0,Mall,2025-04-17,11,false,38,7,5168.23,0.1842,true
ST08,CITY1,High Street,2025-04-18,12,false,30,8,3877.24,0.2667,true
ST09,CITY2,Mall,2025-04-19,13,true,40,3,1107.64,0.075,true
ST10,CITY3,High Street,2025-04-20,14,true,36,3,1084.54,0.0833,true
ST11,CITY4,Mall,2025-04-21,15,false,18,1,295.96,0.0556,true
ST12,CITY5,High Street,2025-04-22,16,false,23,2,936.73,0.087,true
ST01,CITY0,Mall,2025-04-22,18,false,49,9,3788.05,0.1837,true
ST02,CITY1,High Street,2025-04-12,19,true,62,13,7015.21,0.2097,true
ST03,CITY2,Mall,2025-04-13,20,true,70,16,8666.44,0.2286,true
ST04,CITY3,High Street,2025-04-14,21,false,33,9,2929.43,0.2727,true
ST05,CITY4,Mall,2025-04-15,10,false,21,2,2026.71,0.0952,true
ST06,CITY5,High Street,2025-04-16,11,false,26,5,2448.79,0.1923,true
ST07,CITY0,Mall,2025-04-17,12,false,27,5,2144.43,0.1852,true
ST08,CITY1,High Street,2025-04-18,13,false,34,9,5158.34,0.2647,true
ST09,CITY2,Mall,2025-04-19,14,true,23,1,248.49,0.0435,true
ST10,CITY3,High Street,2025-04-20,15,true,36,3,939.16,0.0833,true
ST11,CITY4,Mall,2025-04-21,16,false,13,1,287.26,0.0769,true
ST12,CITY5,High Street,2025-04-22,17,false,38,6,3935.33,0.1579,true
ST01,CITY0,Mall,2025-04-22,19,false,40,7,3644.83,0.175,true
ST02,CITY1,High Street,2025-04-12,20,true,92,19,7390.63,0.2065,true
ST03,CITY2,Mall,2025-04-13,21,true,39,9,4001.62,0.2308,true
ST04,CITY3,High Street,2025-04-14,10,false,27,7,1624.28,0.2593,true
ST05,CITY4,Mall,2025-04-15,11,false,27,3,1603.67,0.1111,true
ST06,CITY5,High Street,2025-04-16,12,false,30,6,4249.39,0.2,true
ST07,CITY0,Mall,2025-04-17,13,false,29,5,1342.12,0.1724,true
ST08,CITY1,High Street,2025-04-18,14,false,22,3,595.44,0.1364,true
ST09,CITY2,Mall,2025-04-19,15,true,24,1,1175.94,0.0417,true
ST10,CITY3,High Street,2025-04-20,16,true,29,3,1030.94,0.1034,true
ST11,CITY4,Mall,2025-04-21,17,false,37,7,6981.51,0.1892,true
ST12,CITY5,High Street,2025-04-22,18,false,70,11,5709.25,0.1571,true
ST01,CITY0,Mall,2025-04-22,20,false,65,12,5653.54,0.1846,true
ST02,CITY1,High Street,2025-04-12,21,true,62,13,6153.55,0.2097,true
ST03,CITY2,Mall,2025-04-13,10,true,40,9,5188.84,0.225,true
ST04,CITY3,High Street,2025-04-14,11,false,36,10,4064.86,0.2778,true
ST05,CITY4,Mall,2025-04-15,12,false,35,4,2347.71,0.1143,true
ST06,CITY5,High Street,2025-04-16,13,false,33,7,4286.45,0.2121,true
ST07,CITY0,Mall,2025-04-17,14,false,16,1,767.96,0.0625,true
ST08,CITY1,High Street,2025-04-18,15,false,14,2,640.85,0.1429,true
ST09,CITY2,Mall,2025-04-19,16,true,33,1,765.87,0.0303,true
ST10,CITY3,High Street,2025-04-20,17,true,50,10,4303.64,0.2,true
ST11,CITY4,Mall,2025-04-21,18,false,48,8,4743.79,0.1667,true
ST12,CITY5,High Street,2025-04-22,19,false,55,8,4250.57,0.1455,true
ST01,CITY0,Mall,2025-04-22,21,false,21,4,1599.86,0.1905,true
ST02,CITY1,High Street,2025-04-12,10,true,34,7,3809.51,0.2059,true
ST03,CITY2,Mall,2025-04-13,11,true,35,8,4562.75,0.2286,true
ST04,CITY3,High Street,2025-04-14,12,false,21,6,1706.46,0.2857,true
ST05,CITY4,Mall,2025-04-15,13,false,32,4,2989.53,0.125,true
ST06,CITY5,High Street,2025-04-16,14,false,18,2,929.78,0.1111,true
ST07,CITY0,Mall,2025-04-17,15,false,15,1,349.75,0.0667,true
ST08,CITY1,High Street,2025-04-18,16,false,15,2,733.13,0.1333,true
ST09,CITY2,Mall,2025-04-19,17,true,57,4,1744.03,0.0702,true
ST10,CITY3,High Street,2025-04-20,18,true,112,23,11943.3,0.2054,true
ST11,CITY4,Mall,2025-04-21,19,false,39,7,2858.46,0.1795,true
ST12,CITY5,High Street,2025-04-22,20,false,42,6,3937.05,0.1429,true
ST01,CITY0,Mall,2025-04-23,10,false,24,4,1515.8,0.1667,true
ST02,CITY1,High Street,2025-04-24,11,false,33,8,3156.96,0.2424,true
ST03,CITY2,Mall,2025-04-25,12,false,28,8,4063.88,0.2857,true
ST04,CITY3,High Street,2025-04-26,13,true,41,10,3853.16,0.2439,true
ST05,CITY4,Mall,2025-04-27,14,true,25,1,972.67,0.04,true
ST06,CITY5,High Street,2025-04-28,15,false,16,1,1023.81,0.0625,true
ST07,CITY0,Mall,2025-04-29,16,false,17,1,604.11,0.0588,true
ST08,CITY1,High Street,2025-04-30,17,false,22,6,2538.1,0.2727,true
ST09,CITY2,Mall,2025-05-01,18,false,57,5,4052.17,0.0877,true
ST10,CITY3,High Street,2025-05-02,19,false,60,15,7090.39,0.25,true
ST11,CITY4,Mall,2025-05-03,20,true,80,12,4900.06,0.15,true
ST12,CITY5,High Street,2025-04-23,21,false,29,4,2004.1,0.1379,true
ST01,CITY0,Mall,2025-04-23,11,false,31,5,2148.19,0.1613,true
ST02,CITY1,High Street,2025-04-24,12,false,35,9,5336.34,0.2571,true
ST03,CITY2,Mall,2025-04-25,13,false,32,9,5310.8,0.2813,true
ST04,CITY3,High Street,2025-04-26,14,true,23,2,915.29,0.087,true
ST05,CITY4,Mall,2025-04-27,15,true,32,1,422.32,0.0313,true
ST06,CITY5,High Street,2025-04-28,16,false,22,2,940.4,0.0909,true
ST07,CITY0,Mall,2025-04-29,17,false,24,4,3188.01,0.1667,true
ST08,CITY1,High Street,2025-04-30,18,false,50,13,4984.1,0.26,true
ST09,CITY2,Mall,2025-05-01,19,false,61,6,1667.87,0.0984,true
ST10,CITY3,High Street,2025-05-02,20,false,48,12,5137.09,0.25,true
ST11,CITY4,Mall,2025-05-03,21,true,58,9,2548.56,0.1552,true
ST12,CITY5,High Street,2025-04-23,10,false,25,4,1471.67,0.16,true
ST01,CITY0,Mall,2025-04-23,12,false,24,4,2118.93,0.1667,true
ST02,CITY1,High Street,2025-04-24,13,false,32,8,4358.45,0.25,true
ST03,CITY2,Mall,2025-04-25,14,false,16,2,2349.66,0.125,true
ST04,CITY3,High Street,2025-04-26,15,true,29,3,2451.03,0.1034,true
ST05,CITY4,Mall,2025-04-27,16,true,35,1,269.5,0.0286,true
ST06,CITY5,High Street,2025-04-28,17,false,36,7,5372.64,0.1944,true
ST07,CITY0,Mall,2025-04-29,18,false,45,8,5318.11,0.1778,true
ST08,CITY1,High Street,2025-04-30,19,false,51,13,6186.04,0.2549,true
ST09,CITY2,Mall,2025-05-01,20,false,41,4,3264.3,0.0976,true
ST10,CITY3,High Street,2025-05-02,21,false,28,7,4518.4,0.25,true
ST11,CITY4,Mall,2025-05-03,10,true,36,5,1378.52,0.1389,true
ST12,CITY5,High Street,2025-04-23,11,false,38,6,2530.46,0.1579,true
ST01,CITY0,Mall,2025-04-23,13,false,22,4,2191.6,0.1818,true
ST02,CITY1,High Street,2025-04-24,14,false,14,2,775.68,0.1429,true
ST03,CITY2,Mall,2025-04-25,15,false,14,2,889.78,0.1429,true
ST04,CITY3,High Street,2025-04-26,16,true,22,2,1123.55,0.0909,true
ST05,CITY4,Mall,2025-04-27,17,true,44,4,2466.58,0.0909,true
ST06,CITY5,High Street,2025-04-28,18,false,58,12,6164.09,0.2069,true
ST07,CITY0,Mall,2025-04-29,19,false,54,9,4051.35,0.1667,true
ST08,CITY1,High Street,2025-04-30,20,false,57,15,7152.48,0.2632,true
ST09,CITY2,Mall,2025-05-01,21,false,39,4,1850.28,0.1026,true
ST10,CITY3,High Street,2025-05-02,10,false,31,8,5952.65,0.2581,true
ST11,CITY4,Mall,2025-05-03,11,true,55,8,3571.54,0.1455,true
ST12,CITY5,High Street,2025-04-23,12,false,32,5,2216.31,0.1563,true
ST01,CITY0,Mall,2025-04-23,14,false,15,1,525.79,0.0667,true
ST02,CITY1,High Street,2025-04-24,15,false,21,2,792.58,0.0952,true
ST03,CITY2,Mall,2025-04-25,16,false,22,3,1619.34,0.1364,true
ST04,CITY3,High Street,2025-04-26,17,true,49,11,5156.03,0.2245,true
ST05,CITY4,Mall,2025-04-27,18,true,104,10,4562.71,0.0962,true
ST06,CITY5,High Street,2025-04-28,19,false,51,11,5337.74,0.2157,true
ST07,CITY0,Mall,2025-04-29,20,false,52,9,4459.67,0.1731,true
ST08,CITY1,High Street,2025-04-30,21,false,38,10,6185.53,0.2632,true
ST09,CITY2,Mall,2025-05-01,10,false,37,3,904.78,0.0811,true
ST10,CITY3,High Street,2025-05-02,11,false,24,6,3847.3,0.25,true
ST11,CITY4,Mall,2025-05-03,12,true,46,7,4529.39,0.1522,true
ST12,CITY5,High Street,2025-04-23,13,false,25,4,1669.29,0.16,true
ST01,CITY0,Mall,2025-04-23,15,false,16,1,125.44,0.0625,true
ST02,CITY1,High Street,2025-04-24,16,false,23,3,2058.03,0.1304,true
ST03,CITY2,Mall,2025-04-25,17,false,32,9,4984.61,0.2813,true
ST04,CITY3,High Street,2025-04-26,18,true,66,15,7233.54,0.2273,true
ST05,CITY4,Mall,2025-04-27,19,true,62,6,3149.67,0.0968,true
ST06,CITY5,High Street,2025-04-28,20,false,64,13,4783.96,0.2031,true
ST07,CITY0,Mall,2025-04-29,21,false,23,4,1562.97,0.1739,true
ST08,CITY1,High Street,2025-04-30,10,false,21,5,2983.14,0.2381,true
ST09,CITY2,Mall,2025-05-01,11,false,31,3,830.96,0.0968,true
ST10,CITY3,High Street,2025-05-02,12,false,25,6,2787.72,0.24,true
ST11,CITY4,Mall,2025-05-03,13,true,59,9,3741.29,0.1525,true
ST12,CITY5,High Street,2025-04-23,14,false,14,1,173.08,0.0714,true
ST01,CITY0,Mall,2025-04-23,16,false,,2,2276.1,,false
ST02,CITY1,High Street,2025-04-24,17,false,26,6,3134.52,0.2308,true
ST03,CITY2,Mall,2025-04-25,18,false,42,11,3099.94,0.2619,true
ST04,CITY3,High Street,2025-04-26,19,true,67,16,7757.71,0.2388,true
ST05,CITY4,Mall,2025-04-27,20,true,83,8,4130.83,0.0964,true
ST06,CITY5,High Street,2025-04-28,21,false,37,8,5038.62,0.2162,true
ST07,CITY0,Mall,2025-04-29,10,false,23,4,2403.87,0.1739,true
ST08,CITY1,High Street,2025-04-30,11,false,37,9,5364.69,0.2432,true
ST09,CITY2,Mall,2025-05-01,12,false,29,3,1082.36,0.1034,true
ST10,CITY3,High Street,2025-05-02,13,false,31,8,3037.1,0.2581,true
ST11,CITY4,Mall,2025-05-03,14,true,28,2,1276.3,0.0714,true
ST12,CITY5,High Street,2025-04-23,15,false,15,1,429.08,0.0667,true
ST01,CITY0,Mall,2025-04-23,17,false,,5,2425.95,,false
ST02,CITY1,High Street,2025-04-24,18,false,58,14,7322.64,0.2414,true
ST03,CITY2,Mall,2025-04-25,19,false,61,17,10160.47,0.2787,true
ST04,CITY3,High Street,2025-04-26,20,true,89,21,8890.23,0.236,true
ST05,CITY4,Mall,2025-04-27,21,true,55,5,3304.32,0.0909,true
ST06,CITY5,High Street,2025-04-28,10,false,,7,4459.52,,false
ST07,CITY0,Mall,2025-04-29,11,false,33,6,2619.17,0.1818,true
ST08,CITY1,High Street,2025-04-30,12,false,32,8,4584.3,0.25,true
ST09,CITY2,Mall,2025-05-01,13,false,22,2,1629.77,0.0909,true
ST10,CITY3,High Street,2025-05-02,14,false,23,3,957.02,0.1304,true
ST11,CITY4,Mall,2025-05-03,15,true,30,2,804.49,0.0667,true
ST12,CITY5,High Street,2025-04-23,16,false,,2,1248.78,,false
ST01,CITY0,Mall,2025-04-23,18,false,51,9,4513.27,0.1765,true
ST02,CITY1,High Street,2025-04-24,19,false,48,12,6896.78,0.25,true
ST03,CITY2,Mall,2025-04-25,20,false,56,15,7312.99,0.2679,true
ST04,CITY3,High Street,2025-04-26,21,true,51,12,5455.66,0.2353,true
ST05,CITY4,Mall,2025-04-27,10,true,52,5,2741.38,0.0962,true
ST06,CITY5,High Street,2025-04-28,11,false,,7,3248.36,,false
ST07,CITY0,Mall,2025-04-29,12,false,32,6,2629.08,0.1875,true
ST08,CITY1,High Street,2025-04-30,13,false,24,6,2146.18,0.25,true
ST09,CITY2,Mall,2025-05-01,14,false,17,1,625.01,0.0588,true
ST10,CITY3,High Street,2025-05-02,15,false,16,2,604.98,0.125,true
ST11,CITY4,Mall,2025-05-03,16,true,24,2,815.14,0.0833,true
ST12,CITY5,High Street,2025-04-23,17,false,,4,3150.35,,false
ST01,CITY0,Mall,2025-04-23,19,false,67,12,6591.2,0.1791,true
ST02,CITY1,High Street,2025-04-24,20,false,58,14,5965.18,0.2414,true
ST03,CITY2,Mall,2025-04-25,21,false,35,9,2876.77,0.2571,true
ST04,CITY3,High Street,2025-04-26,10,true,51,12,9632.04,0.2353,true
ST05,CITY4,Mall,2025-04-27,11,true,51,5,2234.11,0.098,true
ST06,CITY5,High Street,2025-04-28,12,false,30,6,2211.64,0.2,true
ST07,CITY0,Mall,2025-04-29,13,false,22,4,1529.23,0.1818,true
ST08,CITY1,High Street,2025-04-30,14,false,22,3,1554.6,0.1364,true
ST09,CITY2,Mall,2025-05-01,15,false,16,1,679.54,0.0625,true
ST10,CITY3,High Street,2025-05-02,16,false,,2,341.3,,false
ST11,CITY4,Mall,2025-05-03,17,true,53,8,3624.73,0.1509,true
ST12,CITY5,High Street,2025-04-23,18,false,68,10,3685.8,0.1471,true
ST01,CITY0,Mall,2025-04-23,20,false,51,9,3813.66,0.1765,true
ST02,CITY1,High Street,2025-04-24,21,false,24,6,3197.43,0.25,true
ST03,CITY2,Mall,2025-04-25,10,false,34,9,3826.64,0.2647,true
ST04,CITY3,High Street,2025-04-26,11,true,42,10,4701.09,0.2381,true
ST05,CITY4,Mall,2025-04-27,12,true,48,5,3100.46,0.1042,true
ST06,CITY5,High Street,2025-04-28,13,false,39,8,3910.0,0.2051,true
ST07,CITY0,Mall,2025-04-29,14,false,22,2,839.14,0.0909,true
ST08,CITY1,High Street,2025-04-30,15,false,20,2,668.48,0.1,true
ST09,CITY2,Mall,2025-05-01,16,false,20,1,239.27,0.05,true
ST10,CITY3,High Street,2025-05-02,17,false,,9,5355.16,,false
ST11,CITY4,Mall,2025-05-03,18,true,111,17,10972.64,0.1532,true
ST12,CITY5,High Street,2025-04-23,19,false,43,7,1905.52,0.1628,true
ST01,CITY0,Mall,2025-04-23,21,false,34,6,3365.08,0.1765,true
ST02,CITY1,High Street,2025-04-24,10,false,26,6,2081.88,0.2308,true
ST03,CITY2,Mall,2025-04-25,11,false,34,9,6610.85,0.2647,true
ST04,CITY3,High Street,2025-04-26,12,true,56,13,4599.59,0.2321,true
ST05,CITY4,Mall,2025-04-27,13,true,53,5,2773.35,0.0943,true
ST06,CITY5,High Street,2025-04-28,14,false,20,2,2361.92,0.1,true
ST07,CITY0,Mall,2025-04-29,15,false,19,1,412.35,0.0526,true
ST08,CITY1,High Street,2025-04-30,16,false,20,2,532.87,0.1,true
ST09,CITY2,Mall,2025-05-01,17,false,24,2,867.64,0.0833,true
ST10,CITY3,High Street,2025-05-02,18,false,42,10,7126.9,0.2381,true
ST11,CITY4,Mall,2025-05-03,19,true,77,12,4667.49,0.1558,true
ST12,CITY5,High Street,2025-04-23,20,false,49,7,6505.25,0.1429,true
ST01,CITY0,Mall,2025-04-24,10,false,36,6,3160.61,0.1667,true
ST02,CITY1,High Street,2025-04-25,11,false,33,8,1853.86,0.2424,true
ST03,CITY2,Mall,2025-04-26,12,true,36,8,2782.18,0.2222,true
ST04,CITY3,High Street,2025-04-27,13,true,54,13,8460.73,0.2407,true
ST05,CITY4,Mall,2025-04-28,14,false,14,1,840.17,0.0714,true
ST06,CITY5,High Street,2025-04-29,15,false,20,2,861.11,0.1,true
ST07,CITY0,Mall,2025-04-30,16,false,15,1,138.85,0.0667,true
ST08,CITY1,High Street,2025-05-01,17,false,21,5,2469.35,0.2381,true
ST09,CITY2,Mall,2025-05-02,18,false,60,6,3216.98,0.1,true
ST10,CITY3,High Street,2025-05-03,19,true,75,16,5856.99,0.2133,true
ST11,CITY4,Mall,2025-04-23,20,false,68,12,5295.97,0.1765,true
ST12,CITY5,High Street,2025-04-24,21,false,31,5,2839.42,0.1613,true
ST01,CITY0,Mall,2025-04-24,11,false,32,6,3386.06,0.1875,true
ST02,CITY1,High Street,2025-04-25,12,false,32,8,2349.42,0.25,true
ST03,CITY2,Mall,2025-04-26,13,true,58,13,5104.7,0.2241,true
ST04,CITY3,High Street,2025-04-27,14,true,27,3,1555.18,0.1111,true
ST05,CITY4,Mall,2025-04-28,15,false,15,1,491.24,0.0667,true
ST06,CITY5,High Street,2025-04-29,16,false,20,2,613.55,0.1,true
ST07,CITY0,Mall,2025-04-30,17,false,23,4,3352.56,0.1739,true
ST08,CITY1,High Street,2025-05-01,18,false,55,14,5923.42,0.2545,true
ST09,CITY2,Mall,2025-05-02,19,false,67,6,2716.08,0.0896,true
ST10,CITY3,High Street,2025-05-03,20,true,112,23,15357.2,0.2054,true
ST11,CITY4,Mall,2025-04-23,21,false,39,7,2574.44,0.1795,true
ST12,CITY5,High Street,2025-04-24,10,false,27,4,1813.25,0.1481,true
ST01,CITY0,Mall,2025-04-24,12,false,22,4,2083.28,0.1818,true
ST02,CITY1,High Street,2025-04-25,13,false,34,8,4864.41,0.2353,true
ST03,CITY2,Mall,2025-04-26,14,true,32,3,2958.79,0.0938,true
ST04,CITY3,High Street,2025-04-27,15,true,26,3,638.73,0.1154,true
ST05,CITY4,Mall,2025-04-28,16,false,14,1,1425.98,0.0714,true
ST06,CITY5,High Street,2025-04-29,17,false,28,6,4479.06,0.2143,true
ST07,CITY0,Mall,2025-04-30,18,false,50,9,5208.18,0.18,true
ST08,CITY1,High Street,2025-05-01,19,false,45,11,6511.71,0.2444,true
ST09,CITY2,Mall,2025-05-02,20,false,50,5,2059.6,0.1,true
ST10,CITY3,High Street,2025-05-03,21,true,56,12,4073.42,0.2143,true
ST11,CITY4,Mall,2025-04-23,10,false,28,5,2739.55,0.1786,true
ST12,CITY5,High Street,2025-04-24,11,false,32,5,4088.94,0.1563,true
ST01,CITY0,Mall,2025-04-24,13,false,34,6,2650.29,0.1765,true
ST02,CITY1,High Street,2025-04-25,14,false,23,3,2036.99,0.1304,true
ST03,CITY2,Mall,2025-04-26,15,true,24,2,2097.63,0.0833,true
ST04,CITY3,High Street,2025-04-27,16,true,24,3,1685.98,0.125,true
ST05,CITY4,Mall,2025-04-28,17,false,33,4,1460.96,0.1212,true
ST06,CITY5,High Street,2025-04-29,18,false,48,10,4216.19,0.2083,true
ST07,CITY0,Mall,2025-04-30,19,false,68,12,6967.29,0.1765,true
ST08,CITY1,High Street,2025-05-01,20,false,58,15,7508.22,0.2586,true
ST09,CITY2,Mall,2025-05-02,21,false,35,3,1079.02,0.0857,true
ST10,CITY3,High Street,2025-05-03,10,true,59,12,5544.97,0.2034,true
ST11,CITY4,Mall,2025-04-23,11,false,33,6,3970.85,0.1818,true
ST12,CITY5,High Street,2025-04-24,12,false,25,4,1670.44,0.16,true
ST01,CITY0,Mall,2025-04-24,14,false,22,2,1135.11,0.0909,true
ST02,CITY1,High Street,2025-04-25,15,false,21,2,753.91,0.0952,true
ST03,CITY2,Mall,2025-04-26,16,true,27,3,2817.7,0.1111,true
ST04,CITY3,High Street,2025-04-27,17,true,60,14,5407.0,0.2333,true
ST05,CITY4,Mall,2025-04-28,18,false,55,6,2800.96,0.1091,true
ST06,CITY5,High Street,2025-04-29,19,false,65,14,7414.07,0.2154,true
ST07,CITY0,Mall,2025-04-30,20,false,45,8,5952.73,0.1778,true
ST08,CITY1,High Street,2025-05-01,21,false,26,7,2598.29,0.2692,true
ST09,CITY2,Mall,2025-05-02,10,false,21,2,606.54,0.0952,true
ST10,CITY3,High Street,2025-05-03,11,true,53,11,7180.37,0.2075,true
ST11,CITY4,Mall,2025-04-23,12,false,35,6,7184.37,0.1714,true
ST12,CITY5,High Street,2025-04-24,13,false,32,5,2908.29,0.1563,true
ST01,CITY0,Mall,2025-04-24,15,false,21,2,618.38,0.0952,true
ST02,CITY1,High Street,2025-04-25,16,false,17,2,380.91,0.1176,true
ST03,CITY2,Mall,2025-04-26,17,true,60,14,5536.26,0.2333,true
ST04,CITY3,High Street,2025-04-27,18,true,110,26,12702.21,0.2364,true
ST05,CITY4,Mall,2025-04-28,19,false,62,7,4020.87,0.1129,true
ST06,CITY5,High Street,2025-04-29,20,false,40,8,5285.04,0.2,true
ST07,CITY0,Mall,2025-04-30,21,false,26,4,2487.97,0.1538,true
ST08,CITY1,High Street,2025-05-01,10,false,22,6,1617.13,0.2727,true
ST09,CITY2,Mall,2025-05-02,11,false,30,3,1144.4,0.1,true
ST10,CITY3,High Street,2025-05-03,12,true,57,12,5660.6,0.2105,true
ST11,CITY4,Mall,2025-04-23,13,false,28,5,3124.55,0.1786,true
ST12,CITY5,High Street,2025-04-24,14,false,23,2,1170.24,0.087,true
ST01,CITY0,Mall,2025-04-24,16,false,14,1,159.87,0.0714,true
ST02,CITY1,High Street,2025-04-25,17,false,26,6,5192.38,0.2308,true
ST03,CITY2,Mall,2025-04-26,18,true,72,17,9117.89,0.2361,true
ST04,CITY3,High Street,2025-04-27,19,true,91,21,13194.92,0.2308,true
ST05,CITY4,Mall,2025-04-28,20,false,61,7,4620.74,0.1148,true
ST06,CITY5,High Street,2025-04-29,21,false,25,5,3382.35,0.2,true
ST07,CITY0,Mall,2025-04-30,10,false,32,6,2967.5,0.1875,true
ST08,CITY1,High Street,2025-05-01,11,false,24,6,2264.55,0.25,true
ST09,CITY2,Mall,2025-05-02,12,false,30,3,965.55,0.1,true
ST10,CITY3,High Street,2025-05-03,13,true,34,7,3307.94,0.2059,true
ST11,CITY4,Mall,2025-04-23,14,false,21,2,694.13,0.0952,true
ST12,CITY5,High Street,2025-04-24,15,false,15,1,485.61,0.0667,true
ST01,CITY0,Mall,2025-04-24,17,false,25,4,1328.0,0.16,true
ST02,CITY1,High Street,2025-04-25,18,false,42,10,5200.27,0.2381,true
ST03,CITY2,Mall,2025-04-26,19,true,96,22,11495.44,0.2292,true
ST04,CITY3,High Street,2025-04-27,20,true,79,18,11308.15,0.2278,true
ST05,CITY4,Mall,2025-04-28,21,false,22,2,649.79,0.0909,true
ST06,CITY5,High Street,2025-04-29,10,false,23,5,3829.97,0.2174,true
ST07,CITY0,Mall,2025-04-30,11,false,27,5,1482.56,0.1852,true
ST08,CITY1,High Street,2025-05-01,12,false,33,8,3363.85,0.2424,true
ST09,CITY2,Mall,2025-05-02,13,false,32,3,1691.73,0.0938,true
ST10,CITY3,High Street,2025-05-03,14,true,25,2,4633.95,0.08,true
ST11,CITY4,Mall,2025-04-23,15,false,22,2,426.95,0.0909,true
ST12,CITY5,High Street,2025-04-24,16,false,22,2,689.58,0.0909,true
ST01,CITY0,Mall,2025-04-24,18,false,45,8,5380.95,0.1778,true
ST02,CITY1,High Street,2025-04-25,19,false,41,10,3856.79,0.2439,true
ST03,CITY2,Mall,2025-04-26,20,true,87,20,12343.98,0.2299,true
ST04,CITY3,High Street,2025-04-27,21,true,62,14,9409.09,0.2258,true
ST05,CITY4,Mall,2025-04-28,10,false,,4,2388.86,,false
ST06,CITY5,High Street,2025-04-29,11,false,24,5,5146.87,0.2083,true
ST07,CITY0,Mall,2025-04-30,12,false,25,4,1391.71,0.16,true
ST08,CITY1,High Street,2025-05-01,13,false,28,7,3860.82,0.25,true
ST09,CITY2,Mall,2025-05-02,14,false,17,1,319.79,0.0588,true
ST10,CITY3,High Street,2025-05-03,15,true,24,2,1173.9,0.0833,true
ST11,CITY4,Mall,2025-04-23,16,false,,2,1218.28,,false
ST12,CITY5,High Street,2025-04-24,17,false,26,4,2321.03,0.1538,true
ST01,CITY0,Mall,2025-04-24,19,false,38,7,2496.12,0.1842,true
ST02,CITY1,High Street,2025-04-25,20,false,58,14,7508.29,0.2414,true
ST03,CITY2,Mall,2025-04-26,21,true,50,12,6145.32,0.24,true
ST04,CITY3,High Street,2025-04-27,10,true,60,14,6430.61,0.2333,true
ST05,CITY4,Mall,2025-04-28,11,false,,3,1253.89,,false
ST06,CITY5,High Street,2025-04-29,12,false,35,7,4902.95,0.2,true
ST07,CITY0,Mall,2025-04-30,13,false,38,7,3153.82,0.1842,true
ST08,CITY1,High Street,2025-05-01,14,false,17,2,1335.7,0.1176,true
ST09,CITY2,Mall,2025-05-02,15,false,16,1,440.66,0.0625,true
ST10,CITY3,High Street,2025-05-03,16,true,25,2,879.25,0.08,true
ST11,CITY4,Mall,2025-04-23,17,false,,7,3065.72,,false
ST12,CITY5,High Street,2025-04-24,18,false,58,9,4462.13,0.1552,true
ST01,CITY0,Mall,2025-04-24,20,false,41,7,5229.79,0.1707,true
ST02,CITY1,High Street,2025-04-25,21,false,34,8,3594.28,0.2353,true
ST03,CITY2,Mall,2025-04-26,10,true,52,12,5544.83,0.2308,true
ST04,CITY3,High Street,2025-04-27,11,true,42,10,5615.22,0.2381,true
ST05,CITY4,Mall,2025-04-28,12,false,22,2,1336.42,0.0909,true
ST06,CITY5,High Street,2025-04-29,13,false,32,7,5265.6,0.2188,true
ST07,CITY0,Mall,2025-04-30,14,false,21,2,369.54,0.0952,true
ST08,CITY1,High Street,2025-05-01,15,false,21,2,1027.57,0.0952,true
ST09,CITY2,Mall,2025-05-02,16,false,,1,377.52,,false
ST10,CITY3,High Street,2025-05-03,17,true,54,11,5282.97,0.2037,true
ST11,CITY4,Mall,2025-04-23,18,false,38,7,7505.97,0.1842,true
ST12,CITY5,High Street,2025-04-24,19,false,51,8,4380.85,0.1569,true
ST01,CITY0,Mall,2025-04-24,21,false,26,5,2107.41,0.1923,true
ST02,CITY1,High Street,2025-04-25,10,false,32,8,2699.14,0.25,true
ST03,CITY2,Mall,2025-04-26,11,true,56,13,7680.36,0.2321,true
ST04,CITY3,High Street,2025-04-27,12,true,40,9,4492.12,0.225,true
ST05,CITY4,Mall,2025-04-28,13,false,36,4,1502.19,0.1111,true
ST06,CITY5,High Street,2025-04-29,14,false,16,1,977.2,0.0625,true
ST07,CITY0,Mall,2025-04-30,15,false,19,1,780.42,0.0526,true
ST08,CITY1,High Street,2025-05-01,16,false,13,1,121.41,0.0769,true
ST09,CITY2,Mall,2025-05-02,17,false,,3,1576.36,,false
ST10,CITY3,High Street,2025-05-03,18,true,109,23,10644.53,0.211,true
ST11,CITY4,Mall,2025-04-23,19,false,44,8,5787.36,0.1818,true
ST12,CITY5,High Street,2025-04-24,20,false,62,9,4300.61,0.1452,true
ST01,CITY0,Mall,2025-04-25,10,false,34,6,3855.57,0.1765,true
ST02,CITY1,High Street,2025-04-26,11,true,58,12,5398.39,0.2069,true
ST03,CITY2,Mall,2025-04-27,12,true,45,10,3919.38,0.2222,true
ST04,CITY3,High Street,2025-04-28,13,false,25,7,5065.43,0.28,true
ST05,CITY4,Mall,2025-04-29,14,false,20,1,175.4,0.05,true
ST06,CITY5,High Street,2025-04-30,15,false,16,1,608.36,0.0625,true
ST07,CITY0,Mall,2025-05-01,16,false,19,1,808.26,0.0526,true
ST08,CITY1,High Street,2025-05-02,17,false,,9,7482.91,,false
ST09,CITY2,Mall,2025-05-03,18,true,92,7,2113.0,0.0761,true
ST10,CITY3,High Street,2025-04-23,19,false,63,15,7403.53,0.2381,true
ST11,CITY4,Mall,2025-04-24,20,false,66,12,5002.63,0.1818,true
ST12,CITY5,High Street,2025-04-25,21,false,24,4,1973.26,0.1667,true
ST01,CITY0,Mall,2025-04-25,11,false,23,4,2090.29,0.1739,true
ST02,CITY1,High Street,2025-04-26,12,true,46,10,5222.82,0.2174,true
ST03,CITY2,Mall,2025-04-27,13,true,50,12,4648.68,0.24,true
ST04,CITY3,High Street,2025-04-28,14,false,23,3,1180.67,0.1304,true
ST05,CITY4,Mall,2025-04-29,15,false,15,1,328.74,0.0667,true
ST06,CITY5,High Street,2025-04-30,16,false,18,2,1117.77,0.1111,true
ST07,CITY0,Mall,2025-05-01,17,false,31,5,1696.07,0.1613,true
ST08,CITY1,High Street,2025-05-02,18,false,44,11,5948.63,0.25,true
ST09,CITY2,Mall,2025-05-03,19,true,82,6,2880.41,0.0732,true
ST10,CITY3,High Street,2025-04-23,20,false,40,10,3491.28,0.25,true
ST11,CITY4,Mall,2025-04-24,21,false,36,6,3502.83,0.1667,true
ST12,CITY5,High Street,2025-04-25,10,false,27,4,2119.4,0.1481,true
ST01,CITY0,Mall,2025-04-25,12,false,28,5,2900.25,0.1786,true
ST02,CITY1,High Street,2025-04-26,13,true,44,9,5752.23,0.2045,true
ST03,CITY2,Mall,2025-04-27,14,true,28,3,1118.35,0.1071,true
ST04,CITY3,High Street,2025-04-28,15,false,14,2,1289.49,0.1429,true
ST05,CITY4,Mall,2025-04-29,16,false,13,1,247.54,0.0769,true
ST06,CITY5,High Street,2025-04-30,17,false,31,6,1209.77,0.1935,true
ST07,CITY0,Mall,2025-05-01,18,false,62,11,4244.91,0.1774,true
ST08,CITY1,High Street,2025-05-02,19,false,44,11,4105.09,0.25,true
ST09,CITY2,Mall,2025-05-03,20,true,86,7,3642.91,0.0814,true
ST10,CITY3,High Street,2025-04-23,21,false,39,10,3309.86,0.2564,true
ST11,CITY4,Mall,2025-04-24,10,false,27,5,2155.03,0.1852,true
ST12,CITY5,High Street,2025-04-25,11,false,30,5,2934.17,0.1667,true
ST01,CITY0,Mall,2025-04-25,13,false,21,4,2434.71,0.1905,true
ST02,CITY1,High Street,2025-04-26,14,true,28,3,1656.47,0.1071,true
ST03,CITY2,Mall,2025-04-27,15,true,26,3,974.29,0.1154,true
ST04,CITY3,High Street,2025-04-28,16,false,19,2,1346.19,0.1053,true
ST05,CITY4,Mall,2025-04-29,17,false,25,3,3763.26,0.12,true
ST06,CITY5,High Street,2025-04-30,18,false,39,8,4405.7,0.2051,true
ST07,CITY0,Mall,2025-05-01,19,false,57,10,5775.06,0.1754,true
ST08,CITY1,High Street,2025-05-02,20,false,64,16,8229.84,0.25,true
ST09,CITY2,Mall,2025-05-03,21,true,34,3,1377.22,0.0882,true
ST10,CITY3,High Street,2025-04-23,10,false,23,6,2485.54,0.2609,true
ST11,CITY4,Mall,2025-04-24,11,false,26,5,1869.88,0.1923,true
ST12,CITY5,High Street,2025-04-25,12,false,24,4,2291.0,0.1667,true
ST01,CITY0,Mall,2025-04-25,14,false,14,1,429.0,0.0714,true
ST02,CITY1,High Street,2025-04-26,15,true,21,2,377.52,0.0952,true
ST03,CITY2,Mall,2025-04-27,16,true,23,2,1745.65,0.087,true
ST04,CITY3,High Street,2025-04-28,17,false,28,8,4579.33,0.2857,true
ST05,CITY4,Mall,2025-04-29,18,false,55,6,3955.56,0.1091,true
ST06,CITY5,High Street,2025-04-30,19,false,56,12,6602.58,0.2143,true
ST07,CITY0,Mall,2025-05-01,20,false,69,12,6908.5,0.1739,true
ST08,CITY1,High Street,2025-05-02,21,false,24,6,4050.21,0.25,true
ST09,CITY2,Mall,2025-05-03,10,true,56,4,2615.41,0.0714,true
ST10,CITY3,High Street,2025-04-23,11,false,34,8,4086.22,0.2353,true
ST11,CITY4,Mall,2025-04-24,12,false,22,4,1847.96,0.1818,true
ST12,CITY5,High Street,2025-04-25,13,false,30,5,1927.26,0.1667,true
ST01,CITY0,Mall,2025-04-25,15,false,18,1,422.11,0.0556,true
ST02,CITY1,High Street,2025-04-26,16,true,23,2,653.73,0.087,true
ST03,CITY2,Mall,2025-04-27,17,true,45,10,9693.43,0.2222,true
ST04,CITY3,High Street,2025-04-28,18,false,42,12,9219.63,0.2857,true
ST05,CITY4,Mall,2025-04-29,19,false,55,6,1448.5,0.1091,true
ST06,CITY5,High Street,2025-04-30,20,false,49,10,3973.49,0.2041,true
ST07,CITY0,Mall,2025-05-01,21,false,22,4,2246.77,0.1818,true
ST08,CITY1,High Street,2025-05-02,10,false,33,8,3118.3,0.2424,true
ST09,CITY2,Mall,2025-05-03,11,true,51,4,3428.01,0.0784,true
ST10,CITY3,High Street,2025-04-23,12,false,29,7,2239.0,0.2414,true
ST11,CITY4,Mall,2025-04-24,13,false,21,4,2557.46,0.1905,true
ST12,CITY5,High Street,2025-04-25,14,false,21,1,507.57,0.0476,true
ST01,CITY0,Mall,2025-04-25,16,false,21,2,423.81,0.0952,true
ST02,CITY1,High Street,2025-04-26,17,true,43,9,3396.64,0.2093,true
ST03,CITY2,Mall,2025-04-27,18,true,97,22,9453.55,0.2268,true
ST04,CITY3,High Street,2025-04-28,19,false,69,19,12346.5,0.2754,true
ST05,CITY4,Mall,2025-04-29,20,false,53,6,2665.08,0.1132,true
ST06,CITY5,High Street,2025-04-30,21,false,25,5,3042.4,0.2,true
ST07,CITY0,Mall,2025-05-01,10,false,30,5,2949.29,0.1667,true
ST08,CITY1,High Street,2025-05-02,11,false,21,5,1883.21,0.2381,true
ST09,CITY2,Mall,2025-05-03,12,true,56,4,2153.1,0.0714,true
ST10,CITY3,High Street,2025-04-23,13,false,32,8,4740.71,0.25,true
ST11,CITY4,Mall,2025-04-24,14,false,14,1,59.12,0.0714,true
ST12,CITY5,High Street,2025-04-25,15,false,23,2,526.9,0.087,true
ST01,CITY0,Mall,2025-04-25,17,false,23,4,1403.19,0.1739,true
ST02,CITY1,High Street,2025-04-26,18,true,108,23,12380.71,0.213,true
ST03,CITY2,Mall,2025-04-27,19,true,70,16,7817.52,0.2286,true
ST04,CITY3,High Street,2025-04-28,20,false,50,14,7129.45,0.28,true
ST05,CITY4,Mall,2025-04-29,21,false,31,3,1887.04,0.0968,true
ST06,CITY5,High Street,2025-04-30,10,false,22,5,2508.48,0.2273,true
ST07,CITY0,Mall,2025-05-01,11,false,29,5,1922.14,0.1724,true
ST08,CITY1,High Street,2025-05-02,12,false,28,7,4595.3,0.25,true
ST09,CITY2,Mall,2025-05-03,13,true,53,4,1435.91,0.0755,true
ST10,CITY3,High Street,2025-04-23,14,false,21,2,1057.7,0.0952,true
ST11,CITY4,Mall,2025-04-24,15,false,21,2,521.85,0.0952,true
ST12,CITY5,High Street,2025-04-25,16,false,14,1,670.88,0.0714,true
ST01,CITY0,Mall,2025-04-25,18,false,62,11,5487.85,0.1774,true
ST02,CITY1,High Street,2025-04-26,19,true,76,16,7405.46,0.2105,true
ST03,CITY2,Mall,2025-04-27,20,true,71,16,9900.13,0.2254,true
ST04,CITY3,High Street,2025-04-28,21,false,22,6,2502.64,0.2727,true
ST05,CITY4,Mall,2025-04-29,10,false,25,3,1262.16,0.12,true
ST06,CITY5,High Street,2025-04-30,11,false,21,4,1656.88,0.1905,true
ST07,CITY0,Mall,2025-05-01,12,false,30,5,2705.25,0.1667,true
ST08,CITY1,High Street,2025-05-02,13,false,24,6,4495.88,0.25,true
ST09,CITY2,Mall,2025-05-03,14,true,22,1,160.41,0.0455,true
ST10,CITY3,High Street,2025-04-23,15,false,15,2,370.78,0.1333,true
ST11,CITY4,Mall,2025-04-24,16,false,14,1,596.05,0.0714,true
ST12,CITY5,High Street,2025-04-25,17,false,35,5,2018.8,0.1429,true
ST01,CITY0,Mall,2025-04-25,19,false,40,7,5353.74,0.175,true
ST02,CITY1,High Street,2025-04-26,20,true,79,17,9632.78,0.2152,true
ST03,CITY2,Mall,2025-04-27,21,true,48,11,10411.24,0.2292,true
ST04,CITY3,High Street,2025-04-28,10,false,,9,7348.84,,false
ST05,CITY4,Mall,2025-04-29,11,false,28,3,3221.95,0.1071,true
ST06,CITY5,High Street,2025-04-30,12,false,37,8,3030.58,0.2162,true
ST07,CITY0,Mall,2025-05-01,13,false,29,5,1947.93,0.1724,true
ST08,CITY1,High Street,2025-05-02,14,false,17,2,531.59,0.1176,true
ST09,CITY2,Mall,2025-05-03,15,true,36,1,168.43,0.0278,true
ST10,CITY3,High Street,2025-04-23,16,false,,2,394.67,,false
ST11,CITY4,Mall,2025-04-24,17,false,32,6,2640.04,0.1875,true
ST12,CITY5,High Street,2025-04-25,18,false,45,7,5933.57,0.1556,true
ST01,CITY0,Mall,2025-04-25,20,false,48,8,4304.71,0.1667,true
ST02,CITY1,High Street,2025-04-26,21,true,55,12,6002.75,0.2182,true
ST03,CITY2,Mall,2025-04-27,10,true,40,9,3386.47,0.225,true
ST04,CITY3,High Street,2025-04-28,11,false,,8,6246.92,,false
ST05,CITY4,Mall,2025-04-29,12,false,35,4,2200.67,0.1143,true
ST06,CITY5,High Street,2025-04-30,13,false,33,7,2603.79,0.2121,true
ST07,CITY0,Mall,2025-05-01,14,false,17,1,519.14,0.0588,true
ST08,CITY1,High Street,2025-05-02,15,false,20,2,658.88,0.1,true
ST09,CITY2,Mall,2025-05-03,16,true,33,1,561.43,0.0303,true
ST10,CITY3,High Street,2025-04-23,17,false,,7,2671.52,,false
ST11,CITY4,Mall,2025-04-24,18,false,43,8,5291.79,0.186,true
ST12,CITY5,High Street,2025-04-25,19,false,57,9,4443.83,0.1579,true
ST01,CITY0,Mall,2025-04-25,21,false,38,7,3534.84,0.1842,true
ST02,CITY1,High Street,2025-04-26,10,true,43,9,4698.02,0.2093,true
ST03,CITY2,Mall,2025-04-27,11,true,59,14,6949.17,0.2373,true
ST04,CITY3,High Street,2025-04-28,12,false,39,11,7463.24,0.2821,true
ST05,CITY4,Mall,2025-04-29,13,false,29,3,912.51,0.1034,true
ST06,CITY5,High Street,2025-04-30,14,false,19,2,1233.85,0.1053,true
ST07,CITY0,Mall,2025-05-01,15,false,23,2,686.42,0.087,true
ST08,CITY1,High Street,2025-05-02,16,false,,2,1211.03,,false
ST09,CITY2,Mall,2025-05-03,17,true,57,4,1496.43,0.0702,true
ST10,CITY3,High Street,2025-04-23,18,false,61,15,5534.78,0.2459,true
ST11,CITY4,Mall,2025-04-24,19,false,39,7,7327.32,0.1795,true
ST12,CITY5,High Street,2025-04-25,20,false,52,8,4346.54,0.1538,true
ST01,CITY0,Mall,2025-04-26,10,true,54,8,3760.19,0.1481,true
ST02,CITY1,High Street,2025-04-27,11,true,57,12,4108.18,0.2105,true
ST03,CITY2,Mall,2025-04-28,12,false,31,8,3107.5,0.2581,true
ST04,CITY3,High Street,2025-04-29,13,false,23,6,2277.33,0.2609,true
ST05,CITY4,Mall,2025-04-30,14,false,17,1,1583.89,0.0588,true
ST06,CITY5,High Street,2025-05-01,15,false,19,2,475.47,0.1053,true
ST07,CITY0,Mall,2025-05-02,16,false,,2,561.64,,false
ST08,CITY1,High Street,2025-05-03,17,true,52,11,5941.54,0.2115,true
ST09,CITY2,Mall,2025-04-23,18,false,49,5,3247.04,0.102,true
ST10,CITY3,High Street,2025-04-24,19,false,53,13,7006.08,0.2453,true
ST11,CITY4,Mall,2025-04-25,20,false,48,8,4798.12,0.1667,true
ST12,CITY5,High Street,2025-04-26,21,true,58,8,2352.32,0.1379,true
ST01,CITY0,Mall,2025-04-26,11,true,55,8,4366.46,0.1455,true
ST02,CITY1,High Street,2025-04-27,12,true,54,11,4469.46,0.2037,true
ST03,CITY2,Mall,2025-04-28,13,false,22,6,2864.63,0.2727,true
ST04,CITY3,High Street,2025-04-29,14,false,22,3,3641.91,0.1364,true
ST05,CITY4,Mall,2025-04-30,15,false,18,1,889.22,0.0556,true
ST06,CITY5,High Street,2025-05-01,16,false,21,2,586.9,0.0952,true
ST07,CITY0,Mall,2025-05-02,17,false,,4,1254.55,,false
ST08,CITY1,High Street,2025-05-03,18,true,61,13,6287.55,0.2131,true
ST09,CITY2,Mall,2025-04-23,19,false,63,6,2207.78,0.0952,true
ST10,CITY3,High Street,2025-04-24,20,false,65,16,7143.43,0.2462,true
ST11,CITY4,Mall,2025-04-25,21,false,35,6,2594.99,0.1714,true
ST12,CITY5,High Street,2025-04-26,10,true,57,7,1936.89,0.1228,true
ST01,CITY0,Mall,2025-04-26,12,true,40,6,1654.29,0.15,true
ST02,CITY1,High Street,2025-04-27,13,true,48,10,6371.86,0.2083,true
ST03,CITY2,Mall,2025-04-28,14,false,17,2,717.42,0.1176,true
ST04,CITY3,High Street,2025-04-29,15,false,19,2,885.46,0.1053,true
ST05,CITY4,Mall,2025-04-30,16,false,13,1,300.86,0.0769,true
ST06,CITY5,High Street,2025-05-01,17,false,32,7,2606.88,0.2188,true
ST07,CITY0,Mall,2025-05-02,18,false,63,11,4869.71,0.1746,true
ST08,CITY1,High Street,2025-05-03,19,true,67,15,10709.64,0.2239,true
ST09,CITY2,Mall,2025-04-23,20,false,64,6,3081.28,0.0938,true
ST10,CITY3,High Street,2025-04-24,21,false,31,8,5439.25,0.2581,true
ST11,CITY4,Mall,2025-04-25,10,false,32,6,3770.92,0.1875,true
ST12,CITY5,High Street,2025-04-26,11,true,57,7,2567.35,0.1228,true
ST01,CITY0,Mall,2025-04-26,13,true,42,6,2829.84,0.1429,true
ST02,CITY1,High Street,2025-04-27,14,true,21,2,1252.22,0.0952,true
ST03,CITY2,Mall,2025-04-28,15,false,21,3,1361.72,0.1429,true
ST04,CITY3,High Street,2025-04-29,16,false,20,2,513.31,0.1,true
ST05,CITY4,Mall,2025-04-30,17,false,26,3,1100.22,0.1154,true
ST06,CITY5,High Street,2025-05-01,18,false,55,11,5938.03,0.2,true
ST07,CITY0,Mall,2025-05-02,19,false,42,7,3238.39,0.1667,true
ST08,CITY1,High Street,2025-05-03,20,true,91,20,10600.19,0.2198,true
ST09,CITY2,Mall,2025-04-23,21,false,23,2,779.68,0.087,true
ST10,CITY3,High Street,2025-04-24,10,false,34,8,2817.93,0.2353,true
ST11,CITY4,Mall,2025-04-25,11,false,38,7,2380.79,0.1842,true
ST12,CITY5,High Street,2025-04-26,12,true,50,7,5295.03,0.14,true
ST01,CITY0,Mall,2025-04-26,14,true,37,3,602.42,0.0811,true
ST02,CITY1,High Street,2025-04-27,15,true,31,3,2061.96,0.0968,true
ST03,CITY2,Mall,2025-04-28,16,false,15,2,1507.03,0.1333,true
ST04,CITY3,High Street,2025-04-29,17,false,28,8,5822.9,0.2857,true
ST05,CITY4,Mall,2025-04-30,18,false,67,7,3094.8,0.1045,true
ST06,CITY5,High Street,2025-05-01,19,false,43,9,6551.02,0.2093,true
ST07,CITY0,Mall,2025-05-02,20,false,50,9,2715.76,0.18,true
ST08,CITY1,High Street,2025-05-03,21,true,37,8,7779.01,0.2162,true
ST09,CITY2,Mall,2025-04-23,10,false,24,2,1235.52,0.0833,true
ST10,CITY3,High Street,2025-04-24,11,false,24,6,3031.59,0.25,true
ST11,CITY4,Mall,2025-04-25,12,false,36,6,2685.96,0.1667,true
ST12,CITY5,High Street,2025-04-26,13,true,56,7,4690.35,0.125,true
ST01,CITY0,Mall,2025-04-26,15,true,24,2,1188.73,0.0833,true
ST02,CITY1,High Street,2025-04-27,16,true,36,3,2666.72,0.0833,true
ST03,CITY2,Mall,2025-04-28,17,false,33,9,3331.21,0.2727,true
ST04,CITY3,High Street,2025-04-29,18,false,52,14,7153.27,0.2692,true
ST05,CITY4,Mall,2025-04-30,19,false,60,7,4088.1,0.1167,true
ST06,CITY5,High Street,2025-05-01,20,false,51,11,5853.13,0.2157,true
ST07,CITY0,Mall,2025-05-02,21,false,34,6,2975.29,0.1765,true
ST08,CITY1,High Street,2025-05-03,10,true,61,13,7142.01,0.2131,true
ST09,CITY2,Mall,2025-04-23,11,false,28,3,737.25,0.1071,true
ST10,CITY3,High Street,2025-04-24,12,false,25,6,3560.45,0.24,true
ST11,CITY4,Mall,2025-04-25,13,false,30,5,1902.75,0.1667,true
ST12,CITY5,High Street,2025-04-26,14,true,23,1,483.55,0.0435,true
ST01,CITY0,Mall,2025-04-26,16,true,21,1,515.91,0.0476,true
ST02,CITY1,High Street,2025-04-27,17,true,41,9,5574.46,0.2195,true
ST03,CITY2,Mall,2025-04-28,18,false,56,15,8077.64,0.2679,true
ST04,CITY3,High Street,2025-04-29,19,false,66,18,7119.84,0.2727,true
ST05,CITY4,Mall,2025-04-30,20,false,55,6,2772.22,0.1091,true
ST06,CITY5,High Street,2025-05-01,21,false,34,7,4847.85,0.2059,true
ST07,CITY0,Mall,2025-05-02,10,false,29,5,3148.52,0.1724,true
ST08,CITY1,High Street,2025-05-03,11,true,56,12,6311.91,0.2143,true
ST09,CITY2,Mall,2025-04-23,12,false,29,3,1065.72,0.1034,true
ST10,CITY3,High Street,2025-04-24,13,false,23,6,2662.92,0.2609,true
ST11,CITY4,Mall,2025-04-25,14,false,20,2,280.12,0.1,true
ST12,CITY5,High Street,2025-04-26,15,true,21,1,256.59,0.0476,true
ST01,CITY0,Mall,2025-04-26,17,true,47,7,4057.04,0.1489,true
ST02,CITY1,High Street,2025-04-27,18,true,107,23,11438.84,0.215,true
ST03,CITY2,Mall,2025-04-28,19,false,39,11,5500.04,0.2821,true
ST04,CITY3,High Street,2025-04-29,20,false,60,17,7848.98,0.2833,true
ST05,CITY4,Mall,2025-04-30,21,false,22,2,1603.29,0.0909,true
ST06,CITY5,High Street,2025-05-01,10,false,32,7,5283.95,0.2188,true
ST07,CITY0,Mall,2025-05-02,11,false,34,6,4145.44,0.1765,true
ST08,CITY1,High Street,2025-05-03,12,true,37,8,3531.75,0.2162,true
ST09,CITY2,Mall,2025-04-23,13,false,25,2,1031.99,0.08,true
ST10,CITY3,High Street,2025-04-24,14,false,21,2,915.39,0.0952,true
ST11,CITY4,Mall,2025-04-25,15,false,20,2,570.44,0.1,true
ST12,CITY5,High Street,2025-04-26,16,true,33,2,2039.11,0.0606,true
ST01,CITY0,Mall,2025-04-26,18,true,85,13,5856.15,0.1529,true
ST02,CITY1,High Street,2025-04-27,19,true,82,17,7768.53,0.2073,true
ST03,CITY2,Mall,2025-04-28,20,false,56,15,7744.71,0.2679,true
ST04,CITY3,High Street,2025-04-29,21,false,34,9,2568.72,0.2647,true
ST05,CITY4,Mall,2025-04-30,10,false,32,4,2430.87,0.125,true
ST06,CITY5,High Street,2025-05-01,11,false,32,7,4666.56,0.2188,true
ST07,CITY0,Mall,2025-05-02,12,false,23,4,2168.51,0.1739,true
ST08,CITY1,High Street,2025-05-03,13,true,34,7,3454.15,0.2059,true
ST09,CITY2,Mall,2025-04-23,14,false,22,1,404.7,0.0455,true
ST10,CITY3,High Street,2025-04-24,15,false,13,1,726.21,0.0769,true
ST11,CITY4,Mall,2025-04-25,16,false,19,2,671.35,0.1053,true
ST12,CITY5,High Street,2025-04-26,17,true,61,8,3666.46,0.1311,true
ST01,CITY0,Mall,2025-04-26,19,true,73,11,6893.28,0.1507,true
ST02,CITY1,High Street,2025-04-27,20,true,61,13,7776.61,0.2131,true
ST03,CITY2,Mall,2025-04-28,21,false,32,9,4155.05,0.2813,true
ST04,CITY3,High Street,2025-04-29,10,false,29,8,4651.85,0.2759,true
ST05,CITY4,Mall,2025-04-30,11,false,32,4,1048.71,0.125,true
ST06,CITY5,High Street,2025-05-01,12,false,37,8,2872.15,0.2162,true
ST07,CITY0,Mall,2025-05-02,13,false,26,4,1198.88,0.1538,true
ST08,CITY1,High Street,2025-05-03,14,true,30,3,1543.44,0.1,true
ST09,CITY2,Mall,2025-04-23,15,false,16,1,792.74,0.0625,true
ST10,CITY3,High Street,2025-04-24,16,false,16,2,985.21,0.125,true
ST11,CITY4,Mall,2025-04-25,17,false,21,4,2138.39,0.1905,true
ST12,CITY5,High Street,2025-04-26,18,true,104,14,9866.2,0.1346,true
ST01,CITY0,Mall,2025-04-26,20,true,81,12,6373.64,0.1481,true
ST02,CITY1,High Street,2025-04-27,21,true,38,8,3570.46,0.2105,true
ST03,CITY2,Mall,2025-04-28,10,false,,7,3129.78,,false
ST04,CITY3,High Street,2025-04-29,11,false,36,10,4494.07,0.2778,true
ST05,CITY4,Mall,2025-04-30,12,false,30,3,1057.08,0.1,true
ST06,CITY5,High Street,2025-05-01,13,false,36,7,2983.83,0.1944,true
ST07,CITY0,Mall,2025-05-02,14,false,14,1,847.45,0.0714,true
ST08,CITY1,High Street,2025-05-03,15,true,33,3,2075.42,0.0909,true
ST09,CITY2,Mall,2025-04-23,16,false,,1,916.01,,false
ST10,CITY3,High Street,2025-04-24,17,false,23,6,2697.35,0.2609,true
ST11,CITY4,Mall,2025-04-25,18,false,52,9,5735.8,0.1731,true
ST12,CITY5,High Street,2025-04-26,19,true,94,12,6015.44,0.1277,true
ST01,CITY0,Mall,2025-04-26,21,true,46,7,4942.31,0.1522,true
ST02,CITY1,High Street,2025-04-27,10,true,61,13,6695.05,0.2131,true
ST03,CITY2,Mall,2025-04-28,11,false,,6,2181.85,,false
ST04,CITY3,High Street,2025-04-29,12,false,31,9,3672.15,0.2903,true
ST05,CITY4,Mall,2025-04-30,13,false,35,4,3023.93,0.1143,true
ST06,CITY5,High Street,2025-05-01,14,false,23,2,1090.66,0.087,true
ST07,CITY0,Mall,2025-05-02,15,false,20,2,637.44,0.1,true
ST08,CITY1,High Street,2025-05-03,16,true,22,2,910.55,0.0909,true
ST09,CITY2,Mall,2025-04-23,17,false,,2,988.07,,false
ST10,CITY3,High Street,2025-04-24,18,false,53,13,4360.61,0.2453,true
ST11,CITY4,Mall,2025-04-25,19,false,56,10,6233.17,0.1786,true
ST12,CITY5,High Street,2025-04-26,20,true,107,14,5972.28,0.1308,true
ST01,CITY0,Mall,2025-04-27,10,true,39,6,2437.13,0.1538,true
ST02,CITY1,High Street,2025-04-28,11,false,,9,5384.79,,false
ST03,CITY2,Mall,2025-04-29,12,false,32,9,5861.56,0.2813,true
ST04,CITY3,High Street,2025-04-30,13,false,31,9,4152.78,0.2903,true
ST05,CITY4,Mall,2025-05-01,14,false,13,1,261.58,0.0769,true
ST06,CITY5,High Street,2025-05-02,15,false,21,2,2007.12,0.0952,true
ST07,CITY0,Mall,2025-05-03,16,true,24,2,1211.83,0.0833,true
ST08,CITY1,High Street,2025-04-23,17,false,,9,4393.01,,false
ST09,CITY2,Mall,2025-04-24,18,false,69,6,3389.77,0.087,true
ST10,CITY3,High Street,2025-04-25,19,false,65,16,9035.45,0.2462,true
ST11,CITY4,Mall,2025-04-26,20,true,77,12,4685.07,0.1558,true
ST12,CITY5,High Street,2025-04-27,21,true,53,7,4641.18,0.1321,true
ST01,CITY0,Mall,2025-04-27,11,true,51,8,5671.79,0.1569,true
ST02,CITY1,High Street,2025-04-28,12,false,34,8,5591.43,0.2353,true
ST03,CITY2,Mall,2025-04-29,13,false,36,10,3994.79,0.2778,true
ST04,CITY3,High Street,2025-04-30,14,false,14,2,1120.95,0.1429,true
ST05,CITY4,Mall,2025-05-01,15,false,18,1,326.26,0.0556,true
ST06,CITY5,High Street,2025-05-02,16,false,,2,609.25,,false
ST07,CITY0,Mall,2025-05-03,17,true,35,5,2512.12,0.1429,true
ST08,CITY1,High Street,2025-04-23,18,false,69,18,13758.77,0.2609,true
ST09,CITY2,Mall,2025-04-24,19,false,53,5,3494.95,0.0943,true
ST10,CITY3,High Street,2025-04-25,20,false,47,11,5329.5,0.234,true
ST11,CITY4,Mall,2025-04-26,21,true,34,5,2216.92,0.1471,true
ST12,CITY5,High Street,2025-04-27,10,true,56,7,3307.18,0.125,true
ST01,CITY0,Mall,2025-04-27,12,true,60,9,6477.55,0.15,true
ST02,CITY1,High Street,2025-04-28,13,false,24,6,4950.1,0.25,true
ST03,CITY2,Mall,2025-04-29,14,false,15,2,840.36,0.1333,true
ST04,CITY3,High Street,2025-04-30,15,false,18,2,672.81,0.1111,true
ST05,CITY4,Mall,2025-05-01,16,false,17,1,700.12,0.0588,true
ST06,CITY5,High Street,2025-05-02,17,false,,6,2845.28,,false
ST07,CITY0,Mall,2025-05-03,18,true,77,11,4909.38,0.1429,true
ST08,CITY1,High Street,2025-04-23,19,false,49,12,6105.62,0.2449,true
ST09,CITY2,Mall,2025-04-24,20,false,44,4,1479.22,0.0909,true
ST10,CITY3,High Street,2025-04-25,21,false,34,8,4821.02,0.2353,true
ST11,CITY4,Mall,2025-04-26,10,true,35,5,1815.07,0.1429,true
ST12,CITY5,High Street,2025-04-27,11,true,58,8,3819.97,0.1379,true
ST01,CITY0,Mall,2025-04-27,13,true,36,5,4405.94,0.1389,true
ST02,CITY1,High Street,2025-04-28,14,false,23,3,2452.45,0.1304,true
ST03,CITY2,Mall,2025-04-29,15,false,14,2,815.13,0.1429,true
ST04,CITY3,High Street,2025-04-30,16,false,16,2,651.67,0.125,true
ST05,CITY4,Mall,2025-05-01,17,false,27,3,1542.91,0.1111,true
ST06,CITY5,High Street,2025-05-02,18,false,61,13,7819.74,0.2131,true
ST07,CITY0,Mall,2025-05-03,19,true,79,12,4225.38,0.1519,true
ST08,CITY1,High Street,2025-04-23,20,false,61,16,12145.72,0.2623,true
ST09,CITY2,Mall,2025-04-24,21,false,26,2,873.45,0.0769,true
ST10,CITY3,High Street,2025-04-25,10,false,29,7,8094.54,0.2414,true
ST11,CITY4,Mall,2025-04-26,11,true,52,8,2611.74,0.1538,true
ST12,CITY5,High Street,2025-04-27,12,true,36,5,3501.78,0.1389,true
ST01,CITY0,Mall,2025-04-27,14,true,25,2,734.13,0.08,true
ST02,CITY1,High Street,2025-04-28,15,false,13,1,432.96,0.0769,true
ST03,CITY2,Mall,2025-04-29,16,false,21,3,1865.46,0.1429,true
ST04,CITY3,High Street,2025-04-30,17,false,30,8,3923.87,0.2667,true
ST05,CITY4,Mall,2025-05-01,18,false,55,6,4348.8,0.1091,true
ST06,CITY5,High Street,2025-05-02,19,false,68,14,7338.9,0.2059,true
ST07,CITY0,Mall,2025-05-03,20,true,78,11,6094.83,0.141,true
ST08,CITY1,High Street,2025-04-23,21,false,33,8,3555.58,0.2424,true
ST09,CITY2,Mall,2025-04-24,10,false,27,2,781.47,0.0741,true
ST10,CITY3,High Street,2025-04-25,11,false,38,9,3801.41,0.2368,true
ST11,CITY4,Mall,2025-04-26,12,true,51,8,5213.84,0.1569,true
ST12,CITY5,High Street,2025-04-27,13,true,34,4,1053.48,0.1176,true
ST01,CITY0,Mall,2025-04-27,15,true,23,2,738.89,0.087,true
ST02,CITY1,High Street,2025-04-28,16,false,19,2,1027.34,0.1053,true
ST03,CITY2,Mall,2025-04-29,17,false,28,8,2261.81,0.2857,true
ST04,CITY3,High Street,2025-04-30,18,false,55,15,7073.82,0.2727,true
ST05,CITY4,Mall,2025-05-01,19,false,42,5,3990.67,0.119,true
ST06,CITY5,High Street,2025-05-02,20,false,59,12,4755.27,0.2034,true
ST07,CITY0,Mall,2025-05-03,21,true,40,6,3311.63,0.15,true
ST08,CITY1,High Street,2025-04-23,10,false,36,9,5384.07,0.25,true
ST09,CITY2,Mall,2025-04-24,11,false,28,3,1075.25,0.1071,true
ST10,CITY3,High Street,2025-04-25,12,false,35,9,5453.14,0.2571,true
ST11,CITY4,Mall,2025-04-26,13,true,59,9,5792.7,0.1525,true
ST12,CITY5,High Street,2025-04-27,14,true,29,2,1606.51,0.069,true
ST01,CITY0,Mall,2025-04-27,16,true,29,2,840.49,0.069,true
ST02,CITY1,High Street,2025-04-28,17,false,25,6,2623.33,0.24,true
ST03,CITY2,Mall,2025-04-29,18,false,63,17,11267.51,0.2698,true
ST04,CITY3,High Street,2025-04-30,19,false,52,14,9574.04,0.2692,true
ST05,CITY4,Mall,2025-05-01,20,false,49,5,1822.4,0.102,true
ST06,CITY5,High Street,2025-05-02,21,false,25,5,2382.71,0.2,true
ST07,CITY0,Mall,2025-05-03,10,true,41,6,2577.82,0.1463,true
ST08,CITY1,High Street,2025-04-23,11,false,26,7,4662.96,0.2692,true
ST09,CITY2,Mall,2025-04-24,12,false,29,3,1467.44,0.1034,true
ST10,CITY3,High Street,2025-04-25,13,false,30,7,1956.28,0.2333,true
ST11,CITY4,Mall,2025-04-26,14,true,23,2,558.28,0.087,true
ST12,CITY5,High Street,2025-04-27,15,true,36,2,383.7,0.0556,true
ST01,CITY0,Mall,2025-04-27,17,true,58,9,4175.43,0.1552,true
ST02,CITY1,High Street,2025-04-28,18,false,39,10,5534.6,0.2564,true
ST03,CITY2,Mall,2025-04-29,19,false,59,16,8943.4,0.2712,true
ST04,CITY3,High Street,2025-04-30,20,false,46,13,6317.31,0.2826,true
ST05,CITY4,Mall,2025-05-01,21,false,24,3,1749.65,0.125,true
ST06,CITY5,High Street,2025-05-02,10,false,22,5,3400.37,0.2273,true
ST07,CITY0,Mall,2025-05-03,11,true,55,8,3184.8,0.1455,true
ST08,CITY1,High Street,2025-04-23,12,false,32,8,3579.74,0.25,true
ST09,CITY2,Mall,2025-04-24,13,false,33,3,2272.45,0.0909,true
ST10,CITY3,High Street,2025-04-25,14,false,19,2,899.58,0.1053,true
ST11,CITY4,Mall,2025-04-26,15,true,22,1,315.59,0.0455,true
ST12,CITY5,High Street,2025-04-27,16,true,32,2,637.09,0.0625,true
ST01,CITY0,Mall,2025-04-27,18,true,89,13,5934.56,0.1461,true
ST02,CITY1,High Street,2025-04-28,19,false,66,16,6595.09,0.2424,true
ST03,CITY2,Mall,2025-04-29,20,false,61,17,8809.05,0.2787,true
ST04,CITY3,High Street,2025-04-30,21,false,23,6,2214.02,0.2609,true
ST05,CITY4,Mall,2025-05-01,10,false,34,4,1240.57,0.1176,true
ST06,CITY5,High Street,2025-05-02,11,false,24,5,5250.71,0.2083,true
ST07,CITY0,Mall,2025-05-03,12,true,54,8,3252.46,0.1481,true
ST08,CITY1,High Street,2025-04-23,13,false,39,10,4992.01,0.2564,true
ST09,CITY2,Mall,2025-04-24,14,false,17,1,380.04,0.0588,true
ST10,CITY3,High Street,2025-04-25,15,false,15,2,1445.04,0.1333,true
ST11,CITY4,Mall,2025-04-26,16,true,35,2,1292.66,0.0571,true
ST12,CITY5,High Street,2025-04-27,17,true,35,5,4004.02,0.1429,true
ST01,CITY0,Mall,2025-04-27,19,true,93,14,6832.05,0.1505,true
ST02,CITY1,High Street,2025-04-28,20,false,51,13,6177.38,0.2549,true
ST03,CITY2,Mall,2025-04-29,21,false,27,7,4384.83,0.2593,true
ST04,CITY3,High Street,2025-04-30,10,false,28,8,3705.91,0.2857,true
ST05,CITY4,Mall,2025-05-01,11,false,36,4,1354.57,0.1111,true
ST06,CITY5,High Street,2025-05-02,12,false,21,4,2511.92,0.1905,true
ST07,CITY0,Mall,2025-05-03,13,true,41,6,4361.35,0.1463,true
ST08,CITY1,High Street,2025-04-23,14,false,20,2,613.76,0.1,true
ST09,CITY2,Mall,2025-04-24,15,false,13,1,168.66,0.0769,true
ST10,CITY3,High Street,2025-04-25,16,false,21,2,995.23,0.0952,true
ST11,CITY4,Mall,2025-04-26,17,true,49,7,4168.01,0.1429,true
ST12,CITY5,High Street,2025-04-27,18,true,102,13,4912.91,0.1275,true
ST01,CITY0,Mall,2025-04-27,20,true,61,9,3555.46,0.1475,true
ST02,CITY1,High Street,2025-04-28,21,false,29,7,2198.16,0.2414,true
ST03,CITY2,Mall,2025-04-29,10,false,35,9,5540.2,0.2571,true
ST04,CITY3,High Street,2025-04-30,11,false,27,7,4479.41,0.2593,true
ST05,CITY4,Mall,2025-05-01,12,false,37,4,2461.45,0.1081,true
ST06,CITY5,High Street,2025-05-02,13,false,36,7,3788.11,0.1944,true
ST07,CITY0,Mall,2025-05-03,14,true,21,1,546.43,0.0476,true
ST08,CITY1,High Street,2025-04-23,15,false,13,1,571.17,0.0769,true
ST09,CITY2,Mall,2025-04-24,16,false,21,1,384.24,0.0476,true
ST10,CITY3,High Street,2025-04-25,17,false,38,9,5384.22,0.2368,true
ST11,CITY4,Mall,2025-04-26,18,true,72,11,7919.73,0.1528,true
ST12,CITY5,High Street,2025-04-27,19,true,86,11,6744.48,0.1279,true
ST01,CITY0,Mall,2025-04-27,21,true,56,8,2855.88,0.1429,true
ST02,CITY1,High Street,2025-04-28,10,false,,7,4113.25,,false
ST03,CITY2,Mall,2025-04-29,11,false,35,9,3648.49,0.2571,true
ST04,CITY3,High Street,2025-04-30,12,false,28,8,4685.49,0.2857,true
ST05,CITY4,Mall,2025-05-01,13,false,38,4,2455.26,0.1053,true
ST06,CITY5,High Street,2025-05-02,14,false,21,2,381.23,0.0952,true
ST07,CITY0,Mall,2025-05-03,15,true,36,2,602.52,0.0556,true
ST08,CITY1,High Street,2025-04-23,16,false,,2,1299.28,,false
ST09,CITY2,Mall,2025-04-24,17,false,28,3,1315.26,0.1071,true
ST10,CITY3,High Street,2025-04-25,18,false,70,17,10417.52,0.2429,true
ST11,CITY4,Mall,2025-04-26,19,true,102,15,5416.42,0.1471,true
ST12,CITY5,High Street,2025-04-27,20,true,74,10,4458.11,0.1351,true
ST01,CITY0,Mall,2025-04-28,10,false,,6,2528.77,,false
ST02,CITY1,High Street,2025-04-29,11,false,31,8,4869.6,0.2581,true
ST03,CITY2,Mall,2025-04-30,12,false,32,9,5261.64,0.2813,true
ST04,CITY3,High Street,2025-05-01,13,false,36,10,5354.92,0.2778,true
ST05,CITY4,Mall,2025-05-02,14,false,18,1,410.38,0.0556,true
ST06,CITY5,High Street,2025-05-03,15,true,35,3,2171.31,0.0857,true
ST07,CITY0,Mall,2025-04-23,16,false,,1,258.71,,false
ST08,CITY1,High Street,2025-04-24,17,false,39,10,3390.98,0.2564,true
ST09,CITY2,Mall,2025-04-25,18,false,47,4,2462.44,0.0851,true
ST10,CITY3,High Street,2025-04-26,19,true,65,13,8422.42,0.2,true
ST11,CITY4,Mall,2025-04-27,20,true,97,15,6074.08,0.1546,true
ST12,CITY5,High Street,2025-04-28,21,false,33,5,1929.64,0.1515,true
ST01,CITY0,Mall,2025-04-28,11,false,,4,550.68,,false
ST02,CITY1,High Street,2025-04-29,12,false,30,7,3555.75,0.2333,true
ST03,CITY2,Mall,2025-04-30,13,false,24,7,3924.42,0.2917,true
ST04,CITY3,High Street,2025-05-01,14,false,15,2,199.21,0.1333,true
ST05,CITY4,Mall,2025-05-02,15,false,17,1,289.09,0.0588,true
ST06,CITY5,High Street,2025-05-03,16,true,34,3,1364.42,0.0882,true
ST07,CITY0,Mall,2025-04-23,17,false,,4,2422.5,,false
ST08,CITY1,High Street,2025-04-24,18,false,43,11,6203.91,0.2558,true
ST09,CITY2,Mall,2025-04-25,19,false,61,6,3751.77,0.0984,true
ST10,CITY3,High Street,2025-04-26,20,true,74,15,6622.23,0.2027,true
ST11,CITY4,Mall,2025-04-27,21,true,41,6,2325.41,0.1463,true
ST12,CITY5,High Street,2025-04-28,10,false,,5,1965.48,,false
ST01,CITY0,Mall,2025-04-28,12,false,37,7,4361.27,0.1892,true
ST02,CITY1,High Street,2025-04-29,13,false,31,8,4302.3,0.2581,true
ST03,CITY2,Mall,2025-04-30,14,false,19,2,1302.57,0.1053,true
ST04,CITY3,High Street,2025-05-01,15,false,17,2,871.74,0.1176,true
ST05,CITY4,Mall,2025-05-02,16,false,,1,334.18,,false
ST06,CITY5,High Street,2025-05-03,17,true,43,8,3382.49,0.186,true
ST07,CITY0,Mall,2025-04-23,18,false,40,7,3812.72,0.175,true
ST08,CITY1,High Street,2025-04-24,19,false,57,15,8343.4,0.2632,true
ST09,CITY2,Mall,2025-04-25,20,false,40,4,4018.64,0.1,true
ST10,CITY3,High Street,2025-04-26,21,true,62,13,5429.08,0.2097,true
ST11,CITY4,Mall,2025-04-27,10,true,37,6,2622.93,0.1622,true
ST12,CITY5,High Street,2025-04-28,11,false,,5,1478.0,,false
ST01,CITY0,Mall,2025-04-28,13,false,35,6,2577.87,0.1714,true
ST02,CITY1,High Street,2025-04-29,14,false,15,2,708.29,0.1333,true
ST03,CITY2,Mall,2025-04-30,15,false,16,2,2098.18,0.125,true
ST04,CITY3,High Street,2025-05-01,16,false,20,2,377.19,0.1,true
ST05,CITY4,Mall,2025-05-02,17,false,,3,1119.39,,false
ST06,CITY5,High Street,2025-05-03,18,true,103,18,11928.03,0.1748,true
ST07,CITY0,Mall,2025-04-23,19,false,41,7,3487.2,0.1707,true
ST08,CITY1,High Street,2025-04-24,20,false,64,16,8028.59,0.25,true
ST09,CITY2,Mall,2025-04-25,21,false,35,3,971.72,0.0857,true
ST10,CITY3,High Street,2025-04-26,10,true,41,9,3591.68,0.2195,true
ST11,CITY4,Mall,2025-04-27,11,true,60,9,3758.89,0.15,true
ST12,CITY5,High Street,2025-04-28,12,false,37,6,3486.47,0.1622,true
ST01,CITY0,Mall,2025-04-28,14,false,14,1,425.55,0.0714,true
ST02,CITY1,High Street,2025-04-29,15,false,21,2,247.51,0.0952,true
ST03,CITY2,Mall,2025-04-30,16,false,15,2,220.04,0.1333,true
ST04,CITY3,High Street,2025-05-01,17,false,30,8,4531.04,0.2667,true
ST05,CITY4,Mall,2025-05-02,18,false,49,5,2141.15,0.102,true
ST06,CITY5,High Street,2025-05-03,19,true,107,19,12593.64,0.1776,true
ST07,CITY0,Mall,2025-04-23,20,false,67,12,4406.56,0.1791,true
ST08,CITY1,High Street,2025-04-24,21,false,29,7,4687.16,0.2414,true
ST09,CITY2,Mall,2025-04-25,10,false,37,3,898.49,0.0811,true
ST10,CITY3,High Street,2025-04-26,11,true,47,10,3064.84,0.2128,true
ST11,CITY4,Mall,2025-04-27,12,true,60,9,3169.91,0.15,true
ST12,CITY5,High Street,2025-04-28,13,false,23,4,1324.11,0.1739,true
ST01,CITY0,Mall,2025-04-28,15,false,13,1,601.9,0.0769,true
ST02,CITY1,High Street,2025-04-29,16,false,18,2,2080.3,0.1111,true
ST03,CITY2,Mall,2025-04-30,17,false,37,10,6310.51,0.2703,true
ST04,CITY3,High Street,2025-05-01,18,false,48,13,5329.86,0.2708,true
ST05,CITY4,Mall,2025-05-02,19,false,61,7,2557.02,0.1148,true
ST06,CITY5,High Street,2025-05-03,20,true,90,16,8032.51,0.1778,true
ST07,CITY0,Mall,2025-04-23,21,false,27,5,1619.76,0.1852,true
ST08,CITY1,High Street,2025-04-24,10,false,30,8,3977.39,0.2667,true
ST09,CITY2,Mall,2025-04-25,11,false,28,3,1357.43,0.1071,true
ST10,CITY3,High Street,2025-04-26,12,true,43,9,5549.62,0.2093,true
ST11,CITY4,Mall,2025-04-27,13,true,61,9,5305.59,0.1475,true
ST12,CITY5,High Street,2025-04-28,14,false,15,1,143.25,0.0667,true
ST01,CITY0,Mall,2025-04-28,16,false,18,1,499.72,0.0556,true
ST02,CITY1,High Street,2025-04-29,17,false,29,7,3858.29,0.2414,true
ST03,CITY2,Mall,2025-04-30,18,false,70,19,9093.44,0.2714,true
ST04,CITY3,High Street,2025-05-01,19,false,58,16,6466.64,0.2759,true
ST05,CITY4,Mall,2025-05-02,20,false,55,6,1673.55,0.1091,true
ST06,CITY5,High Street,2025-05-03,21,true,62,11,7276.54,0.1774,true
ST07,CITY0,Mall,2025-04-23,10,false,35,6,3047.77,0.1714,true
ST08,CITY1,High Street,2025-04-24,11,false,32,8,4253.21,0.25,true
ST09,CITY2,Mall,2025-04-25,12,false,38,3,2595.51,0.0789,true
ST10,CITY3,High Street,2025-04-26,13,true,48,10,3650.72,0.2083,true
ST11,CITY4,Mall,2025-04-27,14,true,23,2,1073.78,0.087,true
ST12,CITY5,High Street,2025-04-28,15,false,23,2,1905.82,0.087,true
ST01,CITY0,Mall,2025-04-28,17,false,27,5,1774.25,0.1852,true
ST02,CITY1,High Street,2025-04-29,18,false,52,13,5297.05,0.25,true
ST03,CITY2,Mall,2025-04-30,19,false,39,11,5626.74,0.2821,true
ST04,CITY3,High Street,2025-05-01,20,false,45,12,5891.96,0.2667,true
ST05,CITY4,Mall,2025-05-02,21,false,31,3,2173.6,0.0968,true
ST06,CITY5,High Street,2025-05-03,10,true,38,7,3857.67,0.1842,true
ST07,CITY0,Mall,2025-04-23,11,false,31,5,2522.18,0.1613,true
ST08,CITY1,High Street,2025-04-24,12,false,32,8,5917.14,0.25,true
ST09,CITY2,Mall,2025-04-25,13,false,26,2,773.56,0.0769,true
ST10,CITY3,High Street,2025-04-26,14,true,29,3,1041.64,0.1034,true
ST11,CITY4,Mall,2025-04-27,15,true,22,1,583.41,0.0455,true
ST12,CITY5,High Street,2025-04-28,16,false,18,1,572.16,0.0556,true
ST01,CITY0,Mall,2025-04-28,18,false,68,12,7542.99,0.1765,true
ST02,CITY1,High Street,2025-04-29,19,false,41,10,5375.34,0.2439,true
ST03,CITY2,Mall,2025-04-30,20,false,65,18,7651.85,0.2769,true
ST04,CITY3,High Street,2025-05-01,21,false,26,7,3095.57,0.2692,true
ST05,CITY4,Mall,2025-05-02,10,false,36,4,1194.06,0.1111,true
ST06,CITY5,High Street,2025-05-03,11,true,35,6,2377.5,0.1714,true
ST07,CITY0,Mall,2025-04-23,12,false,27,5,2628.02,0.1852,true
ST08,CITY1,High Street,2025-04-24,13,false,27,7,2681.69,0.2593,true
ST09,CITY2,Mall,2025-04-25,14,false,17,1,486.77,0.0588,true
ST10,CITY3,High Street,2025-04-26,15,true,26,2,866.94,0.0769,true
ST11,CITY4,Mall,2025-04-27,16,true,29,2,2251.07,0.069,true
ST12,CITY5,High Street,2025-04-28,17,false,38,6,4109.95,0.1579,true
ST01,CITY0,Mall,2025-04-28,19,false,64,11,5538.68,0.1719,true
ST02,CITY1,High Street,2025-04-29,20,false,60,15,11397.29,0.25,true
ST03,CITY2,Mall,2025-04-30,21,false,23,6,2724.62,0.2609,true
ST04,CITY3,High Street,2025-05-01,10,false,30,8,4545.13,0.2667,true
ST05,CITY4,Mall,2025-05-02,11,false,28,3,1276.28,0.1071,true
ST06,CITY5,High Street,2025-05-03,12,true,38,7,3877.82,0.1842,true
ST07,CITY0,Mall,2025-04-23,13,false,32,6,2819.96,0.1875,true
ST08,CITY1,High Street,2025-04-24,14,false,17,2,688.85,0.1176,true
ST09,CITY2,Mall,2025-04-25,15,false,13,1,322.32,0.0769,true
ST10,CITY3,High Street,2025-04-26,16,true,29,3,1939.74,0.1034,true
ST11,CITY4,Mall,2025-04-27,17,true,36,5,2764.34,0.1389,true
ST12,CITY5,High Street,2025-04-28,18,false,55,8,3922.71,0.1455,true
ST01,CITY0,Mall,2025-04-28,20,false,52,9,3477.67,0.1731,true
ST02,CITY1,High Street,2025-04-29,21,false,38,9,5909.39,0.2368,true
ST03,CITY2,Mall,2025-04-30,10,false,25,7,2645.64,0.28,true
ST04,CITY3,High Street,2025-05-01,11,false,24,7,3673.67,0.2917,true
ST05,CITY4,Mall,2025-05-02,12,false,22,2,1488.34,0.0909,true
ST06,CITY5,High Street,2025-05-03,13,true,49,9,4948.99,0.1837,true
ST07,CITY0,Mall,2025-04-23,14,false,23,2,995.34,0.087,true
ST08,CITY1,High Street,2025-04-24,15,false,15,2,2883.37,0.1333,true
ST09,CITY2,Mall,2025-04-25,16,false,16,1,224.93,0.0625,true
ST10,CITY3,High Street,2025-04-26,17,true,58,12,7563.43,0.2069,true
ST11,CITY4,Mall,2025-04-27,18,true,87,13,7693.43,0.1494,true
ST12,CITY5,High Street,2025-04-28,19,false,68,10,4219.21,0.1471,true
ST01,CITY0,Mall,2025-04-28,21,false,31,5,2279.44,0.1613,true
ST02,CITY1,High Street,2025-04-29,10,false,34,8,3886.29,0.2353,true
ST03,CITY2,Mall,2025-04-30,11,false,31,8,1958.14,0.2581,true
ST04,CITY3,High Street,2025-05-01,12,false,32,9,7045.93,0.2813,true
ST05,CITY4,Mall,2025-05-02,13,false,38,4,1585.22,0.1053,true
ST06,CITY5,High Street,2025-05-03,14,true,24,2,331.65,0.0833,true
ST07,CITY0,Mall,2025-04-23,15,false,22,2,612.23,0.0909,true
ST08,CITY1,High Street,2025-04-24,16,false,19,2,768.36,0.1053,true
ST09,CITY2,Mall,2025-04-25,17,false,35,3,1479.91,0.0857,true
ST10,CITY3,High Street,2025-04-26,18,true,93,19,11674.18,0.2043,true
ST11,CITY4,Mall,2025-04-27,19,true,107,16,7794.91,0.1495,true
ST12,CITY5,High Street,2025-04-28,20,false,40,6,3186.6,0.15,true
ST01,CITY0,Mall,2025-04-29,10,false,38,7,2926.55,0.1842,true
ST02,CITY1,High Street,2025-04-30,11,false,26,6,4311.86,0.2308,true
ST03,CITY2,Mall,2025-05-01,12,false,31,8,4307.06,0.2581,true
ST04,CITY3,High Street,2025-05-02,13,false,33,9,5492.68,0.2727,true
ST05,CITY4,Mall,2025-05-03,14,true,31,1,378.02,0.0323,true
ST06,CITY5,High Street,2025-04-23,15,false,17,2,4423.41,0.1176,true
ST07,CITY0,Mall,2025-04-24,16,false,20,2,895.45,0.1,true
ST08,CITY1,High Street,2025-04-25,17,false,32,8,2674.44,0.25,true
ST09,CITY2,Mall,2025-04-26,18,true,110,9,3606.11,0.0818,true
ST10,CITY3,High Street,2025-04-27,19,true,80,17,10597.15,0.2125,true
ST11,CITY4,Mall,2025-04-28,20,false,57,10,4914.7,0.1754,true
ST12,CITY5,High Street,2025-04-29,21,false,30,5,3443.44,0.1667,true
ST01,CITY0,Mall,2025-04-29,11,false,37,7,4211.54,0.1892,true
ST02,CITY1,High Street,2025-04-30,12,false,38,9,6133.45,0.2368,true
ST03,CITY2,Mall,2025-05-01,13,false,31,8,2871.12,0.2581,true
ST04,CITY3,High Street,2025-05-02,14,false,13,2,1012.56,0.1538,true
ST05,CITY4,Mall,2025-05-03,15,true,20,1,385.44,0.05,true
ST06,CITY5,High Street,2025-04-23,16,false,,2,1750.57,,false
ST07,CITY0,Mall,2025-04-24,17,false,26,4,2376.39,0.1538,true
ST08,CITY1,High Street,2025-04-25,18,false,60,15,7954.02,0.25,true
ST09,CITY2,Mall,2025-04-26,19,true,81,6,2145.18,0.0741,true
ST10,CITY3,High Street,2025-04-27,20,true,96,20,10412.28,0.2083,true
ST11,CITY4,Mall,2025-04-28,21,false,33,6,3050.38,0.1818,true
ST12,CITY5,High Street,2025-04-29,10,false,36,6,2332.05,0.1667,true
ST01,CITY0,Mall,2025-04-29,12,false,37,7,5186.72,0.1892,true
ST02,CITY1,High Street,2025-04-30,13,false,27,7,5607.88,0.2593,true
ST03,CITY2,Mall,2025-05-01,14,false,15,2,593.34,0.1333,true
ST04,CITY3,High Street,2025-05-02,15,false,19,2,859.55,0.1053,true
ST05,CITY4,Mall,2025-05-03,16,true,36,2,1123.04,0.0556,true
ST06,CITY5,High Street,2025-04-23,17,false,,5,1286.87,,false
ST07,CITY0,Mall,2025-04-24,18,false,38,7,2066.24,0.1842,true
ST08,CITY1,High Street,2025-04-25,19,false,66,17,6814.35,0.2576,true
ST09,CITY2,Mall,2025-04-26,20,true,72,6,2419.3,0.0833,true
ST10,CITY3,High Street,2025-04-27,21,true,57,12,7211.4,0.2105,true
ST11,CITY4,Mall,2025-04-28,10,false,,7,2847.16,,false
ST12,CITY5,High Street,2025-04-29,11,false,29,4,2498.14,0.1379,true
ST01,CITY0,Mall,2025-04-29,13,false,28,5,1829.29,0.1786,true
ST02,CITY1,High Street,2025-04-30,14,false,14,2,841.48,0.1429,true
ST03,CITY2,Mall,2025-05-01,15,false,21,3,1054.55,0.1429,true
ST04,CITY3,High Street,2025-05-02,16,false,,2,1360.36,,false
ST05,CITY4,Mall,2025-05-03,17,true,48,5,1969.37,0.1042,true
ST06,CITY5,High Street,2025-04-23,18,false,52,11,5344.66,0.2115,true
ST07,CITY0,Mall,2025-04-24,19,false,60,10,3398.37,0.1667,true
ST08,CITY1,High Street,2025-04-25,20,false,68,17,9648.22,0.25,true
ST09,CITY2,Mall,2025-04-26,21,true,54,4,1480.08,0.0741,true
ST10,CITY3,High Street,2025-04-27,10,true,46,10,4364.6,0.2174,true
ST11,CITY4,Mall,2025-04-28,11,false,,5,2451.72,,false
ST12,CITY5,High Street,2025-04-29,12,false,34,5,1995.67,0.1471,true
ST01,CITY0,Mall,2025-04-29,14,false,18,1,367.8,0.0556,true
ST02,CITY1,High Street,2025-04-30,15,false,23,3,1288.7,0.1304,true
ST03,CITY2,Mall,2025-05-01,16,false,19,2,712.98,0.1053,true
ST04,CITY3,High Street,2025-05-02,17,false,,9,4134.64,,false
ST05,CITY4,Mall,2025-05-03,18,true,92,9,4851.24,0.0978,true
ST06,CITY5,High Street,2025-04-23,19,false,42,9,3652.39,0.2143,true
ST07,CITY0,Mall,2025-04-24,20,false,62,11,6980.57,0.1774,true
ST08,CITY1,High Street,2025-04-25,21,false,23,6,3113.16,0.2609,true
ST09,CITY2,Mall,2025-04-26,10,true,36,3,1471.7,0.0833,true
ST10,CITY3,High Street,2025-04-27,11,true,36,7,3282.62,0.1944,true
ST11,CITY4,Mall,2025-04-28,12,false,38,7,2578.74,0.1842,true
ST12,CITY5,High Street,2025-04-29,13,false,24,4,2555.01,0.1667,true
ST01,CITY0,Mall,2025-04-29,15,false,15,1,462.45,0.0667,true
ST02,CITY1,High Street,2025-04-30,16,false,19,2,424.92,0.1053,true
ST03,CITY2,Mall,2025-05-01,17,false,27,7,3555.11,0.2593,true
ST04,CITY3,High Street,2025-05-02,18,false,47,13,6730.57,0.2766,true
ST05,CITY4,Mall,2025-05-03,19,true,110,10,3615.85,0.0909,true
ST06,CITY5,High Street,2025-04-23,20,false,64,13,7343.62,0.2031,true
ST07,CITY0,Mall,2025-04-24,21,false,38,7,2606.49,0.1842,true
ST08,CITY1,High Street,2025-04-25,10,false,24,6,5105.77,0.25,true
ST09,CITY2,Mall,2025-04-26,11,true,57,4,2405.25,0.0702,true
ST10,CITY3,High Street,2025-04-27,12,true,48,10,6620.76,0.2083,true
ST11,CITY4,Mall,2025-04-28,13,false,30,5,1874.12,0.1667,true
ST12,CITY5,High Street,2025-04-29,14,false,14,1,247.16,0.0714,true
ST01,CITY0,Mall,2025-04-29,16,false,17,1,407.26,0.0588,true
ST02,CITY1,High Street,2025-04-30,17,false,38,9,5811.93,0.2368,true
ST03,CITY2,Mall,2025-05-01,18,false,58,16,8988.52,0.2759,true
ST04,CITY3,High Street,2025-05-02,19,false,48,13,7403.35,0.2708,true
ST05,CITY4,Mall,2025-05-03,20,true,104,10,5215.02,0.0962,true
ST06,CITY5,High Street,2025-04-23,21,false,24,5,2452.92,0.2083,true
ST07,CITY0,Mall,2025-04-24,10,false,25,4,1424.3,0.16,true
ST08,CITY1,High Street,2025-04-25,11,false,22,6,1964.57,0.2727,true
ST09,CITY2,Mall,2025-04-26,12,true,47,4,740.66,0.0851,true
ST10,CITY3,High Street,2025-04-27,13,true,56,12,7320.15,0.2143,true
ST11,CITY4,Mall,2025-04-28,14,false,18,1,803.76,0.0556,true
ST12,CITY5,High Street,2025-04-29,15,false,20,1,336.62,0.05,true
ST01,CITY0,Mall,2025-04-29,17,false,27,5,3171.05,0.1852,true
ST02,CITY1,High Street,2025-04-30,18,false,65,16,8241.57,0.2462,true
ST03,CITY2,Mall,2025-05-01,19,false,40,11,6138.17,0.275,true
ST04,CITY3,High Street,2025-05-02,20,false,42,12,6724.98,0.2857,true
ST05,CITY4,Mall,2025-05-03,21,true,49,5,2543.43,0.102,true
ST06,CITY5,High Street,2025-04-23,10,false,36,7,2867.93,0.1944,true
ST07,CITY0,Mall,2025-04-24,11,false,36,6,3810.43,0.1667,true
ST08,CITY1,High Street,2025-04-25,12,false,28,7,4961.46,0.25,true
ST09,CITY2,Mall,2025-04-26,13,true,54,4,1734.35,0.0741,true
ST10,CITY3,High Street,2025-04-27,14,true,37,3,1535.64,0.0811,true
ST11,CITY4,Mall,2025-04-28,15,false,18,1,1698.44,0.0556,true
ST12,CITY5,High Street,2025-04-29,16,false,17,1,2087.11,0.0588,true
ST01,CITY0,Mall,2025-04-29,18,false,49,9,6252.58,0.1837,true
ST02,CITY1,High Street,2025-04-30,19,false,43,11,6800.47,0.2558,true
ST03,CITY2,Mall,2025-05-01,20,false,40,11,4897.36,0.275,true
ST04,CITY3,High Street,2025-05-02,21,false,31,9,4519.61,0.2903,true
ST05,CITY4,Mall,2025-05-03,10,true,59,6,2730.82,0.1017,true
ST06,CITY5,High Street,2025-04-23,11,false,38,8,5772.95,0.2105,true
ST07,CITY0,Mall,2025-04-24,12,false,34,6,3663.54,0.1765,true
ST08,CITY1,High Street,2025-04-25,13,false,30,8,2851.61,0.2667,true
ST09,CITY2,Mall,2025-04-26,14,true,25,1,329.46,0.04,true
ST10,CITY3,High Street,2025-04-27,15,true,24,2,1350.69,0.0833,true
ST11,CITY4,Mall,2025-04-28,16,false,15,1,244.42,0.0667,true
ST12,CITY5,High Street,2025-04-29,17,false,34,5,3214.04,0.1471,true
ST01,CITY0,Mall,2025-04-29,19,false,59,10,5615.18,0.1695,true
ST02,CITY1,High Street,2025-04-30,20,false,43,11,3382.02,0.2558,true
ST03,CITY2,Mall,2025-05-01,21,false,21,6,3818.17,0.2857,true
ST04,CITY3,High Street,2025-05-02,10,false,22,6,1439.93,0.2727,true
ST05,CITY4,Mall,2025-05-03,11,true,50,5,1846.93,0.1,true
ST06,CITY5,High Street,2025-04-23,12,false,37,8,7585.95,0.2162,true
ST07,CITY0,Mall,2025-04-24,13,false,39,7,4625.91,0.1795,true
ST08,CITY1,High Street,2025-04-25,14,false,18,2,516.42,0.1111,true
ST09,CITY2,Mall,2025-04-26,15,true,26,1,1376.27,0.0385,true
ST10,CITY3,High Street,2025-04-27,16,true,28,3,1648.41,0.1071,true
ST11,CITY4,Mall,2025-04-28,17,false,32,6,4074.74,0.1875,true
ST12,CITY5,High Street,2025-04-29,18,false,66,10,5665.85,0.1515,true
ST01,CITY0,Mall,2025-04-29,20,false,68,12,4615.7,0.1765,true
ST02,CITY1,High Street,2025-04-30,21,false,36,9,4293.96,0.25,true
ST03,CITY2,Mall,2025-05-01,10,false,32,9,5288.47,0.2813,true
ST04,CITY3,High Street,2025-05-02,11,false,37,10,4824.6,0.2703,true
ST05,CITY4,Mall,2025-05-03,12,true,47,4,2101.68,0.0851,true
ST06,CITY5,High Street,2025-04-23,13,false,23,5,3384.33,0.2174,true
ST07,CITY0,Mall,2025-04-24,14,false,16,1,356.61,0.0625,true
ST08,CITY1,High Street,2025-04-25,15,false,17,2,2657.49,0.1176,true
ST09,CITY2,Mall,2025-04-26,16,true,24,1,292.32,0.0417,true
ST10,CITY3,High Street,2025-04-27,17,true,38,8,3549.07,0.2105,true
ST11,CITY4,Mall,2025-04-28,18,false,42,7,4099.24,0.1667,true
ST12,CITY5,High Street,2025-04-29,19,false,69,11,4803.94,0.1594,true
ST01,CITY0,Mall,2025-04-29,21,false,36,6,2692.84,0.1667,true
ST02,CITY1,High Street,2025-04-30,10,false,28,7,2273.63,0.25,true
ST03,CITY2,Mall,2025-05-01,11,false,33,9,4565.22,0.2727,true
ST04,CITY3,High Street,2025-05-02,12,false,31,9,5015.81,0.2903,true
ST05,CITY4,Mall,2025-05-03,13,true,40,4,2388.68,0.1,true
ST06,CITY5,High Street,2025-04-23,14,false,14,1,947.34,0.0714,true
ST07,CITY0,Mall,2025-04-24,15,false,17,1,379.99,0.0588,true
ST08,CITY1,High Street,2025-04-25,16,false,16,2,784.48,0.125,true
ST09,CITY2,Mall,2025-04-26,17,true,52,4,1388.83,0.0769,true
ST10,CITY3,High Street,2025-04-27,18,true,90,19,13524.25,0.2111,true
ST11,CITY4,Mall,2025-04-28,19,false,64,11,6681.68,0.1719,true
ST12,CITY5,High Street,2025-04-29,20,false,39,6,3042.03,0.1538,true
ST01,CITY0,Mall,2025-04-30,10,false,32,6,5857.2,0.1875,true
ST02,CITY1,High Street,2025-05-01,11,false,23,6,5168.07,0.2609,true
ST03,CITY2,Mall,2025-05-02,12,false,29,8,4052.12,0.2759,true
ST04,CITY3,High Street,2025-05-03,13,true,38,9,3529.35,0.2368,true
ST05,CITY4,Mall,2025-04-23,14,false,15,1,387.78,0.0667,true
ST06,CITY5,High Street,2025-04-24,15,false,13,1,806.82,0.0769,true
ST07,CITY0,Mall,2025-04-25,16,false,15,1,660.0,0.0667,true
ST08,CITY1,High Street,2025-04-26,17,true,38,8,3181.29,0.2105,true
ST09,CITY2,Mall,2025-04-27,18,true,103,8,4686.77,0.0777,true
ST10,CITY3,High Street,2025-04-28,19,false,48,12,3864.15,0.25,true
ST11,CITY4,Mall,2025-04-29,20,false,69,12,5949.93,0.1739,true
ST12,CITY5,High Street,2025-04-30,21,false,36,6,2527.02,0.1667,true
ST01,CITY0,Mall,2025-04-30,11,false,25,4,2516.83,0.16,true
ST02,CITY1,High Street,2025-05-01,12,false,28,7,4555.43,0.25,true
ST03,CITY2,Mall,2025-05-02,13,false,36,10,3695.44,0.2778,true
ST04,CITY3,High Street,2025-05-03,14,true,24,3,1167.48,0.125,true
ST05,CITY4,Mall,2025-04-23,15,false,23,1,200.13,0.0435,true
ST06,CITY5,High Street,2025-04-24,16,false,23,2,919.57,0.087,true
ST07,CITY0,Mall,2025-04-25,17,false,37,6,2365.61,0.1622,true
ST08,CITY1,High Street,2025-04-26,18,true,88,19,8843.34,0.2159,true
ST09,CITY2,Mall,2025-04-27,19,true,65,5,6310.82,0.0769,true
ST10,CITY3,High Street,2025-04-28,20,false,41,10,4742.66,0.2439,true
ST11,CITY4,Mall,2025-04-29,21,false,31,5,2188.47,0.1613,true
ST12,CITY5,High Street,2025-04-30,10,false,21,3,1705.09,0.1429,true
ST01,CITY0,Mall,2025-04-30,12,false,24,4,2647.88,0.1667,true
ST02,CITY1,High Street,2025-05-01,13,false,30,7,3037.15,0.2333,true
ST03,CITY2,Mall,2025-05-02,14,false,16,2,855.01,0.125,true
ST04,CITY3,High Street,2025-05-03,15,true,29,3,1142.53,0.1034,true
ST05,CITY4,Mall,2025-04-23,16,false,,1,294.21,,false
ST06,CITY5,High Street,2025-04-24,17,false,35,7,5444.58,0.2,true
ST07,CITY0,Mall,2025-04-25,18,false,48,8,3079.68,0.1667,true
ST08,CITY1,High Street,2025-04-26,19,true,98,21,11885.5,0.2143,true
ST09,CITY2,Mall,2025-04-27,20,true,93,7,2568.37,0.0753,true
ST10,CITY3,High Street,2025-04-28,21,false,32,8,4785.81,0.25,true
ST11,CITY4,Mall,2025-04-29,10,false,26,5,2334.86,0.1923,true
ST12,CITY5,High Street,2025-04-30,11,false,30,5,3034.25,0.1667,true
ST01,CITY0,Mall,2025-04-30,13,false,23,4,967.17,0.1739,true
ST02,CITY1,High Street,2025-05-01,14,false,17,2,1099.49,0.1176,true
ST03,CITY2,Mall,2025-05-02,15,false,22,3,1328.64,0.1364,true
ST04,CITY3,High Street,2025-05-03,16,true,27,3,1434.7,0.1111,true
ST05,CITY4,Mall,2025-04-23,17,false,,4,2200.66,,false
ST06,CITY5,High Street,2025-04-24,18,false,61,13,9318.66,0.2131,true
ST07,CITY0,Mall,2025-04-25,19,false,40,7,3260.06,0.175,true
ST08,CITY1,High Street,2025-04-26,20,true,69,15,4822.26,0.2174,true
ST09,CITY2,Mall,2025-04-27,21,true,42,3,870.41,0.0714,true
ST10,CITY3,High Street,2025-04-28,10,false,,7,2872.37,,false
ST11,CITY4,Mall,2025-04-29,11,false,27,5,3194.81,0.1852,true
ST12,CITY5,High Street,2025-04-30,12,false,25,4,1934.85,0.16,true
ST01,CITY0,Mall,2025-04-30,14,false,21,2,643.56,0.0952,true
ST02,CITY1,High Street,2025-05-01,15,false,15,2,1523.8,0.1333,true
ST03,CITY2,Mall,2025-05-02,16,false,,2,1185.12,,false
ST04,CITY3,High Street,2025-05-03,17,true,61,14,6861.82,0.2295,true
ST05,CITY4,Mall,2025-04-23,18,false,46,5,5102.78,0.1087,true
ST06,CITY5,High Street,2025-04-24,19,false,39,8,2992.11,0.2051,true
ST07,CITY0,Mall,2025-04-25,20,false,56,10,6344.11,0.1786,true
ST08,CITY1,High Street,2025-04-26,21,true,38,8,3628.68,0.2105,true
ST09,CITY2,Mall,2025-04-27,10,true,58,5,2436.8,0.0862,true
ST10,CITY3,High Street,2025-04-28,11,false,,8,2834.59,,false
ST11,CITY4,Mall,2025-04-29,12,false,37,7,4514.29,0.1892,true
ST12,CITY5,High Street,2025-04-30,13,false,24,4,2946.01,0.1667,true
ST01,CITY0,Mall,2025-04-30,15,false,18,1,347.96,0.0556,true
ST02,CITY1,High Street,2025-05-01,16,false,16,2,591.22,0.125,true
ST03,CITY2,Mall,2025-05-02,17,false,,8,3224.45,,false
ST04,CITY3,High Street,2025-05-03,18,true,73,17,9587.08,0.2329,true
ST05,CITY4,Mall,2025-04-23,19,false,63,7,3781.94,0.1111,true
ST06,CITY5,High Street,2025-04-24,20,false,60,12,6017.78,0.2,true
ST07,CITY0,Mall,2025-04-25,21,false,38,7,3654.99,0.1842,true
ST08,CITY1,High Street,2025-04-26,10,true,49,11,3266.64,0.2245,true
ST09,CITY2,Mall,2025-04-27,11,true,37,3,764.01,0.0811,true
ST10,CITY3,High Street,2025-04-28,12,false,30,7,4060.49,0.2333,true
ST11,CITY4,Mall,2025-04-29,13,false,24,4,937.13,0.1667,true
ST12,CITY5,High Street,2025-04-30,14,false,21,1,268.48,0.0476,true
ST01,CITY0,Mall,2025-04-30,16,false,19,2,393.83,0.1053,true
ST02,CITY1,High Street,2025-05-01,17,false,25,6,2089.89,0.24,true
ST03,CITY2,Mall,2025-05-02,18,false,50,14,9030.64,0.28,true
ST04,CITY3,High Street,2025-05-03,19,true,103,24,11924.57,0.233,true
ST05,CITY4,Mall,2025-04-23,20,false,39,4,2131.99,0.1026,true
ST06,CITY5,High Street,2025-04-24,21,false,32,7,7223.88,0.2188,true
ST07,CITY0,Mall,2025-04-25,10,false,29,5,2092.58,0.1724,true
ST08,CITY1,High Street,2025-04-26,11,true,62,13,6078.58,0.2097,true
ST09,CITY2,Mall,2025-04-27,12,true,41,3,3380.94,0.0732,true
ST10,CITY3,High Street,2025-04-28,13,false,36,9,4068.6,0.25,true
ST11,CITY4,Mall,2025-04-29,14,false,19,2,496.92,0.1053,true
ST12,CITY5,High Street,2025-04-30,15,false,18,1,582.41,0.0556,true
ST01,CITY0,Mall,2025-04-30,17,false,30,5,2391.43,0.1667,true
ST02,CITY1,High Street,2025-05-01,18,false,69,17,8358.44,0.2464,true
ST03,CITY2,Mall,2025-05-02,19,false,66,18,10083.31,0.2727,true
ST04,CITY3,High Street,2025-05-03,20,true,74,17,5892.44,0.2297,true
ST05,CITY4,Mall,2025-04-23,21,false,28,3,5834.25,0.1071,true
ST06,CITY5,High Street,2025-04-24,10,false,24,5,2584.59,0.2083,true
ST07,CITY0,Mall,2025-04-25,11,false,28,5,2845.55,0.1786,true
ST08,CITY1,High Street,2025-04-26,12,true,49,11,5748.68,0.2245,true
ST09,CITY2,Mall,2025-04-27,13,true,44,3,1664.58,0.0682,true
ST10,CITY3,High Street,2025-04-28,14,false,17,2,475.36,0.1176,true
ST11,CITY4,Mall,2025-04-29,15,false,15,1,536.17,0.0667,true
ST12,CITY5,High Street,2025-04-30,16,false,13,1,522.06,0.0769,true
ST01,CITY0,Mall,2025-04-30,18,false,62,11,4084.1,0.1774,true
ST02,CITY1,High Street,2025-05-01,19,false,46,11,3911.23,0.2391,true
ST03,CITY2,Mall,2025-05-02,20,false,67,18,5551.44,0.2687,true
ST04,CITY3,High Street,2025-05-03,21,true,35,8,4001.4,0.2286,true
ST05,CITY4,Mall,2025-04-23,10,false,35,4,1192.35,0.1143,true
ST06,CITY5,High Street,2025-04-24,11,false,36,7,3881.13,0.1944,true
ST07,CITY0,Mall,2025-04-25,12,false,37,6,2558.12,0.1622,true
ST08,CITY1,High Street,2025-04-26,13,true,42,9,4866.48,0.2143,true
ST09,CITY2,Mall,2025-04-27,14,true,22,1,73.13,0.0455,true
ST10,CITY3,High Street,2025-04-28,15,false,14,2,1143.11,0.1429,true
ST11,CITY4,Mall,2025-04-29,16,false,18,1,387.94,0.0556,true
ST12,CITY5,High Street,2025-04-30,17,false,32,5,2425.13,0.1563,true
ST01,CITY0,Mall,2025-04-30,19,false,45,8,7010.67,0.1778,true
ST02,CITY1,High Street,2025-05-01,20,false,39,10,4458.27,0.2564,true
ST03,CITY2,Mall,2025-05-02,21,false,29,8,4327.91,0.2759,true
ST04,CITY3,High Street,2025-05-03,10,true,41,10,4471.37,0.2439,true
ST05,CITY4,Mall,2025-04-23,11,false,25,3,2239.68,0.12,true
ST06,CITY5,High Street,2025-04-24,12,false,30,6,4587.61,0.2,true
ST07,CITY0,Mall,2025-04-25,13,false,32,6,3393.77,0.1875,true
ST08,CITY1,High Street,2025-04-26,14,true,28,3,2549.05,0.1071,true
ST09,CITY2,Mall,2025-04-27,15,true,27,1,355.36,0.037,true
ST10,CITY3,High Street,2025-04-28,16,false,18,2,827.17,0.1111,true
ST11,CITY4,Mall,2025-04-29,17,false,32,6,1931.24,0.1875,true
ST12,CITY5,High Street,2025-04-30,18,false,60,9,4990.5,0.15,true
ST01,CITY0,Mall,2025-04-30,20,false,54,10,6865.92,0.1852,true
ST02,CITY1,High Street,2025-05-01,21,false,30,7,3352.76,0.2333,true
ST03,CITY2,Mall,2025-05-02,10,false,34,9,3664.77,0.2647,true
ST04,CITY3,High Street,2025-05-03,11,true,37,9,4520.43,0.2432,true
ST05,CITY4,Mall,2025-04-23,12,false,27,3,578.95,0.1111,true
ST06,CITY5,High Street,2025-04-24,13,false,22,5,2975.25,0.2273,true
ST07,CITY0,Mall,2025-04-25,14,false,16,1,342.28,0.0625,true
ST08,CITY1,High Street,2025-04-26,15,true,28,3,848.13,0.1071,true
ST09,CITY2,Mall,2025-04-27,16,true,27,1,584.29,0.037,true
ST10,CITY3,High Street,2025-04-28,17,false,27,7,2523.91,0.2593,true
ST11,CITY4,Mall,2025-04-29,18,false,50,9,3806.32,0.18,true
ST12,CITY5,High Street,2025-04-30,19,false,68,10,6872.45,0.1471,true
ST01,CITY0,Mall,2025-04-30,21,false,22,4,2550.39,0.1818,true
ST02,CITY1,High Street,2025-05-01,10,false,25,6,3445.27,0.24,true
ST03,CITY2,Mall,2025-05-02,11,false,32,9,4725.14,0.2813,true
ST04,CITY3,High Street,2025-05-03,12,true,39,9,3238.08,0.2308,true
ST05,CITY4,Mall,2025-04-23,13,false,32,4,1010.21,0.125,true
ST06,CITY5,High Street,2025-04-24,14,false,17,2,400.8,0.1176,true
ST07,CITY0,Mall,2025-04-25,15,false,19,1,330.46,0.0526,true
ST08,CITY1,High Street,2025-04-26,16,true,21,2,1827.71,0.0952,true
ST09,CITY2,Mall,2025-04-27,17,true,38,3,1534.68,0.0789,true
ST10,CITY3,High Street,2025-04-28,18,false,45,11,5350.29,0.2444,true
ST11,CITY4,Mall,2025-04-29,19,false,40,7,4084.43,0.175,true
ST12,CITY5,High Street,2025-04-30,20,false,57,9,3375.78,0.1579,true
ST01,CITY0,Mall,2025-05-01,10,false,27,5,2807.45,0.1852,true
ST02,CITY1,High Street,2025-05-02,11,false,26,6,3209.74,0.2308,true
ST03,CITY2,Mall,2025-05-03,12,true,51,12,5189.26,0.2353,true
ST04,CITY3,High Street,2025-04-23,13,false,28,8,5529.28,0.2857,true
ST05,CITY4,Mall,2025-04-24,14,false,19,1,401.6,0.0526,true
ST06,CITY5,High Street,2025-04-25,15,false,20,2,1574.69,0.1,true
ST07,CITY0,Mall,2025-04-26,16,true,37,2,1282.54,0.0541,true
ST08,CITY1,High Street,2025-04-27,17,true,54,12,6444.11,0.2222,true
ST09,CITY2,Mall,2025-04-28,18,false,42,4,2210.59,0.0952,true
ST10,CITY3,High Street,2025-04-29,19,false,41,10,5813.91,0.2439,true
ST11,CITY4,Mall,2025-04-30,20,false,70,12,6162.37,0.1714,true
ST12,CITY5,High Street,2025-05-01,21,false,22,3,1383.41,0.1364,true
ST01,CITY0,Mall,2025-05-01,11,false,38,7,3554.59,0.1842,true
ST02,CITY1,High Street,2025-05-02,12,false,30,7,3981.66,0.2333,true
ST03,CITY2,Mall,2025-05-03,13,true,36,8,3583.68,0.2222,true
ST04,CITY3,High Street,2025-04-23,14,false,14,2,893.07,0.1429,true
ST05,CITY4,Mall,2025-04-24,15,false,22,1,469.06,0.0455,true
ST06,CITY5,High Street,2025-04-25,16,false,18,2,1843.46,0.1111,true
ST07,CITY0,Mall,2025-04-26,17,true,35,5,2539.84,0.1429,true
ST08,CITY1,High Street,2025-04-27,18,true,87,19,11324.33,0.2184,true
ST09,CITY2,Mall,2025-04-28,19,false,55,5,3175.35,0.0909,true
ST10,CITY3,High Street,2025-04-29,20,false,64,16,7763.22,0.25,true
ST11,CITY4,Mall,2025-04-30,21,false,27,5,1560.87,0.1852,true
ST12,CITY5,High Street,2025-05-01,10,false,24,4,1490.73,0.1667,true
ST01,CITY0,Mall,2025-05-01,12,false,22,4,2814.27,0.1818,true
ST02,CITY1,High Street,2025-05-02,13,false,24,6,3005.86,0.25,true
ST03,CITY2,Mall,2025-05-03,14,true,30,3,972.81,0.1,true
ST04,CITY3,High Street,2025-04-23,15,false,16,2,1626.38,0.125,true
ST05,CITY4,Mall,2025-04-24,16,false,22,1,265.91,0.0455,true
ST06,CITY5,High Street,2025-04-25,17,false,22,5,2280.05,0.2273,true
ST07,CITY0,Mall,2025-04-26,18,true,63,9,3505.28,0.1429,true
ST08,CITY1,High Street,2025-04-27,19,true,106,23,10804.48,0.217,true
ST09,CITY2,Mall,2025-04-28,20,false,65,6,2175.65,0.0923,true
ST10,CITY3,High Street,2025-04-29,21,false,36,9,5338.07,0.25,true
ST11,CITY4,Mall,2025-04-30,10,false,29,5,2303.76,0.1724,true
ST12,CITY5,High Street,2025-05-01,11,false,38,6,3806.95,0.1579,true
ST01,CITY0,Mall,2025-05-01,13,false,22,4,1800.13,0.1818,true
ST02,CITY1,High Street,2025-05-02,14,false,13,1,275.94,0.0769,true
ST03,CITY2,Mall,2025-05-03,15,true,37,4,4210.87,0.1081,true
ST04,CITY3,High Street,2025-04-23,16,false,,2,764.07,,false
ST05,CITY4,Mall,2025-04-24,17,false,29,3,1439.1,0.1034,true
ST06,CITY5,High Street,2025-04-25,18,false,47,10,5230.39,0.2128,true
ST07,CITY0,Mall,2025-04-26,19,true,91,13,7885.59,0.1429,true
ST08,CITY1,High Street,2025-04-27,20,true,68,15,8137.41,0.2206,true
ST09,CITY2,Mall,2025-04-28,21,false,28,3,1589.3,0.1071,true
ST10,CITY3,High Street,2025-04-29,10,false,35,9,6382.14,0.2571,true
ST11,CITY4,Mall,2025-04-30,11,false,33,6,2123.08,0.1818,true
ST12,CITY5,High Street,2025-05-01,12,false,33,5,3418.47,0.1515,true
ST01,CITY0,Mall,2025-05-01,14,false,13,1,526.28,0.0769,true
ST02,CITY1,High Street,2025-05-02,15,false,19,2,876.06,0.1053,true
ST03,CITY2,Mall,2025-05-03,16,true,25,3,761.96,0.12,true
ST04,CITY3,High Street,2025-04-23,17,false,,9,3943.23,,false
ST05,CITY4,Mall,2025-04-24,18,false,44,5,1823.11,0.1136,true
ST06,CITY5,High Street,2025-04-25,19,false,45,9,5831.93,0.2,true
ST07,CITY0,Mall,2025-04-26,20,true,98,14,10804.65,0.1429,true
ST08,CITY1,High Street,2025-04-27,21,true,48,10,4939.76,0.2083,true
ST09,CITY2,Mall,2025-04-28,10,false,,3,808.57,,false
ST10,CITY3,High Street,2025-04-29,11,false,33,8,2847.78,0.2424,true
ST11,CITY4,Mall,2025-04-30,12,false,22,4,1110.75,0.1818,true
ST12,CITY5,High Street,2025-05-01,13,false,36,6,3464.71,0.1667,true
ST01,CITY0,Mall,2025-05-01,15,false,21,2,502.69,0.0952,true
ST02,CITY1,High Street,2025-05-02,16,false,,2,288.78,,false
ST03,CITY2,Mall,2025-05-03,17,true,62,14,6265.74,0.2258,true
ST04,CITY3,High Street,2025-04-23,18,false,54,15,6460.07,0.2778,true
ST05,CITY4,Mall,2025-04-24,19,false,42,5,2270.61,0.119,true
ST06,CITY5,High Street,2025-04-25,20,false,51,11,4569.65,0.2157,true
ST07,CITY0,Mall,2025-04-26,21,true,53,8,6270.34,0.1509,true
ST08,CITY1,High Street,2025-04-27,10,true,50,11,5966.11,0.22,true
ST09,CITY2,Mall,2025-04-28,11,false,,3,1197.58,,false
ST10,CITY3,High Street,2025-04-29,12,false,34,8,6501.01,0.2353,true
ST11,CITY4,Mall,2025-04-30,13,false,33,6,2638.5,0.1818,true
ST12,CITY5,High Street,2025-05-01,14,false,17,1,464.82,0.0588,true
ST01,CITY0,Mall,2025-05-01,16,false,17,1,256.37,0.0588,true
ST02,CITY1,High Street,2025-05-02,17,false,,6,2848.44,,false
ST03,CITY2,Mall,2025-05-03,18,true,91,21,10933.25,0.2308,true
ST04,CITY3,High Street,2025-04-23,19,false,49,13,9753.55,0.2653,true
ST05,CITY4,Mall,2025-04-24,20,false,52,6,3426.01,0.1154,true
ST06,CITY5,High Street,2025-04-25,21,false,31,6,4870.32,0.1935,true
ST07,CITY0,Mall,2025-04-26,10,true,36,5,3394.82,0.1389,true
ST08,CITY1,High Street,2025-04-27,11,true,52,11,6161.29,0.2115,true
ST09,CITY2,Mall,2025-04-28,12,false,27,2,613.86,0.0741,true
ST10,CITY3,High Street,2025-04-29,13,false,23,6,2719.17,0.2609,true
ST11,CITY4,Mall,2025-04-30,14,false,13,1,120.63,0.0769,true
ST12,CITY5,High Street,2025-05-01,15,false,20,1,583.31,0.05,true
ST01,CITY0,Mall,2025-05-01,17,false,30,5,1291.55,0.1667,true
ST02,CITY1,High Street,2025-05-02,18,false,63,16,8647.61,0.254,true
ST03,CITY2,Mall,2025-05-03,19,true,89,21,9250.38,0.236,true
ST04,CITY3,High Street,2025-04-23,20,false,41,11,4307.03,0.2683,true
ST05,CITY4,Mall,2025-04-24,21,false,37,4,3134.74,0.1081,true
ST06,CITY5,High Street,2025-04-25,10,false,27,6,2761.2,0.2222,true
ST07,CITY0,Mall,2025-04-26,11,true,56,8,2286.34,0.1429,true
ST08,CITY1,High Street,2025-04-27,12,true,47,10,4648.61,0.2128,true
ST09,CITY2,Mall,2025-04-28,13,false,38,3,1348.76,0.0789,true
ST10,CITY3,High Street,2025-04-29,14,false,22,2,877.0,0.0909,true
ST11,CITY4,Mall,2025-04-30,15,false,22,2,1137.02,0.0909,true
ST12,CITY5,High Street,2025-05-01,16,false,15,1,355.61,0.0667,true
ST01,CITY0,Mall,2025-05-01,18,false,55,10,4765.25,0.1818,true
ST02,CITY1,High Street,2025-05-02,19,false,47,12,4536.81,0.2553,true
ST03,CITY2,Mall,2025-05-03,20,true,95,22,11635.53,0.2316,true
ST04,CITY3,High Street,2025-04-23,21,false,22,6,1941.77,0.2727,true
ST05,CITY4,Mall,2025-04-24,10,false,33,4,2052.62,0.1212,true
ST06,CITY5,High Street,2025-04-25,11,false,30,6,2757.03,0.2,true
ST07,CITY0,Mall,2025-04-26,12,true,43,6,4039.87,0.1395,true
ST08,CITY1,High Street,2025-04-27,13,true,52,11,9208.37,0.2115,true
ST09,CITY2,Mall,2025-04-28,14,false,21,1,498.52,0.0476,true
ST10,CITY3,High Street,2025-04-29,15,false,14,2,716.78,0.1429,true
ST11,CITY4,Mall,2025-04-30,16,false,23,2,1076.74,0.087,true
ST12,CITY5,High Street,2025-05-01,17,false,36,6,4703.41,0.1667,true
ST01,CITY0,Mall,2025-05-01,19,false,68,12,6859.35,0.1765,true
ST02,CITY1,High Street,2025-05-02,20,false,58,14,7808.35,0.2414,true
ST03,CITY2,Mall,2025-05-03,21,true,41,9,3686.1,0.2195,true
ST04,CITY3,High Street,2025-04-23,10,false,30,8,4352.83,0.2667,true
ST05,CITY4,Mall,2025-04-24,11,false,28,3,2062.84,0.1071,true
ST06,CITY5,High Street,2025-04-25,12,false,33,7,4506.85,0.2121,true
ST07,CITY0,Mall,2025-04-26,13,true,39,6,1457.28,0.1538,true
ST08,CITY1,High Street,2025-04-27,14,true,23,2,499.09,0.087,true
ST09,CITY2,Mall,2025-04-28,15,false,14,1,316.43,0.0714,true
ST10,CITY3,High Street,2025-04-29,16,false,14,2,1067.28,0.1429,true
ST11,CITY4,Mall,2025-04-30,17,false,26,5,2411.96,0.1923,true
ST12,CITY5,High Street,2025-05-01,18,false,45,7,4266.68,0.1556,true
ST01,CITY0,Mall,2025-05-01,20,false,55,10,5095.14,0.1818,true
ST02,CITY1,High Street,2025-05-02,21,false,25,6,3072.42,0.24,true
ST03,CITY2,Mall,2025-05-03,10,true,50,12,5653.57,0.24,true
ST04,CITY3,High Street,2025-04-23,11,false,37,10,4621.68,0.2703,true
ST05,CITY4,Mall,2025-04-24,12,false,25,3,973.73,0.12,true
ST06,CITY5,High Street,2025-04-25,13,false,26,5,2948.02,0.1923,true
ST07,CITY0,Mall,2025-04-26,14,true,29,2,597.42,0.069,true
ST08,CITY1,High Street,2025-04-27,15,true,33,3,1309.0,0.0909,true
ST09,CITY2,Mall,2025-04-28,16,false,23,1,250.16,0.0435,true
ST10,CITY3,High Street,2025-04-29,17,false,27,7,2165.99,0.2593,true
ST11,CITY4,Mall,2025-04-30,18,false,39,7,6586.67,0.1795,true
ST12,CITY5,High Street,2025-05-01,19,false,64,10,6755.59,0.1563,true
ST01,CITY0,Mall,2025-05-01,21,false,31,5,2844.92,0.1613,true
ST02,CITY1,High Street,2025-05-02,10,false,39,10,2839.15,0.2564,true
ST03,CITY2,Mall,2025-05-03,11,true,48,11,6063.95,0.2292,true
ST04,CITY3,High Street,2025-04-23,12,false,31,9,5919.07,0.2903,true
ST05,CITY4,Mall,2025-04-24,13,false,22,2,2606.51,0.0909,true
ST06,CITY5,High Street,2025-04-25,14,false,21,2,904.32,0.0952,true
ST07,CITY0,Mall,2025-04-26,15,true,30,2,985.67,0.0667,true
ST08,CITY1,High Street,2025-04-27,16,true,30,3,1749.01,0.1,true
ST09,CITY2,Mall,2025-04-28,17,false,31,3,671.73,0.0968,true
ST10,CITY3,High Street,2025-04-29,18,false,69,17,9276.94,0.2464,true
ST11,CITY4,Mall,2025-04-30,19,false,42,7,3258.16,0.1667,true
ST12,CITY5,High Street,2025-05-01,20,false,63,10,5504.47,0.1587,true
ST01,CITY0,Mall,2025-05-02,10,false,34,6,2475.48,0.1765,true
ST02,CITY1,High Street,2025-05-03,11,true,58,12,8713.79,0.2069,true
ST03,CITY2,Mall,2025-04-23,12,false,23,6,2570.92,0.2609,true
ST04,CITY3,High Street,2025-04-24,13,false,28,8,3204.76,0.2857,true
ST05,CITY4,Mall,2025-04-25,14,false,13,1,236.95,0.0769,true
ST06,CITY5,High Street,2025-04-26,15,true,24,2,616.62,0.0833,true
ST07,CITY0,Mall,2025-04-27,16,true,25,2,1133.52,0.08,true
ST08,CITY1,High Street,2025-04-28,17,false,36,9,4154.56,0.25,true
ST09,CITY2,Mall,2025-04-29,18,false,66,6,3604.99,0.0909,true
ST10,CITY3,High Street,2025-04-30,19,false,66,16,9490.36,0.2424,true
ST11,CITY4,Mall,2025-05-01,20,false,70,12,5211.8,0.1714,true
ST12,CITY5,High Street,2025-05-02,21,false,27,4,1150.87,0.1481,true
ST01,CITY0,Mall,2025-05-02,11,false,35,6,2630.19,0.1714,true
ST02,CITY1,High Street,2025-05-03,12,true,46,10,3190.4,0.2174,true
ST03,CITY2,Mall,2025-04-23,13,false,33,9,5469.4,0.2727,true
ST04,CITY3,High Street,2025-04-24,14,false,22,3,887.7,0.1364,true
ST05,CITY4,Mall,2025-04-25,15,false,15,1,337.95,0.0667,true
ST06,CITY5,High Street,2025-04-26,16,true,32,3,826.78,0.0938,true
ST07,CITY0,Mall,2025-04-27,17,true,38,6,4232.99,0.1579,true
ST08,CITY1,High Street,2025-04-28,18,false,64,16,7518.33,0.25,true
ST09,CITY2,Mall,2025-04-29,19,false,65,6,1909.9,0.0923,true
ST10,CITY3,High Street,2025-04-30,20,false,52,13,5085.36,0.25,true
ST11,CITY4,Mall,2025-05-01,21,false,34,6,3137.56,0.1765,true
ST12,CITY5,High Street,2025-05-02,10,false,34,5,2402.11,0.1471,true
ST01,CITY0,Mall,2025-05-02,12,false,39,7,3371.48,0.1795,true
ST02,CITY1,High Street,2025-05-03,13,true,56,12,8400.48,0.2143,true
ST03,CITY2,Mall,2025-04-23,14,false,15,2,1418.47,0.1333,true
ST04,CITY3,High Street,2025-04-24,15,false,23,3,1342.68,0.1304,true
ST05,CITY4,Mall,2025-04-25,16,false,20,1,459.38,0.05,true
ST06,CITY5,High Street,2025-04-26,17,true,41,7,3049.49,0.1707,true
ST07,CITY0,Mall,2025-04-27,18,true,63,9,7610.84,0.1429,true
ST08,CITY1,High Street,2025-04-28,19,false,54,14,7044.17,0.2593,true
ST09,CITY2,Mall,2025-04-29,20,false,53,5,1840.83,0.0943,true
ST10,CITY3,High Street,2025-04-30,21,false,36,9,3428.56,0.25,true
ST11,CITY4,Mall,2025-05-01,10,false,27,5,1001.36,0.1852,true
ST12,CITY5,High Street,2025-05-02,11,false,34,5,1506.43,0.1471,true
ST01,CITY0,Mall,2025-05-02,13,false,22,4,1890.82,0.1818,true
ST02,CITY1,High Street,2025-05-03,14,true,22,2,1548.39,0.0909,true
ST03,CITY2,Mall,2025-04-23,15,false,19,2,968.17,0.1053,true
ST04,CITY3,High Street,2025-04-24,16,false,18,2,1102.78,0.1111,true
ST05,CITY4,Mall,2025-04-25,17,false,30,3,1722.27,0.1,true
ST06,CITY5,High Street,2025-04-26,18,true,100,18,8216.46,0.18,true
ST07,CITY0,Mall,2025-04-27,19,true,93,14,5519.5,0.1505,true
ST08,CITY1,High Street,2025-04-28,20,false,65,17,9435.82,0.2615,true
ST09,CITY2,Mall,2025-04-29,21,false,31,3,1005.4,0.0968,true
ST10,CITY3,High Street,2025-04-30,10,false,36,9,4544.95,0.25,true
ST11,CITY4,Mall,2025-05-01,11,false,37,7,3490.82,0.1892,true
ST12,CITY5,High Street,2025-05-02,12,false,33,5,3265.53,0.1515,true
ST01,CITY0,Mall,2025-05-02,14,false,21,2,3801.94,0.0952,true
ST02,CITY1,High Street,2025-05-03,15,true,33,3,756.86,0.0909,true
ST03,CITY2,Mall,2025-04-23,16,false,,2,916.9,,false
ST04,CITY3,High Street,2025-04-24,17,false,38,10,5157.66,0.2632,true
ST05,CITY4,Mall,2025-04-25,18,false,69,8,3488.2,0.1159,true
ST06,CITY5,High Street,2025-04-26,19,true,90,16,6963.5,0.1778,true
ST07,CITY0,Mall,2025-04-27,20,true,103,15,8059.32,0.1456,true
ST08,CITY1,High Street,2025-04-28,21,false,30,8,3880.87,0.2667,true
ST09,CITY2,Mall,2025-04-29,10,false,39,4,1743.09,0.1026,true
ST10,CITY3,High Street,2025-04-30,11,false,36,9,3889.58,0.25,true
ST11,CITY4,Mall,2025-05-01,12,false,31,5,2887.9,0.1613,true
ST12,CITY5,High Street,2025-05-02,13,false,29,4,1352.46,0.1379,true
ST01,CITY0,Mall,2025-05-02,15,false,15,1,172.79,0.0667,true
ST02,CITY1,High Street,2025-05-03,16,true,23,2,2899.59,0.087,true
ST03,CITY2,Mall,2025-04-23,17,false,,10,5937.99,,false
ST04,CITY3,High Street,2025-04-24,18,false,46,13,4450.04,0.2826,true
ST05,CITY4,Mall,2025-04-25,19,false,58,6,4006.48,0.1034,true
ST06,CITY5,High Street,2025-04-26,20,true,89,16,11107.86,0.1798,true
ST07,CITY0,Mall,2025-04-27,21,true,46,7,3031.33,0.1522,true
ST08,CITY1,High Street,2025-04-28,10,false,,7,3165.16,,false
ST09,CITY2,Mall,2025-04-29,11,false,31,3,979.41,0.0968,true
ST10,CITY3,High Street,2025-04-30,12,false,28,7,3509.84,0.25,true
ST11,CITY4,Mall,2025-05-01,13,false,37,7,4415.7,0.1892,true
ST12,CITY5,High Street,2025-05-02,14,false,14,1,631.27,0.0714,true
ST01,CITY0,Mall,2025-05-02,16,false,,1,199.53,,false
ST02,CITY1,High Street,2025-05-03,17,true,40,8,3750.77,0.2,true
ST03,CITY2,Mall,2025-04-23,18,false,61,17,7235.36,0.2787,true
ST04,CITY3,High Street,2025-04-24,19,false,70,19,11206.18,0.2714,true
ST05,CITY4,Mall,2025-04-25,20,false,50,6,3287.74,0.12,true
ST06,CITY5,High Street,2025-04-26,21,true,35,6,4752.02,0.1714,true
ST07,CITY0,Mall,2025-04-27,10,true,42,6,1921.45,0.1429,true
ST08,CITY1,High Street,2025-04-28,11,false,,10,4100.88,,false
ST09,CITY2,Mall,2025-04-29,12,false,34,3,2826.76,0.0882,true
ST10,CITY3,High Street,2025-04-30,13,false,35,9,5944.52,0.2571,true
ST11,CITY4,Mall,2025-05-01,14,false,19,2,1815.33,0.1053,true
ST12,CITY5,High Street,2025-05-02,15,false,23,2,1031.6,0.087,true
ST01,CITY0,Mall,2025-05-02,17,false,,4,1047.56,,false
ST02,CITY1,High Street,2025-05-03,18,true,74,16,7477.65,0.2162,true
ST03,CITY2,Mall,2025-04-23,19,false,63,17,8374.41,0.2698,true
ST04,CITY3,High Street,2025-04-24,20,false,53,15,7930.19,0.283,true
ST05,CITY4,Mall,2025-04-25,21,false,30,3,1261.8,0.1,true
ST06,CITY5,High Street,2025-04-26,10,true,38,7,2579.93,0.1842,true
ST07,CITY0,Mall,2025-04-27,11,true,34,5,2001.56,0.1471,true
ST08,CITY1,High Street,2025-04-28,12,false,33,8,4886.41,0.2424,true
ST09,CITY2,Mall,2025-04-29,13,false,35,3,1977.99,0.0857,true
ST10,CITY3,High Street,2025-04-30,14,false,15,2,455.4,0.1333,true
ST11,CITY4,Mall,2025-05-01,15,false,18,1,240.8,0.0556,true
ST12,CITY5,High Street,2025-05-02,16,false,,1,403.98,,false
ST01,CITY0,Mall,2025-05-02,18,false,56,10,5080.28,0.1786,true
ST02,CITY1,High Street,2025-05-03,19,true,106,22,13816.64,0.2075,true
ST03,CITY2,Mall,2025-04-23,20,false,49,13,8326.74,0.2653,true
ST04,CITY3,High Street,2025-04-24,21,false,27,7,3294.63,0.2593,true
ST05,CITY4,Mall,2025-04-25,10,false,24,3,978.51,0.125,true
ST06,CITY5,High Street,2025-04-26,11,true,40,7,4018.54,0.175,true
ST07,CITY0,Mall,2025-04-27,12,true,46,7,4083.66,0.1522,true
ST08,CITY1,High Street,2025-04-28,13,false,34,9,5420.83,0.2647,true
ST09,CITY2,Mall,2025-04-29,14,false,14,1,789.88,0.0714,true
ST10,CITY3,High Street,2025-04-30,15,false,19,2,2160.51,0.1053,true
ST11,CITY4,Mall,2025-05-01,16,false,21,2,1110.03,0.0952,true
ST12,CITY5,High Street,2025-05-02,17,false,,5,4149.97,,false
ST01,CITY0,Mall,2025-05-02,19,false,64,11,4710.37,0.1719,true
ST02,CITY1,High Street,2025-05-03,20,true,102,22,12973.29,0.2157,true
ST03,CITY2,Mall,2025-04-23,21,false,39,11,7721.2,0.2821,true
ST04,CITY3,High Street,2025-04-24,10,false,38,10,5747.42,0.2632,true
ST05,CITY4,Mall,2025-04-25,11,false,27,3,1211.5,0.1111,true
ST06,CITY5,High Street,2025-04-26,12,true,35,6,3771.85,0.1714,true
ST07,CITY0,Mall,2025-04-27,13,true,39,6,2850.22,0.1538,true
ST08,CITY1,High Street,2025-04-28,14,false,15,2,1740.44,0.1333,true
ST09,CITY2,Mall,2025-04-29,15,false,22,1,482.86,0.0455,true
ST10,CITY3,High Street,2025-04-30,16,false,16,2,1202.17,0.125,true
ST11,CITY4,Mall,2025-05-01,17,false,28,5,2468.71,0.1786,true
ST12,CITY5,High Street,2025-05-02,18,false,67,10,4554.47,0.1493,true
ST01,CITY0,Mall,2025-05-02,20,false,40,7,4309.16,0.175,true
ST02,CITY1,High Street,2025-05-03,21,true,62,13,4084.44,0.2097,true
ST03,CITY2,Mall,2025-04-23,10,false,37,10,4926.63,0.2703,true
ST04,CITY3,High Street,2025-04-24,11,false,26,7,3201.41,0.2692,true
ST05,CITY4,Mall,2025-04-25,12,false,29,3,810.96,0.1034,true
ST06,CITY5,High Street,2025-04-26,13,true,48,8,4088.03,0.1667,true
ST07,CITY0,Mall,2025-04-27,14,true,25,2,1205.31,0.08,true
ST08,CITY1,High Street,2025-04-28,15,false,21,2,1244.97,0.0952,true
ST09,CITY2,Mall,2025-04-29,16,false,22,1,1783.52,0.0455,true
ST10,CITY3,High Street,2025-04-30,17,false,38,9,4413.06,0.2368,true
ST11,CITY4,Mall,2025-05-01,18,false,60,11,4823.42,0.1833,true
ST12,CITY5,High Street,2025-05-02,19,false,68,10,4115.0,0.1471,true
ST01,CITY0,Mall,2025-05-02,21,false,36,6,3087.78,0.1667,true
ST02,CITY1,High Street,2025-05-03,10,true,37,8,2908.77,0.2162,true
ST03,CITY2,Mall,2025-04-23,11,false,37,10,4282.34,0.2703,true
ST04,CITY3,High Street,2025-04-24,12,false,27,7,3482.3,0.2593,true
ST05,CITY4,Mall,2025-04-25,13,false,31,3,1237.82,0.0968,true
ST06,CITY5,High Street,2025-04-26,14,true,20,2,313.03,0.1,true
ST07,CITY0,Mall,2025-04-27,15,true,30,2,1194.52,0.0667,true
ST08,CITY1,High Street,2025-04-28,16,false,18,2,862.66,0.1111,true
ST09,CITY2,Mall,2025-04-29,17,false,25,2,1202.42,0.08,true
ST10,CITY3,High Street,2025-04-30,18,false,45,11,6338.34,0.2444,true
ST11,CITY4,Mall,2025-05-01,19,false,47,8,5649.45,0.1702,true
ST12,CITY5,High Street,2025-05-02,20,false,63,10,5167.08,0.1587,true
ST01,CITY0,Mall,2025-05-03,10,true,42,6,3021.72,0.1429,true
ST02,CITY1,High Street,2025-04-23,11,false,22,5,1707.54,0.2273,true
ST03,CITY2,Mall,2025-04-24,12,false,31,8,3261.35,0.2581,true
ST04,CITY3,High Street,2025-04-25,13,false,35,10,3963.42,0.2857,true
ST05,CITY4,Mall,2025-04-26,14,true,29,1,1075.53,0.0345,true
ST06,CITY5,High Street,2025-04-27,15,true,32,3,2274.12,0.0938,true
ST07,CITY0,Mall,2025-04-28,16,false,15,1,389.07,0.0667,true
ST08,CITY1,High Street,2025-04-29,17,false,26,7,3428.95,0.2692,true
ST09,CITY2,Mall,2025-04-30,18,false,59,5,2671.06,0.0847,true
ST10,CITY3,High Street,2025-05-01,19,false,40,10,5336.87,0.25,true
ST11,CITY4,Mall,2025-05-02,20,false,68,12,6199.23,0.1765,true
ST12,CITY5,High Street,2025-05-03,21,true,50,7,4550.44,0.14,true
ST01,CITY0,Mall,2025-05-03,11,true,52,8,3029.65,0.1538,true
ST02,CITY1,High Street,2025-04-23,12,false,28,7,3851.07,0.25,true
ST03,CITY2,Mall,2025-04-24,13,false,22,6,2416.61,0.2727,true
ST04,CITY3,High Street,2025-04-25,14,false,17,2,1410.43,0.1176,true
ST05,CITY4,Mall,2025-04-26,15,true,29,1,616.33,0.0345,true
ST06,CITY5,High Street,2025-04-27,16,true,21,2,524.15,0.0952,true
ST07,CITY0,Mall,2025-04-28,17,false,31,5,1647.36,0.1613,true
ST08,CITY1,High Street,2025-04-29,18,false,60,15,7407.54,0.25,true
ST09,CITY2,Mall,2025-04-30,19,false,42,4,2227.87,0.0952,true
ST10,CITY3,High Street,2025-05-01,20,false,60,15,5065.85,0.25,true
ST11,CITY4,Mall,2025-05-02,21,false,37,7,4436.78,0.1892,true
ST12,CITY5,High Street,2025-05-03,10,true,38,5,2115.59,0.1316,true
ST01,CITY0,Mall,2025-05-03,12,true,58,9,3532.69,0.1552,true
ST02,CITY1,High Street,2025-04-23,13,false,33,8,2994.89,0.2424,true
ST03,CITY2,Mall,2025-04-24,14,false,20,2,810.08,0.1,true
ST04,CITY3,High Street,2025-04-25,15,false,14,2,2695.8,0.1429,true
ST05,CITY4,Mall,2025-04-26,16,true,26,1,217.38,0.0385,true
ST06,CITY5,High Street,2025-04-27,17,true,58,10,6697.18,0.1724,true
ST07,CITY0,Mall,2025-04-28,18,false,47,8,4909.71,0.1702,true
ST08,CITY1,High Street,2025-04-29,19,false,45,11,5741.69,0.2444,true
ST09,CITY2,Mall,2025-04-30,20,false,69,6,2948.09,0.087,true
ST10,CITY3,High Street,2025-05-01,21,false,23,6,2566.89,0.2609,true
ST11,CITY4,Mall,2025-05-02,10,false,33,6,2700.52,0.1818,true
ST12,CITY5,High Street,2025-05-03,11,true,38,5,2297.96,0.1316,true
ST01,CITY0,Mall,2025-05-03,13,true,56,8,4980.83,0.1429,true
ST02,CITY1,High Street,2025-04-23,14,false,22,2,1298.42,0.0909,true
ST03,CITY2,Mall,2025-04-24,15,false,22,3,975.05,0.1364,true
ST04,CITY3,High Street,2025-04-25,16,false,19,2,669.2,0.1053,true
ST05,CITY4,Mall,2025-04-26,17,true,48,5,2689.86,0.1042,true
ST06,CITY5,High Street,2025-04-27,18,true,77,14,6005.1,0.1818,true
ST07,CITY0,Mall,2025-04-28,19,false,58,10,4361.26,0.1724,true
ST08,CITY1,High Street,2025-04-29,20,false,63,16,8923.21,0.254,true
ST09,CITY2,Mall,2025-04-30,21,false,27,2,1004.96,0.0741,true
ST10,CITY3,High Street,2025-05-01,10,false,32,8,1987.89,0.25,true
ST11,CITY4,Mall,2025-05-02,11,false,37,7,2642.41,0.1892,true
ST12,CITY5,High Street,2025-05-03,12,true,42,5,2086.41,0.119,true
ST01,CITY0,Mall,2025-05-03,14,true,27,2,1277.51,0.0741,true
ST02,CITY1,High Street,2025-04-23,15,false,14,2,1097.38,0.1429,true
ST03,CITY2,Mall,2025-04-24,16,false,17,2,1085.17,0.1176,true
ST04,CITY3,High Street,2025-04-25,17,false,32,9,4795.76,0.2813,true
ST05,CITY4,Mall,2025-04-26,18,true,78,7,2795.04,0.0897,true
ST06,CITY5,High Street,2025-04-27,19,true,109,19,7265.75,0.1743,true
ST07,CITY0,Mall,2025-04-28,20,false,67,12,6392.33,0.1791,true
ST08,CITY1,High Street,2025-04-29,21,false,27,7,3578.09,0.2593,true
ST09,CITY2,Mall,2025-04-30,10,false,34,3,1484.06,0.0882,true
ST10,CITY3,High Street,2025-05-01,11,false,28,7,5337.62,0.25,true
ST11,CITY4,Mall,2025-05-02,12,false,37,7,2737.69,0.1892,true
ST12,CITY5,High Street,2025-05-03,13,true,36,5,1616.81,0.1389,true
ST01,CITY0,Mall,2025-05-03,15,true,31,2,674.63,0.0645,true
ST02,CITY1,High Street,2025-04-23,16,false,,2,856.03,,false
ST03,CITY2,Mall,2025-04-24,17,false,24,7,7240.34,0.2917,true
ST04,CITY3,High Street,2025-04-25,18,false,51,14,8388.57,0.2745,true
ST05,CITY4,Mall,2025-04-26,19,true,71,7,3199.63,0.0986,true
ST06,CITY5,High Street,2025-04-27,20,true,67,12,5658.62,0.1791,true
ST07,CITY0,Mall,2025-04-28,21,false,27,5,2151.73,0.1852,true
ST08,CITY1,High Street,2025-04-29,10,false,26,7,4292.91,0.2692,true
ST09,CITY2,Mall,2025-04-30,11,false,39,4,940.45,0.1026,true
ST10,CITY3,High Street,2025-05-01,12,false,23,6,4127.43,0.2609,true
ST11,CITY4,Mall,2025-05-02,13,false,32,6,3150.09,0.1875,true
ST12,CITY5,High Street,2025-05-03,14,true,20,1,177.81,0.05,true
ST01,CITY0,Mall,2025-05-03,16,true,37,3,2081.35,0.0811,true
ST02,CITY1,High Street,2025-04-23,17,false,,6,2840.87,,false
ST03,CITY2,Mall,2025-04-24,18,false,59,16,5804.89,0.2712,true
ST04,CITY3,High Street,2025-04-25,19,false,52,14,7168.68,0.2692,true
ST05,CITY4,Mall,2025-04-26,20,true,97,9,4914.48,0.0928,true
ST06,CITY5,High Street,2025-04-27,21,true,59,10,4047.51,0.1695,true
ST07,CITY0,Mall,2025-04-28,10,false,,5,1136.04,,false
ST08,CITY1,High Street,2025-04-29,11,false,39,10,4301.04,0.2564,true
ST09,CITY2,Mall,2025-04-30,12,false,32,3,1252.89,0.0938,true
ST10,CITY3,High Street,2025-05-01,13,false,23,6,5295.26,0.2609,true
ST11,CITY4,Mall,2025-05-02,14,false,21,2,485.59,0.0952,true
ST12,CITY5,High Street,2025-05-03,15,true,22,1,373.83,0.0455,true
ST01,CITY0,Mall,2025-05-03,17,true,62,9,5383.92,0.1452,true
ST02,CITY1,High Street,2025-04-23,18,false,64,16,12303.82,0.25,true
ST03,CITY2,Mall,2025-04-24,19,false,59,16,8994.02,0.2712,true
ST04,CITY3,High Street,2025-04-25,20,false,52,14,6133.62,0.2692,true
ST05,CITY4,Mall,2025-04-26,21,true,52,5,2994.65,0.0962,true
ST06,CITY5,High Street,2025-04-27,10,true,40,7,3815.96,0.175,true
ST07,CITY0,Mall,2025-04-28,11,false,,7,2617.8,,false
ST08,CITY1,High Street,2025-04-29,12,false,30,8,4939.99,0.2667,true
ST09,CITY2,Mall,2025-04-30,13,false,37,3,1170.83,0.0811,true
ST10,CITY3,High Street,2025-05-01,14,false,17,2,979.93,0.1176,true
ST11,CITY4,Mall,2025-05-02,15,false,23,2,1085.02,0.087,true
ST12,CITY5,High Street,2025-05-03,16,true,26,2,812.43,0.0769,true
ST01,CITY0,Mall,2025-05-03,18,true,89,13,6087.21,0.1461,true
ST02,CITY1,High Street,2025-04-23,19,false,61,15,6004.1,0.2459,true
ST03,CITY2,Mall,2025-04-24,20,false,58,16,7287.3,0.2759,true
ST04,CITY3,High Street,2025-04-25,21,false,39,11,3702.97,0.2821,true
ST05,CITY4,Mall,2025-04-26,10,true,56,5,1443.74,0.0893,true
ST06,CITY5,High Street,2025-04-27,11,true,60,11,11556.86,0.1833,true
ST07,CITY0,Mall,2025-04-28,12,false,23,4,1900.49,0.1739,true
ST08,CITY1,High Street,2025-04-29,13,false,21,5,2664.19,0.2381,true
ST09,CITY2,Mall,2025-04-30,14,false,23,1,448.26,0.0435,true
ST10,CITY3,High Street,2025-05-01,15,false,18,2,943.1,0.1111,true
ST11,CITY4,Mall,2025-05-02,16,false,,2,1528.71,,false
ST12,CITY5,High Street,2025-05-03,17,true,56,7,3251.79,0.125,true
ST01,CITY0,Mall,2025-05-03,19,true,88,13,6489.4,0.1477,true
ST02,CITY1,High Street,2025-04-23,20,false,53,13,4569.69,0.2453,true
ST03,CITY2,Mall,2025-04-24,21,false,36,10,4124.77,0.2778,true
ST04,CITY3,High Street,2025-04-25,10,false,33,9,2958.57,0.2727,true
ST05,CITY4,Mall,2025-04-26,11,true,39,4,1774.46,0.1026,true
ST06,CITY5,High Street,2025-04-27,12,true,58,10,5345.65,0.1724,true
ST07,CITY0,Mall,2025-04-28,13,false,30,5,1700.96,0.1667,true
ST08,CITY1,High Street,2025-04-29,14,false,16,2,753.47,0.125,true
ST09,CITY2,Mall,2025-04-30,15,false,20,1,450.94,0.05,true
ST10,CITY3,High Street,2025-05-01,16,false,19,2,393.83,0.1053,true
ST11,CITY4,Mall,2025-05-02,17,false,,5,2757.54,,false
ST12,CITY5,High Street,2025-05-03,18,true,99,13,6909.55,0.1313,true
ST01,CITY0,Mall,2025-05-03,20,true,65,10,7279.3,0.1538,true
ST02,CITY1,High Street,2025-04-23,21,false,35,9,4902.24,0.2571,true
ST03,CITY2,Mall,2025-04-24,10,false,32,9,4813.23,0.2813,true
ST04,CITY3,High Street,2025-04-25,11,false,38,10,5883.28,0.2632,true
ST05,CITY4,Mall,2025-04-26,12,true,61,6,2966.22,0.0984,true
ST06,CITY5,High Street,2025-04-27,13,true,56,10,5145.39,0.1786,true
ST07,CITY0,Mall,2025-04-28,14,false,23,2,1190.0,0.087,true
ST08,CITY1,High Street,2025-04-29,15,false,18,2,871.71,0.1111,true
ST09,CITY2,Mall,2025-04-30,16,false,18,1,1030.86,0.0556,true
ST10,CITY3,High Street,2025-05-01,17,false,37,9,4708.68,0.2432,true
ST11,CITY4,Mall,2025-05-02,18,false,53,9,3427.49,0.1698,true
ST12,CITY5,High Street,2025-05-03,19,true,106,14,10545.44,0.1321,true
ST01,CITY0,Mall,2025-05-03,21,true,40,6,3051.69,0.15,true
ST02,CITY1,High Street,2025-04-23,10,false,33,8,5642.31,0.2424,true
ST03,CITY2,Mall,2025-04-24,11,false,28,8,3760.11,0.2857,true
ST04,CITY3,High Street,2025-04-25,12,false,24,7,3047.45,0.2917,true
ST05,CITY4,Mall,2025-04-26,13,true,55,5,2153.2,0.0909,true
ST06,CITY5,High Street,2025-04-27,14,true,27,2,846.45,0.0741,true
ST07,CITY0,Mall,2025-04-28,15,false,14,1,509.92,0.0714,true
ST08,CITY1,High Street,2025-04-29,16,false,18,2,551.66,0.1111,true
ST09,CITY2,Mall,2025-04-30,17,false,29,3,996.17,0.1034,true
ST10,CITY3,High Street,2025-05-01,18,false,62,15,9707.53,0.2419,true
ST11,CITY4,Mall,2025-05-02,19,false,52,9,4089.11,0.1731,true
ST12,CITY5,High Street,2025-05-03,20,true,97,13,6274.45,0.134,true
ST01,CITY0,Mall,2025-05-04,10,true,47,7,3564.78,0.1489,true
ST02,CITY1,High Street,2025-05-05,11,false,29,7,3575.06,0.2414,true
ST03,CITY2,Mall,2025-05-06,12,false,34,9,4658.06,0.2647,true
ST04,CITY3,High Street,2025-05-07,13,false,23,6,3006.9,0.2609,true
ST05,CITY4,Mall,2025-05-08,14,false,15,1,353.81,0.0667,true
ST06,CITY5,High Street,2025-05-09,15,false,22,2,1367.91,0.0909,true
ST07,CITY0,Mall,2025-05-10,16,true,20,1,344.05,0.05,true
ST08,CITY1,High Street,2025-05-11,17,true,,9,4770.15,,false
ST09,CITY2,Mall,2025-05-12,18,false,40,4,1761.83,0.1,true
ST10,CITY3,High Street,2025-05-13,19,false,61,15,7723.35,0.2459,true
ST11,CITY4,Mall,2025-05-14,20,false,44,8,2747.71,0.1818,true
ST12,CITY5,High Street,2025-05-15,21,false,36,6,3914.58,0.1667,true
ST01,CITY0,Mall,2025-05-04,11,true,35,5,1845.0,0.1429,true
ST02,CITY1,High Street,2025-05-05,12,false,22,5,4079.71,0.2273,true
ST03,CITY2,Mall,2025-05-06,13,false,23,6,3814.4,0.2609,true
ST04,CITY3,High Street,2025-05-07,14,false,23,3,1235.74,0.1304,true
ST05,CITY4,Mall,2025-05-08,15,false,15,1,250.03,0.0667,true
ST06,CITY5,High Street,2025-05-09,16,false,21,2,2739.06,0.0952,true
ST07,CITY0,Mall,2025-05-10,17,true,38,6,2789.02,0.1579,true
ST08,CITY1,High Street,2025-05-11,18,true,86,19,12849.94,0.2209,true
ST09,CITY2,Mall,2025-05-12,19,false,42,4,1055.5,0.0952,true
ST10,CITY3,High Street,2025-05-13,20,false,44,11,3467.17,0.25,true
ST11,CITY4,Mall,2025-05-14,21,false,21,4,3209.25,0.1905,true
ST12,CITY5,High Street,2025-05-15,10,false,35,5,6361.93,0.1429,true
ST01,CITY0,Mall,2025-05-04,12,true,42,6,3754.14,0.1429,true
ST02,CITY1,High Street,2025-05-05,13,false,24,6,2949.55,0.25,true
ST03,CITY2,Mall,2025-05-06,14,false,14,2,911.06,0.1429,true
ST04,CITY3,High Street,2025-05-07,15,false,20,2,622.97,0.1,true
ST05,CITY4,Mall,2025-05-08,16,false,20,1,629.82,0.05,true
ST06,CITY5,High Street,2025-05-09,17,false,36,7,4018.91,0.1944,true
ST07,CITY0,Mall,2025-05-10,18,true,87,13,6140.01,0.1494,true
ST08,CITY1,High Street,2025-05-11,19,true,77,17,8332.93,0.2208,true
ST09,CITY2,Mall,2025-05-12,20,false,51,5,1743.82,0.098,true
ST10,CITY3,High Street,2025-05-13,21,false,24,6,4100.23,0.25,true
ST11,CITY4,Mall,2025-05-14,10,false,30,5,2560.01,0.1667,true
ST12,CITY5,High Street,2025-05-15,11,false,29,4,2744.76,0.1379,true
ST01,CITY0,Mall,2025-05-04,13,true,38,6,2272.47,0.1579,true
ST02,CITY1,High Street,2025-05-05,14,false,17,2,604.08,0.1176,true
ST03,CITY2,Mall,2025-05-06,15,false,17,2,1254.39,0.1176,true
ST04,CITY3,High Street,2025-05-07,16,false,14,2,625.8,0.1429,true
ST05,CITY4,Mall,2025-05-08,17,false,28,3,2637.84,0.1071,true
ST06,CITY5,High Street,2025-05-09,18,false,58,12,5044.58,0.2069,true
ST07,CITY0,Mall,2025-05-10,19,true,86,13,7748.88,0.1512,true
ST08,CITY1,High Street,2025-05-11,20,true,98,21,12782.37,0.2143,true
ST09,CITY2,Mall,2025-05-12,21,false,38,3,1279.0,0.0789,true
ST10,CITY3,High Street,2025-05-13,10,false,36,9,3518.83,0.25,true
ST11,CITY4,Mall,2025-05-14,11,false,22,4,1792.73,0.1818,true
ST12,CITY5,High Street,2025-05-15,12,false,27,4,1964.72,0.1481,true
ST01,CITY0,Mall,2025-05-04,14,true,34,2,1234.36,0.0588,true
ST02,CITY1,High Street,2025-05-05,15,false,17,2,457.35,0.1176,true
ST03,CITY2,Mall,2025-05-06,16,false,17,2,1270.52,0.1176,true
ST04,CITY3,High Street,2025-05-07,17,false,24,7,2428.56,0.2917,true
ST05,CITY4,Mall,2025-05-08,18,false,38,4,2723.4,0.1053,true
ST06,CITY5,High Street,2025-05-09,19,false,58,12,4468.01,0.2069,true
ST07,CITY0,Mall,2025-05-10,20,true,76,11,3756.59,0.1447,true
ST08,CITY1,High Street,2025-05-11,21,true,36,8,3209.74,0.2222,true
ST09,CITY2,Mall,2025-05-12,10,false,32,3,1820.31,0.0938,true
ST10,CITY3,High Street,2025-05-13,11,false,32,8,7121.07,0.25,true
ST11,CITY4,Mall,2025-05-14,12,false,22,4,2307.06,0.1818,true
ST12,CITY5,High Street,2025-05-15,13,false,27,4,1812.93,0.1481,true
ST01,CITY0,Mall,2025-05-04,15,true,34,2,1036.36,0.0588,true
ST02,CITY1,High Street,2025-05-05,16,false,18,2,1081.45,0.1111,true
ST03,CITY2,Mall,2025-05-06,17,false,29,8,4782.53,0.2759,true
ST04,CITY3,High Street,2025-05-07,18,false,61,17,7881.78,0.2787,true
ST05,CITY4,Mall,2025-05-08,19,false,69,8,6034.03,0.1159,true
ST06,CITY5,High Street,2025-05-09,20,false,40,8,3494.53,0.2,true
ST07,CITY0,Mall,2025-05-10,21,true,39,6,3251.99,0.1538,true
ST08,CITY1,High Street,2025-05-11,10,true,58,13,4721.45,0.2241,true
ST09,CITY2,Mall,2025-05-12,11,false,34,3,915.58,0.0882,true
ST10,CITY3,High Street,2025-05-13,12,false,25,6,3708.96,0.24,true
ST11,CITY4,Mall,2025-05-14,13,false,26,5,2964.51,0.1923,true
ST12,CITY5,High Street,2025-05-15,14,false,15,1,221.58,0.0667,true
ST01,CITY0,Mall,2025-05-04,16,true,36,2,1079.48,0.0556,true
ST02,CITY1,High Street,2025-05-05,17,false,25,6,1944.93,0.24,true
ST03,CITY2,Mall,2025-05-06,18,false,68,18,8739.19,0.2647,true
ST04,CITY3,High Street,2025-05-07,19,false,43,12,5380.47,0.2791,true
ST05,CITY4,Mall,2025-05-08,20,false,53,6,7229.91,0.1132,true
ST06,CITY5,High Street,2025-05-09,21,false,37,8,4724.24,0.2162,true
ST07,CITY0,Mall,2025-05-10,10,true,46,7,3357.97,0.1522,true
ST08,CITY1,High Street,2025-05-11,11,true,49,11,5420.19,0.2245,true
ST09,CITY2,Mall,2025-05-12,12,false,38,3,2022.1,0.0789,true
ST10,CITY3,High Street,2025-05-13,13,false,39,10,7104.91,0.2564,true
ST11,CITY4,Mall,2025-05-14,14,false,22,2,647.62,0.0909,true
ST12,CITY5,High Street,2025-05-15,15,false,17,1,128.36,0.0588,true
ST01,CITY0,Mall,2025-05-04,17,true,37,6,4609.86,0.1622,true
ST02,CITY1,High Street,2025-05-05,18,false,43,11,4290.12,0.2558,true
ST03,CITY2,Mall,2025-05-06,19,false,67,18,6723.45,0.2687,true
ST04,CITY3,High Street,2025-05-07,20,false,50,14,6627.36,0.28,true
ST05,CITY4,Mall,2025-05-08,21,false,26,3,1522.9,0.1154,true
ST06,CITY5,High Street,2025-05-09,10,false,33,7,2730.63,0.2121,true
ST07,CITY0,Mall,2025-05-10,11,true,41,6,3540.35,0.1463,true
ST08,CITY1,High Street,2025-05-11,12,true,34,7,1790.3,0.2059,true
ST09,CITY2,Mall,2025-05-12,13,false,38,3,6656.12,0.0789,true
ST10,CITY3,High Street,2025-05-13,14,false,21,2,731.56,0.0952,true
ST11,CITY4,Mall,2025-05-14,15,false,15,1,572.68,0.0667,true
ST12,CITY5,High Street,2025-05-15,16,false,17,1,665.44,0.0588,true
ST01,CITY0,Mall,2025-05-04,18,true,109,16,7462.31,0.1468,true
ST02,CITY1,High Street,2025-05-05,19,false,38,9,5447.23,0.2368,true
ST03,CITY2,Mall,2025-05-06,20,false,41,11,4623.34,0.2683,true
ST04,CITY3,High Street,2025-05-07,21,false,29,8,3625.18,0.2759,true
ST05,CITY4,Mall,2025-05-08,10,false,22,2,2479.19,0.0909,true
ST06,CITY5,High Street,2025-05-09,11,false,31,6,2774.83,0.1935,true
ST07,CITY0,Mall,2025-05-10,12,true,49,7,3326.19,0.1429,true
ST08,CITY1,High Street,2025-05-11,13,true,43,9,4667.24,0.2093,true
ST09,CITY2,Mall,2025-05-12,14,false,20,1,230.64,0.05,true
ST10,CITY3,High Street,2025-05-13,15,false,20,2,589.97,0.1,true
ST11,CITY4,Mall,2025-05-14,16,false,18,1,153.09,0.0556,true
ST12,CITY5,High Street,2025-05-15,17,false,30,5,2403.2,0.1667,true
ST01,CITY0,Mall,2025-05-04,19,true,62,9,2410.11,0.1452,true
ST02,CITY1,High Street,2025-05-05,20,false,54,13,8124.83,0.2407,true
ST03,CITY2,Mall,2025-05-06,21,false,39,11,5985.06,0.2821,true
ST04,CITY3,High Street,2025-05-07,10,false,,9,8302.0,,false
ST05,CITY4,Mall,2025-05-08,11,false,37,4,2404.25,0.1081,true
ST06,CITY5,High Street,2025-05-09,12,false,36,7,4104.21,0.1944,true
ST07,CITY0,Mall,2025-05-10,13,true,42,6,3517.54,0.1429,true
ST08,CITY1,High Street,2025-05-11,14,true,28,3,876.71,0.1071,true
ST09,CITY2,Mall,2025-05-12,15,false,16,1,538.88,0.0625,true
ST10,CITY3,High Street,2025-05-13,16,false,13,1,516.05,0.0769,true
ST11,CITY4,Mall,2025-05-14,17,false,30,5,4283.38,0.1667,true
ST12,CITY5,High Street,2025-05-15,18,false,59,9,2973.42,0.1525,true
ST01,CITY0,Mall,2025-05-04,20,true,95,14,5327.54,0.1474,true
ST02,CITY1,High Street,2025-05-05,21,false,26,6,2972.0,0.2308,true
ST03,CITY2,Mall,2025-05-06,10,false,21,6,2127.11,0.2857,true
ST04,CITY3,High Street,2025-05-07,11,false,,7,2021.18,,false
ST05,CITY4,Mall,2025-05-08,12,false,36,4,1017.19,0.1111,true
ST06,CITY5,High Street,2025-05-09,13,false,31,6,3705.15,0.1935,true
ST07,CITY0,Mall,2025-05-10,14,true,26,2,914.33,0.0769,true
ST08,CITY1,High Street,2025-05-11,15,true,28,3,1205.65,0.1071,true
ST09,CITY2,Mall,2025-05-12,16,false,23,1,244.66,0.0435,true
ST10,CITY3,High Street,2025-05-13,17,false,32,8,6015.89,0.25,true
ST11,CITY4,Mall,2025-05-14,18,false,40,7,2862.25,0.175,true
ST12,CITY5,High Street,2025-05-15,19,false,68,10,5015.83,0.1471,true
ST01,CITY0,Mall,2025-05-04,21,true,39,6,3395.24,0.1538,true
ST02,CITY1,High Street,2025-05-05,10,false,37,9,4404.73,0.2432,true
ST03,CITY2,Mall,2025-05-06,11,false,37,10,4988.16,0.2703,true
ST04,CITY3,High Street,2025-05-07,12,false,,9,5325.71,,false
ST05,CITY4,Mall,2025-05-08,13,false,30,3,1844.14,0.1,true
ST06,CITY5,High Street,2025-05-09,14,false,14,1,1094.75,0.0714,true
ST07,CITY0,Mall,2025-05-10,15,true,33,2,3017.06,0.0606,true
ST08,CITY1,High Street,2025-05-11,16,true,,2,620.88,,false
ST09,CITY2,Mall,2025-05-12,17,false,31,3,1274.43,0.0968,true
ST10,CITY3,High Street,2025-05-13,18,false,46,11,4080.41,0.2391,true
ST11,CITY4,Mall,2025-05-14,19,false,44,8,4348.83,0.1818,true
ST12,CITY5,High Street,2025-05-15,20,false,47,7,2299.47,0.1489,true
ST02,CITY1,High Street,2025-05-04,10,true,52,11,3788.35,0.2115,true
ST03,CITY2,Mall,2025-05-05,11,false,35,9,2628.28,0.2571,true
ST04,CITY3,High Street,2025-05-06,12,false,33,9,5895.92,0.2727,true
ST05,CITY4,Mall,2025-05-07,13,false,29,3,1139.51,0.1034,true
ST06,CITY5,High Street,2025-05-08,14,false,15,1,128.9,0.0667,true
ST07,CITY0,Mall,2025-05-09,15,false,16,1,448.53,0.0625,true
ST08,CITY1,High Street,2025-05-10,16,true,34,3,1828.26,0.0882,true
ST09,CITY2,Mall,2025-05-11,17,true,,3,2501.38,,false
ST10,CITY3,High Street,2025-05-12,18,false,59,14,8414.98,0.2373,true
ST11,CITY4,Mall,2025-05-13,19,false,39,7,2795.42,0.1795,true
ST12,CITY5,High Street,2025-05-14,20,false,47,7,2652.27,0.1489,true
ST01,CITY0,Mall,2025-05-15,21,false,37,7,2972.9,0.1892,true
ST02,CITY1,High Street,2025-05-04,11,true,59,12,6142.07,0.2034,true
ST03,CITY2,Mall,2025-05-05,12,false,26,7,3986.02,0.2692,true
ST04,CITY3,High Street,2025-05-06,13,false,34,9,3929.13,0.2647,true
ST05,CITY4,Mall,2025-05-07,14,false,17,1,500.6,0.0588,true
ST06,CITY5,High Street,2025-05-08,15,false,15,1,445.05,0.0667,true
ST07,CITY0,Mall,2025-05-09,16,false,23,2,546.21,0.087,true
ST08,CITY1,High Street,2025-05-10,17,true,57,12,6716.97,0.2105,true
ST09,CITY2,Mall,2025-05-11,18,true,90,7,3296.64,0.0778,true
ST10,CITY3,High Street,2025-05-12,19,false,60,15,8483.01,0.25,true
ST11,CITY4,Mall,2025-05-13,20,false,53,9,4866.35,0.1698,true
ST12,CITY5,High Street,2025-05-14,21,false,22,3,2366.08,0.1364,true
ST01,CITY0,Mall,2025-05-15,10,false,32,6,2297.67,0.1875,true
ST02,CITY1,High Street,2025-05-04,12,true,40,8,5188.65,0.2,true
ST03,CITY2,Mall,2025-05-05,13,false,32,9,5117.89,0.2813,true
ST04,CITY3,High Street,2025-05-06,14,false,22,3,3459.38,0.1364,true
ST05,CITY4,Mall,2025-05-07,15,false,19,1,186.83,0.0526,true
ST06,CITY5,High Street,2025-05-08,16,false,14,1,443.34,0.0714,true
ST07,CITY0,Mall,2025-05-09,17,false,33,6,4444.12,0.1818,true
ST08,CITY1,High Street,2025-05-10,18,true,100,22,12335.05,0.22,true
ST09,CITY2,Mall,2025-05-11,19,true,88,7,3259.45,0.0795,true
ST10,CITY3,High Street,2025-05-12,20,false,47,11,7623.95,0.234,true
ST11,CITY4,Mall,2025-05-13,21,false,32,6,2431.93,0.1875,true
ST12,CITY5,High Street,2025-05-14,10,false,26,4,1960.17,0.1538,true
ST01,CITY0,Mall,2025-05-15,11,false,23,4,2161.4,0.1739,true
ST02,CITY1,High Street,2025-05-04,13,true,35,7,4066.93,0.2,true
ST03,CITY2,Mall,2025-05-05,14,false,18,2,1131.66,0.1111,true
ST04,CITY3,High Street,2025-05-06,15,false,14,2,584.97,0.1429,true
ST05,CITY4,Mall,2025-05-07,16,false,19,1,96.05,0.0526,true
ST06,CITY5,High Street,2025-05-08,17,false,32,7,3664.7,0.2188,true
ST07,CITY0,Mall,2025-05-09,18,false,57,10,5223.12,0.1754,true
ST08,CITY1,High Street,2025-05-10,19,true,75,16,8637.08,0.2133,true
ST09,CITY2,Mall,2025-05-11,20,true,62,5,2373.59,0.0806,true
ST10,CITY3,High Street,2025-05-12,21,false,38,9,5915.48,0.2368,true
ST11,CITY4,Mall,2025-05-13,10,false,35,6,1755.52,0.1714,true
ST12,CITY5,High Street,2025-05-14,11,false,33,5,3923.15,0.1515,true
ST01,CITY0,Mall,2025-05-15,12,false,30,5,3223.36,0.1667,true
ST02,CITY1,High Street,2025-05-04,14,true,34,3,1810.78,0.0882,true
ST03,CITY2,Mall,2025-05-05,15,false,16,2,2104.91,0.125,true
ST04,CITY3,High Street,2025-05-06,16,false,19,2,2289.43,0.1053,true
ST05,CITY4,Mall,2025-05-07,17,false,23,3,1697.5,0.1304,true
ST06,CITY5,High Street,2025-05-08,18,false,52,11,4307.63,0.2115,true
ST07,CITY0,Mall,2025-05-09,19,false,51,9,3926.58,0.1765,true
ST08,CITY1,High Street,2025-05-10,20,true,63,14,5983.36,0.2222,true
ST09,CITY2,Mall,2025-05-11,21,true,41,3,1136.17,0.0732,true
ST10,CITY3,High Street,2025-05-12,10,false,31,8,5971.44,0.2581,true
ST11,CITY4,Mall,2025-05-13,11,false,27,5,1397.66,0.1852,true
ST12,CITY5,High Street,2025-05-14,12,false,27,4,3534.44,0.1481,true
ST01,CITY0,Mall,2025-05-15,13,false,26,5,2934.61,0.1923,true
ST02,CITY1,High Street,2025-05-04,15,true,34,3,1427.79,0.0882,true
ST03,CITY2,Mall,2025-05-05,16,false,14,2,939.39,0.1429,true
ST04,CITY3,High Street,2025-05-06,17,false,22,6,3925.53,0.2727,true
ST05,CITY4,Mall,2025-05-07,18,false,51,6,2644.45,0.1176,true
ST06,CITY5,High Street,2025-05-08,19,false,64,13,6033.58,0.2031,true
ST07,CITY0,Mall,2025-05-09,20,false,66,11,4973.64,0.1667,true
ST08,CITY1,High Street,2025-05-10,21,true,46,10,4029.08,0.2174,true
ST09,CITY2,Mall,2025-05-11,10,true,55,4,2780.55,0.0727,true
ST10,CITY3,High Street,2025-05-12,11,false,22,5,2437.23,0.2273,true
ST11,CITY4,Mall,2025-05-13,12,false,25,4,1760.78,0.16,true
ST12,CITY5,High Street,2025-05-14,13,false,25,4,1595.1,0.16,true
ST01,CITY0,Mall,2025-05-15,14,false,20,2,850.47,0.1,true
ST02,CITY1,High Street,2025-05-04,16,true,35,3,1700.54,0.0857,true
ST03,CITY2,Mall,2025-05-05,17,false,32,9,2706.01,0.2813,true
ST04,CITY3,High Street,2025-05-06,18,false,60,17,8237.37,0.2833,true
ST05,CITY4,Mall,2025-05-07,19,false,44,5,3989.78,0.1136,true
ST06,CITY5,High Street,2025-05-08,20,false,68,14,7928.56,0.2059,true
ST07,CITY0,Mall,2025-05-09,21,false,33,6,1280.77,0.1818,true
ST08,CITY1,High Street,2025-05-10,10,true,47,10,4911.98,0.2128,true
ST09,CITY2,Mall,2025-05-11,11,true,34,3,1408.27,0.0882,true
ST10,CITY3,High Street,2025-05-12,12,false,29,7,2519.02,0.2414,true
ST11,CITY4,Mall,2025-05-13,13,false,25,4,1318.99,0.16,true
ST12,CITY5,High Street,2025-05-14,14,false,21,1,559.97,0.0476,true
ST01,CITY0,Mall,2025-05-15,15,false,13,1,173.33,0.0769,true
ST02,CITY1,High Street,2025-05-04,17,true,35,7,3057.75,0.2,true
ST03,CITY2,Mall,2025-05-05,18,false,53,14,7139.84,0.2642,true
ST04,CITY3,High Street,2025-05-06,19,false,69,19,11186.56,0.2754,true
ST05,CITY4,Mall,2025-05-07,20,false,47,5,2113.97,0.1064,true
ST06,CITY5,High Street,2025-05-08,21,false,23,5,2486.16,0.2174,true
ST07,CITY0,Mall,2025-05-09,10,false,35,6,3631.68,0.1714,true
ST08,CITY1,High Street,2025-05-10,11,true,56,12,4092.66,0.2143,true
ST09,CITY2,Mall,2025-05-11,12,true,37,3,2005.56,0.0811,true
ST10,CITY3,High Street,2025-05-12,13,false,33,8,3420.36,0.2424,true
ST11,CITY4,Mall,2025-05-13,14,false,20,2,1314.18,0.1,true
ST12,CITY5,High Street,2025-05-14,15,false,16,1,1032.98,0.0625,true
ST01,CITY0,Mall,2025-05-15,16,false,22,2,900.08,0.0909,true
ST02,CITY1,High Street,2025-05-04,18,true,96,20,10749.82,0.2083,true
ST03,CITY2,Mall,2025-05-05,19,false,47,13,5649.9,0.2766,true
ST04,CITY3,High Street,2025-05-06,20,false,66,18,8722.62,0.2727,true
ST05,CITY4,Mall,2025-05-07,21,false,29,3,1144.46,0.1034,true
ST06,CITY5,High Street,2025-05-08,10,false,36,7,3709.11,0.1944,true
ST07,CITY0,Mall,2025-05-09,11,false,24,4,1463.95,0.1667,true
ST08,CITY1,High Street,2025-05-10,12,true,58,13,8576.76,0.2241,true
ST09,CITY2,Mall,2025-05-11,13,true,39,3,3820.01,0.0769,true
ST10,CITY3,High Street,2025-05-12,14,false,15,2,797.52,0.1333,true
ST11,CITY4,Mall,2025-05-13,15,false,20,2,1356.06,0.1,true
ST12,CITY5,High Street,2025-05-14,16,false,15,1,259.04,0.0667,true
ST01,CITY0,Mall,2025-05-15,17,false,37,7,4539.73,0.1892,true
ST02,CITY1,High Street,2025-05-04,19,true,81,17,8429.26,0.2099,true
ST03,CITY2,Mall,2025-05-05,20,false,51,14,7101.46,0.2745,true
ST04,CITY3,High Street,2025-05-06,21,false,22,6,2584.71,0.2727,true
ST05,CITY4,Mall,2025-05-07,10,false,,4,1829.11,,false
ST06,CITY5,High Street,2025-05-08,11,false,23,5,1808.19,0.2174,true
ST07,CITY0,Mall,2025-05-09,12,false,25,4,1272.67,0.16,true
ST08,CITY1,High Street,2025-05-10,13,true,38,8,2814.24,0.2105,true
ST09,CITY2,Mall,2025-05-11,14,true,36,1,583.93,0.0278,true
ST10,CITY3,High Street,2025-05-12,15,false,23,3,1433.29,0.1304,true
ST11,CITY4,Mall,2025-05-13,16,false,21,2,1747.71,0.0952,true
ST12,CITY5,High Street,2025-05-14,17,false,23,4,1055.39,0.1739,true
ST01,CITY0,Mall,2025-05-15,18,false,59,10,4501.69,0.1695,true
ST02,CITY1,High Street,2025-05-04,20,true,96,20,9991.15,0.2083,true
ST03,CITY2,Mall,2025-05-05,21,false,27,7,3556.08,0.2593,true
ST04,CITY3,High Street,2025-05-06,10,false,23,6,4759.79,0.2609,true
ST05,CITY4,Mall,2025-05-07,11,false,,3,2488.41,,false
ST06,CITY5,High Street,2025-05-08,12,false,28,6,2950.33,0.2143,true
ST07,CITY0,Mall,2025-05-09,13,false,32,6,4258.36,0.1875,true
ST08,CITY1,High Street,2025-05-10,14,true,33,3,728.32,0.0909,true
ST09,CITY2,Mall,2025-05-11,15,true,32,1,281.4,0.0313,true
ST10,CITY3,High Street,2025-05-12,16,false,17,2,2310.16,0.1176,true
ST11,CITY4,Mall,2025-05-13,17,false,38,7,2772.47,0.1842,true
ST12,CITY5,High Street,2025-05-14,18,false,39,6,1975.32,0.1538,true
ST01,CITY0,Mall,2025-05-15,19,false,65,12,6106.06,0.1846,true
ST02,CITY1,High Street,2025-05-04,21,true,58,12,5955.27,0.2069,true
ST03,CITY2,Mall,2025-05-05,10,false,27,7,3017.15,0.2593,true
ST04,CITY3,High Street,2025-05-06,11,false,32,9,2632.61,0.2813,true
ST05,CITY4,Mall,2025-05-07,12,false,,2,1223.11,,false
ST06,CITY5,High Street,2025-05-08,13,false,27,6,3070.03,0.2222,true
ST07,CITY0,Mall,2025-05-09,14,false,14,1,444.01,0.0714,true
ST08,CITY1,High Street,2025-05-10,15,true,36,4,3126.98,0.1111,true
ST09,CITY2,Mall,2025-05-11,16,true,,1,239.55,,false
ST10,CITY3,High Street,2025-05-12,17,false,32,8,3766.25,0.25,true
ST11,CITY4,Mall,2025-05-13,18,false,63,11,4576.81,0.1746,true
ST12,CITY5,High Street,2025-05-14,19,false,39,6,2244.36,0.1538,true
ST01,CITY0,Mall,2025-05-15,20,false,43,8,2851.3,0.186,true
ST03,CITY2,Mall,2025-05-04,10,true,38,9,4315.14,0.2368,true
ST04,CITY3,High Street,2025-05-05,11,false,32,9,3611.11,0.2813,true
ST05,CITY4,Mall,2025-05-06,12,false,35,4,2534.43,0.1143,true
ST06,CITY5,High Street,2025-05-07,13,false,37,8,3693.56,0.2162,true
ST07,CITY0,Mall,2025-05-08,14,false,22,2,754.01,0.0909,true
ST08,CITY1,High Street,2025-05-09,15,false,20,2,1477.25,0.1,true
ST09,CITY2,Mall,2025-05-10,16,true,25,1,443.95,0.04,true
ST10,CITY3,High Street,2025-05-11,17,true,,12,6812.69,,false
ST11,CITY4,Mall,2025-05-12,18,false,60,11,7095.69,0.1833,true
ST12,CITY5,High Street,2025-05-13,19,false,42,6,4427.32,0.1429,true
ST01,CITY0,Mall,2025-05-14,20,false,57,10,7771.6,0.1754,true
ST02,CITY1,High Street,2025-05-15,21,false,36,9,4042.63,0.25,true
ST03,CITY2,Mall,2025-05-04,11,true,41,9,3643.24,0.2195,true
ST04,CITY3,High Street,2025-05-05,12,false,36,10,6006.23,0.2778,true
ST05,CITY4,Mall,2025-05-06,13,false,34,4,1167.45,0.1176,true
ST06,CITY5,High Street,2025-05-07,14,false,13,1,1218.42,0.0769,true
ST07,CITY0,Mall,2025-05-08,15,false,13,1,381.41,0.0769,true
ST08,CITY1,High Street,2025-05-09,16,false,15,2,606.11,0.1333,true
ST09,CITY2,Mall,2025-05-10,17,true,57,4,1394.91,0.0702,true
ST10,CITY3,High Street,2025-05-11,18,true,75,16,6746.38,0.2133,true
ST11,CITY4,Mall,2025-05-12,19,false,50,9,6190.24,0.18,true
ST12,CITY5,High Street,2025-05-13,20,false,66,10,4076.58,0.1515,true
ST01,CITY0,Mall,2025-05-14,21,false,34,6,2586.04,0.1765,true
ST02,CITY1,High Street,2025-05-15,10,false,31,8,2761.32,0.2581,true
ST03,CITY2,Mall,2025-05-04,12,true,48,11,5238.81,0.2292,true
ST04,CITY3,High Street,2025-05-05,13,false,24,7,4662.81,0.2917,true
ST05,CITY4,Mall,2025-05-06,14,false,21,1,410.43,0.0476,true
ST06,CITY5,High Street,2025-05-07,15,false,19,2,651.43,0.1053,true
ST07,CITY0,Mall,2025-05-08,16,false,14,1,191.12,0.0714,true
ST08,CITY1,High Street,2025-05-09,17,false,33,8,2400.35,0.2424,true
ST09,CITY2,Mall,2025-05-10,18,true,94,7,4219.52,0.0745,true
ST10,CITY3,High Street,2025-05-11,19,true,80,17,10590.28,0.2125,true
ST11,CITY4,Mall,2025-05-12,20,false,40,7,4968.3,0.175,true
ST12,CITY5,High Street,2025-05-13,21,false,34,5,3221.04,0.1471,true
ST01,CITY0,Mall,2025-05-14,10,false,22,4,2648.39,0.1818,true
ST02,CITY1,High Street,2025-05-15,11,false,32,8,2051.2,0.25,true
ST03,CITY2,Mall,2025-05-04,13,true,36,8,3752.14,0.2222,true
ST04,CITY3,High Street,2025-05-05,14,false,19,2,1753.06,0.1053,true
ST05,CITY4,Mall,2025-05-06,15,false,22,1,154.76,0.0455,true
ST06,CITY5,High Street,2025-05-07,16,false,18,2,443.47,0.1111,true
ST07,CITY0,Mall,2025-05-08,17,false,29,5,2654.66,0.1724,true
ST08,CITY1,High Street,2025-05-09,18,false,64,16,8142.57,0.25,true
ST09,CITY2,Mall,2025-05-10,19,true,88,7,3649.77,0.0795,true
ST10,CITY3,High Street,2025-05-11,20,true,103,21,7943.16,0.2039,true
ST11,CITY4,Mall,2025-05-12,21,false,36,6,2366.93,0.1667,true
ST12,CITY5,High Street,2025-05-13,10,false,39,6,1648.59,0.1538,true
ST01,CITY0,Mall,2025-05-14,11,false,32,6,2861.84,0.1875,true
ST02,CITY1,High Street,2025-05-15,12,false,28,7,2904.42,0.25,true
ST03,CITY2,Mall,2025-05-04,14,true,30,3,2020.45,0.1,true
ST04,CITY3,High Street,2025-05-05,15,false,13,2,750.26,0.1538,true
ST05,CITY4,Mall,2025-05-06,16,false,14,1,259.8,0.0714,true
ST06,CITY5,High Street,2025-05-07,17,false,24,5,2090.7,0.2083,true
ST07,CITY0,Mall,2025-05-08,18,false,41,7,4400.44,0.1707,true
ST08,CITY1,High Street,2025-05-09,19,false,56,14,6458.54,0.25,true
ST09,CITY2,Mall,2025-05-10,20,true,89,7,3632.24,0.0787,true
ST10,CITY3,High Street,2025-05-11,21,true,54,11,6313.21,0.2037,true
ST11,CITY4,Mall,2025-05-12,10,false,38,7,3292.69,0.1842,true
ST12,CITY5,High Street,2025-05-13,11,false,38,6,10492.62,0.1579,true
ST01,CITY0,Mall,2025-05-14,12,false,30,5,1355.86,0.1667,true
ST02,CITY1,High Street,2025-05-15,13,false,21,5,1930.47,0.2381,true
ST03,CITY2,Mall,2025-05-04,15,true,31,3,941.63,0.0968,true
ST04,CITY3,High Street,2025-05-05,16,false,15,2,2122.15,0.1333,true
ST05,CITY4,Mall,2025-05-06,17,false,22,2,780.47,0.0909,true
ST06,CITY5,High Street,2025-05-07,18,false,60,12,5732.32,0.2,true
ST07,CITY0,Mall,2025-05-08,19,false,58,10,5769.67,0.1724,true
ST08,CITY1,High Street,2025-05-09,20,false,64,16,7086.22,0.25,true
ST09,CITY2,Mall,2025-05-10,21,true,42,3,1506.74,0.0714,true
ST10,CITY3,High Street,2025-05-11,10,true,42,9,3484.38,0.2143,true
ST11,CITY4,Mall,2025-05-12,11,false,26,5,3971.99,0.1923,true
ST12,CITY5,High Street,2025-05-13,12,false,36,6,2562.92,0.1667,true
ST01,CITY0,Mall,2025-05-14,13,false,29,5,1926.25,0.1724,true
ST02,CITY1,High Street,2025-05-15,14,false,18,2,590.43,0.1111,true
ST03,CITY2,Mall,2025-05-04,16,true,30,3,2001.93,0.1,true
ST04,CITY3,High Street,2025-05-05,17,false,35,10,5882.58,0.2857,true
ST05,CITY4,Mall,2025-05-06,18,false,56,6,2306.4,0.1071,true
ST06,CITY5,High Street,2025-05-07,19,false,49,10,4435.8,0.2041,true
ST07,CITY0,Mall,2025-05-08,20,false,65,11,5196.62,0.1692,true
ST08,CITY1,High Street,2025-05-09,21,false,25,6,2635.72,0.24,true
ST09,CITY2,Mall,2025-05-10,10,true,54,4,4711.06,0.0741,true
ST10,CITY3,High Street,2025-05-11,11,true,55,11,5588.54,0.2,true
ST11,CITY4,Mall,2025-05-12,12,false,28,5,3354.09,0.1786,true
ST12,CITY5,High Street,2025-05-13,13,false,25,4,2257.94,0.16,true
ST01,CITY0,Mall,2025-05-14,14,false,18,1,291.3,0.0556,true
ST02,CITY1,High Street,2025-05-15,15,false,16,2,1509.28,0.125,true
ST03,CITY2,Mall,2025-05-04,17,true,36,8,4651.8,0.2222,true
ST04,CITY3,High Street,2025-05-05,18,false,58,16,6921.46,0.2759,true
ST05,CITY4,Mall,2025-05-06,19,false,39,4,4660.37,0.1026,true
ST06,CITY5,High Street,2025-05-07,20,false,63,13,7652.68,0.2063,true
ST07,CITY0,Mall,2025-05-08,21,false,38,7,3406.01,0.1842,true
ST08,CITY1,High Street,2025-05-09,10,false,23,6,4277.68,0.2609,true
ST09,CITY2,Mall,2025-05-10,11,true,48,4,3214.45,0.0833,true
ST10,CITY3,High Street,2025-05-11,12,true,35,7,2582.51,0.2,true
ST11,CITY4,Mall,2025-05-12,13,false,22,4,1944.02,0.1818,true
ST12,CITY5,High Street,2025-05-13,14,false,23,2,633.67,0.087,true
ST01,CITY0,Mall,2025-05-14,15,false,20,2,806.31,0.1,true
ST02,CITY1,High Street,2025-05-15,16,false,21,2,1142.25,0.0952,true
ST03,CITY2,Mall,2025-05-04,18,true,100,23,11925.11,0.23,true
ST04,CITY3,High Street,2025-05-05,19,false,63,17,8361.22,0.2698,true
ST05,CITY4,Mall,2025-05-06,20,false,51,6,5227.09,0.1176,true
ST06,CITY5,High Street,2025-05-07,21,false,30,6,1401.2,0.2,true
ST07,CITY0,Mall,2025-05-08,10,false,31,5,3324.82,0.1613,true
ST08,CITY1,High Street,2025-05-09,11,false,33,8,5184.03,0.2424,true
ST09,CITY2,Mall,2025-05-10,12,true,42,3,1428.5,0.0714,true
ST10,CITY3,High Street,2025-05-11,13,true,53,11,4846.6,0.2075,true
ST11,CITY4,Mall,2025-05-12,14,false,15,1,352.05,0.0667,true
ST12,CITY5,High Street,2025-05-13,15,false,23,2,1010.07,0.087,true
ST01,CITY0,Mall,2025-05-14,16,false,20,2,916.96,0.1,true
ST02,CITY1,High Street,2025-05-15,17,false,22,5,1809.51,0.2273,true
ST03,CITY2,Mall,2025-05-04,19,true,72,17,7759.21,0.2361,true
ST04,CITY3,High Street,2025-05-05,20,false,68,19,13246.24,0.2794,true
ST05,CITY4,Mall,2025-05-06,21,false,36,4,1913.07,0.1111,true
ST06,CITY5,High Street,2025-05-07,10,false,,6,1979.31,,false
ST07,CITY0,Mall,2025-05-08,11,false,37,6,3074.14,0.1622,true
ST08,CITY1,High Street,2025-05-09,12,false,30,8,3321.99,0.2667,true
ST09,CITY2,Mall,2025-05-10,13,true,49,4,1821.76,0.0816,true
ST10,CITY3,High Street,2025-05-11,14,true,22,2,2900.7,0.0909,true
ST11,CITY4,Mall,2025-05-12,15,false,23,2,329.45,0.087,true
ST12,CITY5,High Street,2025-05-13,16,false,20,1,413.0,0.05,true
ST01,CITY0,Mall,2025-05-14,17,false,23,4,1665.06,0.1739,true
ST02,CITY1,High Street,2025-05-15,18,false,61,15,7563.35,0.2459,true
ST03,CITY2,Mall,2025-05-04,20,true,68,16,8998.88,0.2353,true
ST04,CITY3,High Street,2025-05-05,21,false,30,8,4113.35,0.2667,true
ST05,CITY4,Mall,2025-05-06,10,false,21,2,594.45,0.0952,true
ST06,CITY5,High Street,2025-05-07,11,false,,7,3893.21,,false
ST07,CITY0,Mall,2025-05-08,12,false,32,6,1999.92,0.1875,true
ST08,CITY1,High Street,2025-05-09,13,false,24,6,2880.43,0.25,true
ST09,CITY2,Mall,2025-05-10,14,true,27,1,148.03,0.037,true
ST10,CITY3,High Street,2025-05-11,15,true,26,2,695.67,0.0769,true
ST11,CITY4,Mall,2025-05-12,16,false,14,1,95.31,0.0714,true
ST12,CITY5,High Street,2025-05-13,17,false,30,5,2824.07,0.1667,true
ST01,CITY0,Mall,2025-05-14,18,false,49,9,2488.27,0.1837,true
ST02,CITY1,High Street,2025-05-15,19,false,59,15,6384.82,0.2542,true
ST03,CITY2,Mall,2025-05-04,21,true,47,11,5318.08,0.234,true
ST04,CITY3,High Street,2025-05-05,10,false,21,6,5811.11,0.2857,true
ST05,CITY4,Mall,2025-05-06,11,false,32,4,1870.77,0.125,true
ST06,CITY5,High Street,2025-05-07,12,false,,7,3665.81,,false
ST07,CITY0,Mall,2025-05-08,13,false,30,5,2273.7,0.1667,true
ST08,CITY1,High Street,2025-05-09,14,false,14,2,591.85,0.1429,true
ST09,CITY2,Mall,2025-05-10,15,true,21,1,333.22,0.0476,true
ST10,CITY3,High Street,2025-05-11,16,true,,2,1344.03,,false
ST11,CITY4,Mall,2025-05-12,17,false,38,7,3731.93,0.1842,true
ST12,CITY5,High Street,2025-05-13,18,false,68,10,5183.43,0.1471,true
ST01,CITY0,Mall,2025-05-14,19,false,44,8,4776.12,0.1818,true
ST02,CITY1,High Street,2025-05-15,20,false,54,13,6127.54,0.2407,true
ST04,CITY3,High Street,2025-05-04,10,true,60,14,8149.8,0.2333,true
ST05,CITY4,Mall,2025-05-05,11,false,39,4,2018.22,0.1026,true
ST06,CITY5,High Street,2025-05-06,12,false,28,6,2803.65,0.2143,true
ST07,CITY0,Mall,2025-05-07,13,false,27,5,1559.99,0.1852,true
ST08,CITY1,High Street,2025-05-08,14,false,16,2,622.82,0.125,true
ST09,CITY2,Mall,2025-05-09,15,false,20,1,308.98,0.05,true
ST10,CITY3,High Street,2025-05-10,16,true,23,2,1178.23,0.087,true
ST11,CITY4,Mall,2025-05-11,17,true,,8,4553.14,,false
ST12,CITY5,High Street,2025-05-12,18,false,70,11,8633.6,0.1571,true
ST01,CITY0,Mall,2025-05-13,19,false,46,8,4504.63,0.1739,true
ST02,CITY1,High Street,2025-05-14,20,false,53,13,12998.75,0.2453,true
ST03,CITY2,Mall,2025-05-15,21,false,36,10,6506.78,0.2778,true
ST04,CITY3,High Street,2025-05-04,11,true,43,10,4763.88,0.2326,true
ST05,CITY4,Mall,2025-05-05,12,false,23,3,1554.37,0.1304,true
ST06,CITY5,High Street,2025-05-06,13,false,32,7,3289.58,0.2188,true
ST07,CITY0,Mall,2025-05-07,14,false,20,2,499.26,0.1,true
ST08,CITY1,High Street,2025-05-08,15,false,13,1,357.54,0.0769,true
ST09,CITY2,Mall,2025-05-09,16,false,16,1,521.4,0.0625,true
ST10,CITY3,High Street,2025-05-10,17,true,41,9,4480.91,0.2195,true
ST11,CITY4,Mall,2025-05-11,18,true,103,15,8285.03,0.1456,true
ST12,CITY5,High Street,2025-05-12,19,false,40,6,3469.53,0.15,true
ST01,CITY0,Mall,2025-05-13,20,false,42,7,3970.1,0.1667,true
ST02,CITY1,High Street,2025-05-14,21,false,34,8,2931.03,0.2353,true
ST03,CITY2,Mall,2025-05-15,10,false,38,10,4123.12,0.2632,true
ST04,CITY3,High Street,2025-05-04,12,true,34,8,4146.7,0.2353,true
ST05,CITY4,Mall,2025-05-05,13,false,37,4,1783.83,0.1081,true
ST06,CITY5,High Street,2025-05-06,14,false,20,2,846.94,0.1,true
ST07,CITY0,Mall,2025-05-07,15,false,22,2,1518.17,0.0909,true
ST08,CITY1,High Street,2025-05-08,16,false,21,2,863.04,0.0952,true
ST09,CITY2,Mall,2025-05-09,17,false,37,3,1264.46,0.0811,true
ST10,CITY3,High Street,2025-05-10,18,true,66,14,5530.23,0.2121,true
ST11,CITY4,Mall,2025-05-11,19,true,77,12,4820.89,0.1558,true
ST12,CITY5,High Street,2025-05-12,20,false,57,9,5808.67,0.1579,true
ST01,CITY0,Mall,2025-05-13,21,false,36,6,3846.5,0.1667,true
ST02,CITY1,High Street,2025-05-14,10,false,29,7,5863.58,0.2414,true
ST03,CITY2,Mall,2025-05-15,11,false,34,9,4287.25,0.2647,true
ST04,CITY3,High Street,2025-05-04,13,true,56,13,7512.83,0.2321,true
ST05,CITY4,Mall,2025-05-05,14,false,21,1,724.31,0.0476,true
ST06,CITY5,High Street,2025-05-06,15,false,22,2,748.59,0.0909,true
ST07,CITY0,Mall,2025-05-07,16,false,22,2,2004.72,0.0909,true
ST08,CITY1,High Street,2025-05-08,17,false,27,7,3511.71,0.2593,true
ST09,CITY2,Mall,2025-05-09,18,false,60,6,2301.43,0.1,true
ST10,CITY3,High Street,2025-05-10,19,true,64,13,10320.6,0.2031,true
ST11,CITY4,Mall,2025-05-11,20,true,74,11,6368.88,0.1486,true
ST12,CITY5,High Street,2025-05-12,21,false,30,5,3178.63,0.1667,true
ST01,CITY0,Mall,2025-05-13,10,false,38,7,4432.64,0.1842,true
ST02,CITY1,High Street,2025-05-14,11,false,23,6,7811.41,0.2609,true
ST03,CITY2,Mall,2025-05-15,12,false,35,9,2616.86,0.2571,true
ST04,CITY3,High Street,2025-05-04,14,true,36,4,1253.63,0.1111,true
ST05,CITY4,Mall,2025-05-05,15,false,21,1,594.89,0.0476,true
ST06,CITY5,High Street,2025-05-06,16,false,14,1,222.73,0.0714,true
ST07,CITY0,Mall,2025-05-07,17,false,30,5,3615.14,0.1667,true
ST08,CITY1,High Street,2025-05-08,18,false,48,12,3928.12,0.25,true
ST09,CITY2,Mall,2025-05-09,19,false,54,5,1996.76,0.0926,true
ST10,CITY3,High Street,2025-05-10,20,true,66,14,7208.6,0.2121,true
ST11,CITY4,Mall,2025-05-11,21,true,50,8,3532.61,0.16,true
ST12,CITY5,High Street,2025-05-12,10,false,38,6,2399.84,0.1579,true
ST01,CITY0,Mall,2025-05-13,11,false,32,6,3043.06,0.1875,true
ST02,CITY1,High Street,2025-05-14,12,false,29,7,3286.55,0.2414,true
ST03,CITY2,Mall,2025-05-15,13,false,25,7,2884.53,0.28,true
ST04,CITY3,High Street,2025-05-04,15,true,24,3,918.64,0.125,true
ST05,CITY4,Mall,2025-05-05,16,false,19,1,302.45,0.0526,true
ST06,CITY5,High Street,2025-05-06,17,false,33,7,3736.81,0.2121,true
ST07,CITY0,Mall,2025-05-07,18,false,44,8,4787.47,0.1818,true
ST08,CITY1,High Street,2025-05-08,19,false,57,15,6764.38,0.2632,true
ST09,CITY2,Mall,2025-05-09,20,false,45,4,1980.78,0.0889,true
ST10,CITY3,High Street,2025-05-10,21,true,36,7,3262.13,0.1944,true
ST11,CITY4,Mall,2025-05-11,10,true,56,8,3120.18,0.1429,true
ST12,CITY5,High Street,2025-05-12,11,false,29,4,1747.76,0.1379,true
ST01,CITY0,Mall,2025-05-13,12,false,36,6,4099.81,0.1667,true
ST02,CITY1,High Street,2025-05-14,13,false,30,7,4758.34,0.2333,true
ST03,CITY2,Mall,2025-05-15,14,false,19,2,889.89,0.1053,true
ST04,CITY3,High Street,2025-05-04,16,true,30,3,1599.34,0.1,true
ST05,CITY4,Mall,2025-05-05,17,false,21,2,1608.97,0.0952,true
ST06,CITY5,High Street,2025-05-06,18,false,59,12,6027.95,0.2034,true
ST07,CITY0,Mall,2025-05-07,19,false,63,11,5159.57,0.1746,true
ST08,CITY1,High Street,2025-05-08,20,false,52,13,7831.7,0.25,true
ST09,CITY2,Mall,2025-05-09,21,false,22,2,756.89,0.0909,true
ST10,CITY3,High Street,2025-05-10,10,true,52,11,6493.04,0.2115,true
ST11,CITY4,Mall,2025-05-11,11,true,52,8,3624.89,0.1538,true
ST12,CITY5,High Street,2025-05-12,12,false,28,4,1016.4,0.1429,true
ST01,CITY0,Mall,2025-05-13,13,false,29,5,4204.53,0.1724,true
ST02,CITY1,High Street,2025-05-14,14,false,19,2,1302.06,0.1053,true
ST03,CITY2,Mall,2025-05-15,15,false,17,2,1000.3,0.1176,true
ST04,CITY3,High Street,2025-05-04,17,true,48,11,3543.19,0.2292,true
ST05,CITY4,Mall,2025-05-05,18,false,51,6,2310.6,0.1176,true
ST06,CITY5,High Street,2025-05-06,19,false,40,8,3491.01,0.2,true
ST07,CITY0,Mall,2025-05-07,20,false,53,9,3378.09,0.1698,true
ST08,CITY1,High Street,2025-05-08,21,false,21,5,3408.56,0.2381,true
ST09,CITY2,Mall,2025-05-09,10,false,21,2,664.9,0.0952,true
ST10,CITY3,High Street,2025-05-10,11,true,43,9,3862.28,0.2093,true
ST11,CITY4,Mall,2025-05-11,12,true,62,9,5799.64,0.1452,true
ST12,CITY5,High Street,2025-05-12,13,false,34,5,2390.45,0.1471,true
ST01,CITY0,Mall,2025-05-13,14,false,13,1,2189.34,0.0769,true
ST02,CITY1,High Street,2025-05-14,15,false,19,2,1028.1,0.1053,true
ST03,CITY2,Mall,2025-05-15,16,false,15,2,207.18,0.1333,true
ST04,CITY3,High Street,2025-05-04,18,true,79,18,8070.48,0.2278,true
ST05,CITY4,Mall,2025-05-05,19,false,61,7,6777.79,0.1148,true
ST06,CITY5,High Street,2025-05-06,20,false,40,8,3936.3,0.2,true
ST07,CITY0,Mall,2025-05-07,21,false,37,6,4785.15,0.1622,true
ST08,CITY1,High Street,2025-05-08,10,false,36,9,4877.0,0.25,true
ST09,CITY2,Mall,2025-05-09,11,false,34,3,780.67,0.0882,true
ST10,CITY3,High Street,2025-05-10,12,true,47,10,4965.86,0.2128,true
ST11,CITY4,Mall,2025-05-11,13,true,54,8,4888.72,0.1481,true
ST12,CITY5,High Street,2025-05-12,14,false,15,1,152.17,0.0667,true
ST01,CITY0,Mall,2025-05-13,15,false,16,1,273.26,0.0625,true
ST02,CITY1,High Street,2025-05-14,16,false,14,2,612.46,0.1429,true
ST03,CITY2,Mall,2025-05-15,17,false,30,8,4729.83,0.2667,true
ST04,CITY3,High Street,2025-05-04,19,true,93,22,15147.83,0.2366,true
ST05,CITY4,Mall,2025-05-05,20,false,61,7,1865.64,0.1148,true
ST06,CITY5,High Street,2025-05-06,21,false,26,5,2179.74,0.1923,true
ST07,CITY0,Mall,2025-05-07,10,false,,6,2562.46,,false
ST08,CITY1,High Street,2025-05-08,11,false,38,10,6811.4,0.2632,true
ST09,CITY2,Mall,2025-05-09,12,false,23,2,2542.1,0.087,true
ST10,CITY3,High Street,2025-05-10,13,true,56,12,8353.92,0.2143,true
ST11,CITY4,Mall,2025-05-11,14,true,36,2,1707.21,0.0556,true
ST12,CITY5,High Street,2025-05-12,15,false,17,1,386.27,0.0588,true
ST01,CITY0,Mall,2025-05-13,16,false,18,1,395.39,0.0556,true
ST02,CITY1,High Street,2025-05-14,17,false,31,8,3062.87,0.2581,true
ST03,CITY2,Mall,2025-05-15,18,false,41,11,4596.97,0.2683,true
ST04,CITY3,High Street,2025-05-04,20,true,88,21,14108.04,0.2386,true
ST05,CITY4,Mall,2025-05-05,21,false,23,3,1739.0,0.1304,true
ST06,CITY5,High Street,2025-05-06,10,false,28,6,4138.48,0.2143,true
ST07,CITY0,Mall,2025-05-07,11,false,,4,2167.73,,false
ST08,CITY1,High Street,2025-05-08,12,false,27,7,4413.95,0.2593,true
ST09,CITY2,Mall,2025-05-09,13,false,30,3,1147.76,0.1,true
ST10,CITY3,High Street,2025-05-10,14,true,33,3,698.91,0.0909,true
ST11,CITY4,Mall,2025-05-11,15,true,28,2,930.45,0.0714,true
ST12,CITY5,High Street,2025-05-12,16,false,21,1,363.08,0.0476,true
ST01,CITY0,Mall,2025-05-13,17,false,27,5,837.0,0.1852,true
ST02,CITY1,High Street,2025-05-14,18,false,67,17,10132.55,0.2537,true
ST03,CITY2,Mall,2025-05-15,19,false,54,15,7419.05,0.2778,true
ST04,CITY3,High Street,2025-05-04,21,true,43,10,7167.56,0.2326,true
ST05,CITY4,Mall,2025-05-05,10,false,33,4,1964.81,0.1212,true
ST06,CITY5,High Street,2025-05-06,11,false,21,4,1320.02,0.1905,true
ST07,CITY0,Mall,2025-05-07,12,false,,4,1685.57,,false
ST08,CITY1,High Street,2025-05-08,13,false,22,6,2574.25,0.2727,true
ST09,CITY2,Mall,2025-05-09,14,false,15,1,474.06,0.0667,true
ST10,CITY3,High Street,2025-05-10,15,true,31,3,1252.65,0.0968,true
ST11,CITY4,Mall,2025-05-11,16,true,,1,366.72,,false
ST12,CITY5,High Street,2025-05-12,17,false,32,5,2740.55,0.1563,true
ST01,CITY0,Mall,2025-05-13,18,false,42,7,2506.42,0.1667,true
ST02,CITY1,High Street,2025-05-14,19,false,55,14,5217.62,0.2545,true
ST03,CITY2,Mall,2025-05-15,20,false,40,11,4695.39,0.275,true
ST05,CITY4,Mall,2025-05-04,10,true,55,5,2735.88,0.0909,true
ST06,CITY5,High Street,2025-05-05,11,false,35,7,3920.58,0.2,true
ST07,CITY0,Mall,2025-05-06,12,false,33,6,2705.58,0.1818,true
ST08,CITY1,High Street,2025-05-07,13,false,23,6,3316.1,0.2609,true
ST09,CITY2,Mall,2025-05-08,14,false,20,1,443.01,0.05,true
ST10,CITY3,High Street,2025-05-09,15,false,21,2,921.35,0.0952,true
ST11,CITY4,Mall,2025-05-10,16,true,21,1,130.09,0.0476,true
ST12,CITY5,High Street,2025-05-11,17,true,,8,3219.12,,false
ST01,CITY0,Mall,2025-05-12,18,false,40,7,2298.54,0.175,true
ST02,CITY1,High Street,2025-05-13,19,false,50,12,5451.84,0.24,true
ST03,CITY2,Mall,2025-05-14,20,false,58,16,6873.23,0.2759,true
ST04,CITY3,High Street,2025-05-15,21,false,22,6,1854.14,0.2727,true
ST05,CITY4,Mall,2025-05-04,11,true,50,5,1686.34,0.1,true
ST06,CITY5,High Street,2025-05-05,12,false,25,5,1149.8,0.2,true
ST07,CITY0,Mall,2025-05-06,13,false,32,6,1692.2,0.1875,true
ST08,CITY1,High Street,2025-05-07,14,false,19,2,1277.44,0.1053,true
ST09,CITY2,Mall,2025-05-08,15,false,23,1,286.29,0.0435,true
ST10,CITY3,High Street,2025-05-09,16,false,16,2,724.23,0.125,true
ST11,CITY4,Mall,2025-05-10,17,true,62,9,4334.21,0.1452,true
ST12,CITY5,High Street,2025-05-11,18,true,61,8,4202.15,0.1311,true
ST01,CITY0,Mall,2025-05-12,19,false,42,7,3186.24,0.1667,true
ST02,CITY1,High Street,2025-05-13,20,false,59,15,11270.38,0.2542,true
ST03,CITY2,Mall,2025-05-14,21,false,33,9,3327.75,0.2727,true
ST04,CITY3,High Street,2025-05-15,10,false,34,9,4810.08,0.2647,true
ST05,CITY4,Mall,2025-05-04,12,true,58,5,3212.84,0.0862,true
ST06,CITY5,High Street,2025-05-05,13,false,35,7,2294.44,0.2,true
ST07,CITY0,Mall,2025-05-06,14,false,21,2,794.23,0.0952,true
ST08,CITY1,High Street,2025-05-07,15,false,22,3,2173.24,0.1364,true
ST09,CITY2,Mall,2025-05-08,16,false,21,1,1697.33,0.0476,true
ST10,CITY3,High Street,2025-05-09,17,false,36,9,7961.46,0.25,true
ST11,CITY4,Mall,2025-05-10,18,true,111,17,10879.59,0.1532,true
ST12,CITY5,High Street,2025-05-11,19,true,95,12,5274.64,0.1263,true
ST01,CITY0,Mall,2025-05-12,20,false,48,8,3280.99,0.1667,true
ST02,CITY1,High Street,2025-05-13,21,false,30,7,3909.95,0.2333,true
ST03,CITY2,Mall,2025-05-14,10,false,38,10,5472.19,0.2632,true
ST04,CITY3,High Street,2025-05-15,11,false,28,8,3817.68,0.2857,true
ST05,CITY4,Mall,2025-05-04,13,true,45,4,880.76,0.0889,true
ST06,CITY5,High Street,2025-05-05,14,false,15,1,441.9,0.0667,true
ST07,CITY0,Mall,2025-05-06,15,false,23,2,650.51,0.087,true
ST08,CITY1,High Street,2025-05-07,16,false,20,2,1727.3,0.1,true
ST09,CITY2,Mall,2025-05-08,17,false,34,3,1600.11,0.0882,true
ST10,CITY3,High Street,2025-05-09,18,false,39,10,4573.61,0.2564,true
ST11,CITY4,Mall,2025-05-10,19,true,67,10,3746.47,0.1493,true
ST12,CITY5,High Street,2025-05-11,20,true,86,11,7062.78,0.1279,true
ST01,CITY0,Mall,2025-05-12,21,false,28,5,4033.55,0.1786,true
ST02,CITY1,High Street,2025-05-13,10,false,36,9,7771.28,0.25,true
ST03,CITY2,Mall,2025-05-14,11,false,36,10,2966.37,0.2778,true
ST04,CITY3,High Street,2025-05-15,12,false,33,9,3556.75,0.2727,true
ST05,CITY4,Mall,2025-05-04,14,true,33,1,59.04,0.0303,true
ST06,CITY5,High Street,2025-05-05,15,false,16,1,291.1,0.0625,true
ST07,CITY0,Mall,2025-05-06,16,false,16,1,1279.04,0.0625,true
ST08,CITY1,High Street,2025-05-07,17,false,30,8,5152.0,0.2667,true
ST09,CITY2,Mall,2025-05-08,18,false,43,4,1969.28,0.093,true
ST10,CITY3,High Street,2025-05-09,19,false,39,10,3811.19,0.2564,true
ST11,CITY4,Mall,2025-05-10,20,true,72,11,5863.34,0.1528,true
ST12,CITY5,High Street,2025-05-11,21,true,57,7,3424.14,0.1228,true
ST01,CITY0,Mall,2025-05-12,10,false,26,5,1560.6,0.1923,true
ST02,CITY1,High Street,2025-05-13,11,false,24,6,2739.75,0.25,true
ST03,CITY2,Mall,2025-05-14,12,false,23,6,2644.0,0.2609,true
ST04,CITY3,High Street,2025-05-15,13,false,34,9,4984.38,0.2647,true
ST05,CITY4,Mall,2025-05-04,15,true,36,2,1227.23,0.0556,true
ST06,CITY5,High Street,2025-05-05,16,false,20,2,975.48,0.1,true
ST07,CITY0,Mall,2025-05-06,17,false,28,5,3330.88,0.1786,true
ST08,CITY1,High Street,2025-05-07,18,false,53,14,6493.83,0.2642,true
ST09,CITY2,Mall,2025-05-08,19,false,44,4,1926.53,0.0909,true
ST10,CITY3,High Street,2025-05-09,20,false,47,11,5092.21,0.234,true
ST11,CITY4,Mall,2025-05-10,21,true,39,6,3173.57,0.1538,true
ST12,CITY5,High Street,2025-05-11,10,true,47,6,1867.88,0.1277,true
ST01,CITY0,Mall,2025-05-12,11,false,34,6,3380.88,0.1765,true
ST02,CITY1,High Street,2025-05-13,12,false,35,9,3373.38,0.2571,true
ST03,CITY2,Mall,2025-05-14,13,false,26,7,3446.49,0.2692,true
ST04,CITY3,High Street,2025-05-15,14,false,14,2,1272.76,0.1429,true
ST05,CITY4,Mall,2025-05-04,16,true,28,1,1009.15,0.0357,true
ST06,CITY5,High Street,2025-05-05,17,false,32,7,3359.4,0.2188,true
ST07,CITY0,Mall,2025-05-06,18,false,59,10,7685.1,0.1695,true
ST08,CITY1,High Street,2025-05-07,19,false,67,17,8128.15,0.2537,true
ST09,CITY2,Mall,2025-05-08,20,false,58,5,1970.49,0.0862,true
ST10,CITY3,High Street,2025-05-09,21,false,23,6,4281.37,0.2609,true
ST11,CITY4,Mall,2025-05-10,10,true,41,6,3349.82,0.1463,true
ST12,CITY5,High Street,2025-05-11,11,true,35,5,4090.73,0.1429,true
ST01,CITY0,Mall,2025-05-12,12,false,35,6,4767.95,0.1714,true
ST02,CITY1,High Street,2025-05-13,13,false,39,10,4064.67,0.2564,true
ST03,CITY2,Mall,2025-05-14,14,false,13,2,1262.57,0.1538,true
ST04,CITY3,High Street,2025-05-15,15,false,15,2,979.69,0.1333,true
ST05,CITY4,Mall,2025-05-04,17,true,41,4,3179.15,0.0976,true
ST06,CITY5,High Street,2025-05-05,18,false,64,13,5095.49,0.2031,true
ST07,CITY0,Mall,2025-05-06,19,false,55,10,4728.99,0.1818,true
ST08,CITY1,High Street,2025-05-07,20,false,45,11,7424.18,0.2444,true
ST09,CITY2,Mall,2025-05-08,21,false,35,3,1316.38,0.0857,true
ST10,CITY3,High Street,2025-05-09,10,false,23,6,2319.51,0.2609,true
ST11,CITY4,Mall,2025-05-10,11,true,52,8,3326.4,0.1538,true
ST12,CITY5,High Street,2025-05-11,12,true,45,6,4080.17,0.1333,true
ST01,CITY0,Mall,2025-05-12,13,false,34,6,3824.26,0.1765,true
ST02,CITY1,High Street,2025-05-13,14,false,16,2,1468.77,0.125,true
ST03,CITY2,Mall,2025-05-14,15,false,19,2,1061.09,0.1053,true
ST04,CITY3,High Street,2025-05-15,16,false,18,2,573.66,0.1111,true
ST05,CITY4,Mall,2025-05-04,18,true,84,8,3602.7,0.0952,true
ST06,CITY5,High Street,2025-05-05,19,false,57,12,6607.6,0.2105,true
ST07,CITY0,Mall,2025-05-06,20,false,38,7,3252.64,0.1842,true
ST08,CITY1,High Street,2025-05-07,21,false,26,7,2784.81,0.2692,true
ST09,CITY2,Mall,2025-05-08,10,false,23,2,655.94,0.087,true
ST10,CITY3,High Street,2025-05-09,11,false,35,9,5485.84,0.2571,true
ST11,CITY4,Mall,2025-05-10,12,true,45,7,2769.81,0.1556,true
ST12,CITY5,High Street,2025-05-11,13,true,50,7,3891.65,0.14,true
ST01,CITY0,Mall,2025-05-12,14,false,16,1,280.13,0.0625,true
ST02,CITY1,High Street,2025-05-13,15,false,16,2,1306.64,0.125,true
ST03,CITY2,Mall,2025-05-14,16,false,15,2,823.18,0.1333,true
ST04,CITY3,High Street,2025-05-15,17,false,25,7,2073.66,0.28,true
ST05,CITY4,Mall,2025-05-04,19,true,71,7,2590.3,0.0986,true
ST06,CITY5,High Street,2025-05-05,20,false,55,11,5418.59,0.2,true
ST07,CITY0,Mall,2025-05-06,21,false,27,5,2133.66,0.1852,true
ST08,CITY1,High Street,2025-05-07,10,false,,10,4041.38,,false
ST09,CITY2,Mall,2025-05-08,11,false,37,3,1264.95,0.0811,true
ST10,CITY3,High Street,2025-05-09,12,false,26,6,1778.07,0.2308,true
ST11,CITY4,Mall,2025-05-10,13,true,43,6,3157.93,0.1395,true
ST12,CITY5,High Street,2025-05-11,14,true,28,2,839.55,0.0714,true
ST01,CITY0,Mall,2025-05-12,15,false,14,1,925.39,0.0714,true
ST02,CITY1,High Street,2025-05-13,16,false,21,2,1417.75,0.0952,true
ST03,CITY2,Mall,2025-05-14,17,false,25,7,3389.16,0.28,true
ST04,CITY3,High Street,2025-05-15,18,false,62,17,8611.37,0.2742,true
ST05,CITY4,Mall,2025-05-04,20,true,64,6,2175.21,0.0938,true
ST06,CITY5,High Street,2025-05-05,21,false,35,7,4355.97,0.2,true
ST07,CITY0,Mall,2025-05-06,10,false,28,5,2013.39,0.1786,true
ST08,CITY1,High Street,2025-05-07,11,false,,9,3668.46,,false
ST09,CITY2,Mall,2025-05-08,12,false,33,3,2513.8,0.0909,true
ST10,CITY3,High Street,2025-05-09,13,false,23,6,1892.11,0.2609,true
ST11,CITY4,Mall,2025-05-10,14,true,29,2,779.25,0.069,true
ST12,CITY5,High Street,2025-05-11,15,true,25,1,431.03,0.04,true
ST01,CITY0,Mall,2025-05-12,16,false,15,1,135.57,0.0667,true
ST02,CITY1,High Street,2025-05-13,17,false,34,8,5132.73,0.2353,true
ST03,CITY2,Mall,2025-05-14,18,false,52,14,5790.34,0.2692,true
ST04,CITY3,High Street,2025-05-15,19,false,63,17,9848.5,0.2698,true
ST05,CITY4,Mall,2025-05-04,21,true,40,4,1352.61,0.1,true
ST06,CITY5,High Street,2025-05-05,10,false,21,4,2597.91,0.1905,true
ST07,CITY0,Mall,2025-05-06,11,false,28,5,1993.42,0.1786,true
ST08,CITY1,High Street,2025-05-07,12,false,,7,3668.13,,false
ST09,CITY2,Mall,2025-05-08,13,false,35,3,1740.1,0.0857,true
ST10,CITY3,High Street,2025-05-09,14,false,13,1,377.6,0.0769,true
ST11,CITY4,Mall,2025-05-10,15,true,33,2,1583.07,0.0606,true
ST12,CITY5,High Street,2025-05-11,16,true,,2,1230.25,,false
ST01,CITY0,Mall,2025-05-12,17,false,29,5,1649.63,0.1724,true
ST02,CITY1,High Street,2025-05-13,18,false,47,12,6056.03,0.2553,true
ST03,CITY2,Mall,2025-05-14,19,false,58,16,6830.25,0.2759,true
ST04,CITY3,High Street,2025-05-15,20,false,67,18,7652.27,0.2687,true
ST06,CITY5,High Street,2025-05-04,10,true,59,10,6549.06,0.1695,true
ST07,CITY0,Mall,2025-05-05,11,false,24,4,2368.6,0.1667,true
ST08,CITY1,High Street,2025-05-06,12,false,25,6,4642.87,0.24,true
ST09,CITY2,Mall,2025-05-07,13,false,35,3,729.95,0.0857,true
ST10,CITY3,High Street,2025-05-08,14,false,18,2,905.68,0.1111,true
ST11,CITY4,Mall,2025-05-09,15,false,21,2,933.63,0.0952,true
ST12,CITY5,High Street,2025-05-10,16,true,25,1,722.3,0.04,true
ST01,CITY0,Mall,2025-05-11,17,true,,6,2457.78,,false
ST02,CITY1,High Street,2025-05-12,18,false,68,17,6141.84,0.25,true
ST03,CITY2,Mall,2025-05-13,19,false,68,18,7532.77,0.2647,true
ST04,CITY3,High Street,2025-05-14,20,false,67,18,6812.71,0.2687,true
ST05,CITY4,Mall,2025-05-15,21,false,23,3,637.14,0.1304,true
ST06,CITY5,High Street,2025-05-04,11,true,60,11,6232.98,0.1833,true
ST07,CITY0,Mall,2025-05-05,12,false,31,5,2789.99,0.1613,true
ST08,CITY1,High Street,2025-05-06,13,false,34,9,3232.21,0.2647,true
ST09,CITY2,Mall,2025-05-07,14,false,14,1,438.52,0.0714,true
ST10,CITY3,High Street,2025-05-08,15,false,14,2,1340.88,0.1429,true
ST11,CITY4,Mall,2025-05-09,16,false,15,1,1524.85,0.0667,true
ST12,CITY5,High Street,2025-05-10,17,true,49,6,2404.18,0.1224,true
ST01,CITY0,Mall,2025-05-11,18,true,85,13,6580.72,0.1529,true
ST02,CITY1,High Street,2025-05-12,19,false,56,14,6708.8,0.25,true
ST03,CITY2,Mall,2025-05-13,20,false,69,19,7677.55,0.2754,true
ST04,CITY3,High Street,2025-05-14,21,false,33,9,5841.94,0.2727,true
ST05,CITY4,Mall,2025-05-15,10,false,26,3,1340.97,0.1154,true
ST06,CITY5,High Street,2025-05-04,12,true,46,8,2626.64,0.1739,true
ST07,CITY0,Mall,2025-05-05,13,false,27,5,2214.18,0.1852,true
ST08,CITY1,High Street,2025-05-06,14,false,14,2,685.91,0.1429,true
ST09,CITY2,Mall,2025-05-07,15,false,21,1,137.77,0.0476,true
ST10,CITY3,High Street,2025-05-08,16,false,20,2,1430.0,0.1,true
ST11,CITY4,Mall,2025-05-09,17,false,23,4,1692.35,0.1739,true
ST12,CITY5,High Street,2025-05-10,18,true,106,14,5127.99,0.1321,true
ST01,CITY0,Mall,2025-05-11,19,true,104,16,8438.74,0.1538,true
ST02,CITY1,High Street,2025-05-12,20,false,39,10,4389.09,0.2564,true
ST03,CITY2,Mall,2025-05-13,21,false,28,8,4424.63,0.2857,true
ST04,CITY3,High Street,2025-05-14,10,false,39,11,4607.71,0.2821,true
ST05,CITY4,Mall,2025-05-15,11,false,31,3,1562.78,0.0968,true
ST06,CITY5,High Street,2025-05-04,13,true,55,10,5914.83,0.1818,true
ST07,CITY0,Mall,2025-05-05,14,false,19,1,349.23,0.0526,true
ST08,CITY1,High Street,2025-05-06,15,false,13,1,364.78,0.0769,true
ST09,CITY2,Mall,2025-05-07,16,false,17,1,720.96,0.0588,true
ST10,CITY3,High Street,2025-05-08,17,false,24,6,1924.6,0.25,true
ST11,CITY4,Mall,2025-05-09,18,false,54,10,5234.68,0.1852,true
ST12,CITY5,High Street,2025-05-10,19,true,72,9,4768.43,0.125,true
ST01,CITY0,Mall,2025-05-11,20,true,95,14,4154.23,0.1474,true
ST02,CITY1,High Street,2025-05-12,21,false,22,5,3131.18,0.2273,true
ST03,CITY2,Mall,2025-05-13,10,false,33,9,4176.42,0.2727,true
ST04,CITY3,High Street,2025-05-14,11,false,34,9,8312.63,0.2647,true
ST05,CITY4,Mall,2025-05-15,12,false,34,4,1080.56,0.1176,true
ST06,CITY5,High Street,2025-05-04,14,true,33,3,2021.67,0.0909,true
ST07,CITY0,Mall,2025-05-05,15,false,22,2,1250.9,0.0909,true
ST08,CITY1,High Street,2025-05-06,16,false,22,3,1223.92,0.1364,true
ST09,CITY2,Mall,2025-05-07,17,false,26,2,1042.46,0.0769,true
ST10,CITY3,High Street,2025-05-08,18,false,58,14,8332.05,0.2414,true
ST11,CITY4,Mall,2025-05-09,19,false,43,8,3682.71,0.186,true
ST12,CITY5,High Street,2025-05-10,20,true,111,14,7635.84,0.1261,true
ST01,CITY0,Mall,2025-05-11,21,true,55,8,3767.55,0.1455,true
ST02,CITY1,High Street,2025-05-12,10,false,32,8,7632.01,0.25,true
ST03,CITY2,Mall,2025-05-13,11,false,33,9,4054.73,0.2727,true
ST04,CITY3,High Street,2025-05-14,12,false,27,7,2939.74,0.2593,true
ST05,CITY4,Mall,2025-05-15,13,false,35,4,812.76,0.1143,true
ST06,CITY5,High Street,2025-05-04,15,true,23,2,1338.22,0.087,true
ST07,CITY0,Mall,2025-05-05,16,false,17,1,593.27,0.0588,true
ST08,CITY1,High Street,2025-05-06,17,false,34,9,6008.47,0.2647,true
ST09,CITY2,Mall,2025-05-07,18,false,46,4,1561.93,0.087,true
ST10,CITY3,High Street,2025-05-08,19,false,56,14,10777.77,0.25,true
ST11,CITY4,Mall,2025-05-09,20,false,63,11,4064.68,0.1746,true
ST12,CITY5,High Street,2025-05-10,21,true,44,6,1737.24,0.1364,true
ST01,CITY0,Mall,2025-05-11,10,true,36,5,2333.37,0.1389,true
ST02,CITY1,High Street,2025-05-12,11,false,31,8,4530.37,0.2581,true
ST03,CITY2,Mall,2025-05-13,12,false,32,9,6131.0,0.2813,true
ST04,CITY3,High Street,2025-05-14,13,false,36,10,7305.68,0.2778,true
ST05,CITY4,Mall,2025-05-15,14,false,23,1,462.1,0.0435,true
ST06,CITY5,High Street,2025-05-04,16,true,30,2,752.34,0.0667,true
ST07,CITY0,Mall,2025-05-05,17,false,35,6,2214.41,0.1714,true
ST08,CITY1,High Street,2025-05-06,18,false,39,10,4197.73,0.2564,true
ST09,CITY2,Mall,2025-05-07,19,false,57,5,2227.16,0.0877,true
ST10,CITY3,High Street,2025-05-08,20,false,62,15,7992.99,0.2419,true
ST11,CITY4,Mall,2025-05-09,21,false,24,4,3197.24,0.1667,true
ST12,CITY5,High Street,2025-05-10,10,true,61,8,3999.37,0.1311,true
ST01,CITY0,Mall,2025-05-11,11,true,52,8,3456.43,0.1538,true
ST02,CITY1,High Street,2025-05-12,12,false,31,8,3459.81,0.2581,true
ST03,CITY2,Mall,2025-05-13,13,false,24,7,2976.37,0.2917,true
ST04,CITY3,High Street,2025-05-14,14,false,20,2,531.36,0.1,true
ST05,CITY4,Mall,2025-05-15,15,false,16,1,411.73,0.0625,true
ST06,CITY5,High Street,2025-05-04,17,true,58,10,6332.24,0.1724,true
ST07,CITY0,Mall,2025-05-05,18,false,69,12,3119.1,0.1739,true
ST08,CITY1,High Street,2025-05-06,19,false,54,14,6172.53,0.2593,true
ST09,CITY2,Mall,2025-05-07,20,false,66,6,3737.36,0.0909,true
ST10,CITY3,High Street,2025-05-08,21,false,35,9,4213.64,0.2571,true
ST11,CITY4,Mall,2025-05-09,10,false,38,7,5146.59,0.1842,true
ST12,CITY5,High Street,2025-05-10,11,true,61,8,5091.96,0.1311,true
ST01,CITY0,Mall,2025-05-11,12,true,56,8,3488.96,0.1429,true
ST02,CITY1,High Street,2025-05-12,13,false,30,7,4409.24,0.2333,true
ST03,CITY2,Mall,2025-05-13,14,false,22,3,1352.1,0.1364,true
ST04,CITY3,High Street,2025-05-14,15,false,17,2,2826.97,0.1176,true
ST05,CITY4,Mall,2025-05-15,16,false,16,1,551.35,0.0625,true
ST06,CITY5,High Street,2025-05-04,18,true,64,11,5912.79,0.1719,true
ST07,CITY0,Mall,2025-05-05,19,false,61,11,4215.53,0.1803,true
ST08,CITY1,High Street,2025-05-06,20,false,46,12,5388.78,0.2609,true
ST09,CITY2,Mall,2025-05-07,21,false,23,2,394.06,0.087,true
ST10,CITY3,High Street,2025-05-08,10,false,31,8,3718.6,0.2581,true
ST11,CITY4,Mall,2025-05-09,11,false,26,5,2922.36,0.1923,true
ST12,CITY5,High Street,2025-05-10,12,true,40,5,1992.51,0.125,true
ST01,CITY0,Mall,2025-05-11,13,true,60,9,3287.53,0.15,true
ST02,CITY1,High Street,2025-05-12,14,false,16,2,828.66,0.125,true
ST03,CITY2,Mall,2025-05-13,15,false,15,2,667.56,0.1333,true
ST04,CITY3,High Street,2025-05-14,16,false,14,2,1206.17,0.1429,true
ST05,CITY4,Mall,2025-05-15,17,false,21,2,951.11,0.0952,true
ST06,CITY5,High Street,2025-05-04,19,true,112,20,8860.59,0.1786,true
ST07,CITY0,Mall,2025-05-05,20,false,67,12,8065.84,0.1791,true
ST08,CITY1,High Street,2025-05-06,21,false,33,8,3814.2,0.2424,true
ST09,CITY2,Mall,2025-05-07,10,false,,3,787.39,,false
ST10,CITY3,High Street,2025-05-08,11,false,35,9,6500.56,0.2571,true
ST11,CITY4,Mall,2025-05-09,12,false,29,5,1939.84,0.1724,true
ST12,CITY5,High Street,2025-05-10,13,true,56,7,3502.08,0.125,true
ST01,CITY0,Mall,2025-05-11,14,true,31,2,721.82,0.0645,true
ST02,CITY1,High Street,2025-05-12,15,false,16,2,614.48,0.125,true
ST03,CITY2,Mall,2025-05-13,16,false,19,2,1152.34,0.1053,true
ST04,CITY3,High Street,2025-05-14,17,false,35,10,3719.58,0.2857,true
ST05,CITY4,Mall,2025-05-15,18,false,50,6,3335.01,0.12,true
ST06,CITY5,High Street,2025-05-04,20,true,109,19,8783.9,0.1743,true
ST07,CITY0,Mall,2025-05-05,21,false,23,4,1395.39,0.1739,true
ST08,CITY1,High Street,2025-05-06,10,false,22,6,4158.14,0.2727,true
ST09,CITY2,Mall,2025-05-07,11,false,,2,1364.21,,false
ST10,CITY3,High Street,2025-05-08,12,false,37,9,4466.78,0.2432,true
ST11,CITY4,Mall,2025-05-09,13,false,33,6,3209.34,0.1818,true
ST12,CITY5,High Street,2025-05-10,14,true,27,2,1012.28,0.0741,true
ST01,CITY0,Mall,2025-05-11,15,true,29,2,984.75,0.069,true
ST02,CITY1,High Street,2025-05-12,16,false,21,2,630.05,0.0952,true
ST03,CITY2,Mall,2025-05-13,17,false,32,9,2354.74,0.2813,true
ST04,CITY3,High Street,2025-05-14,18,false,53,15,8093.97,0.283,true
ST05,CITY4,Mall,2025-05-15,19,false,68,8,4243.05,0.1176,true
ST06,CITY5,High Street,2025-05-04,21,true,56,10,3334.99,0.1786,true
ST07,CITY0,Mall,2025-05-05,10,false,35,6,2133.44,0.1714,true
ST08,CITY1,High Street,2025-05-06,11,false,34,9,3878.89,0.2647,true
ST09,CITY2,Mall,2025-05-07,12,false,,3,817.79,,false
ST10,CITY3,High Street,2025-05-08,13,false,23,6,2028.71,0.2609,true
ST11,CITY4,Mall,2025-05-09,14,false,20,2,1051.96,0.1,true
ST12,CITY5,High Street,2025-05-10,15,true,32,2,634.99,0.0625,true
ST01,CITY0,Mall,2025-05-11,16,true,,2,899.79,,false
ST02,CITY1,High Street,2025-05-12,17,false,24,6,4398.42,0.25,true
ST03,CITY2,Mall,2025-05-13,18,false,43,12,6689.6,0.2791,true
ST04,CITY3,High Street,2025-05-14,19,false,62,17,7727.59,0.2742,true
ST05,CITY4,Mall,2025-05-15,20,false,60,7,2216.15,0.1167,true
ST07,CITY0,Mall,2025-05-04,10,true,35,5,1535.44,0.1429,true
ST08,CITY1,High Street,2025-05-05,11,false,23,6,2482.29,0.2609,true
ST09,CITY2,Mall,2025-05-06,12,false,30,3,1526.21,0.1,true
ST10,CITY3,High Street,2025-05-07,13,false,36,9,4477.91,0.25,true
ST11,CITY4,Mall,2025-05-08,14,false,18,1,340.85,0.0556,true
ST12,CITY5,High Street,2025-05-09,15,false,15,1,846.56,0.0667,true
ST01,CITY0,Mall,2025-05-10,16,true,25,2,436.25,0.08,true
ST02,CITY1,High Street,2025-05-11,17,true,,8,3952.38,,false
ST03,CITY2,Mall,2025-05-12,18,false,57,15,11406.38,0.2632,true
ST04,CITY3,High Street,2025-05-13,19,false,48,13,6617.51,0.2708,true
ST05,CITY4,Mall,2025-05-14,20,false,54,6,3998.96,0.1111,true
ST06,CITY5,High Street,2025-05-15,21,false,35,7,3822.69,0.2,true
ST07,CITY0,Mall,2025-05-04,11,true,60,9,5068.32,0.15,true
ST08,CITY1,High Street,2025-05-05,12,false,34,9,6186.17,0.2647,true
ST09,CITY2,Mall,2025-05-06,13,false,29,3,1220.97,0.1034,true
ST10,CITY3,High Street,2025-05-07,14,false,14,2,1641.83,0.1429,true
ST11,CITY4,Mall,2025-05-08,15,false,23,2,1218.14,0.087,true
ST12,CITY5,High Street,2025-05-09,16,false,16,1,887.48,0.0625,true
ST01,CITY0,Mall,2025-05-10,17,true,59,9,5527.16,0.1525,true
ST02,CITY1,High Street,2025-05-11,18,true,79,17,5730.89,0.2152,true
ST03,CITY2,Mall,2025-05-12,19,false,61,17,7858.38,0.2787,true
ST04,CITY3,High Street,2025-05-13,20,false,41,11,5177.6,0.2683,true
ST05,CITY4,Mall,2025-05-14,21,false,38,4,1032.3,0.1053,true
ST06,CITY5,High Street,2025-05-15,10,false,24,5,5100.42,0.2083,true
ST07,CITY0,Mall,2025-05-04,12,true,56,8,5465.62,0.1429,true
ST08,CITY1,High Street,2025-05-05,13,false,25,6,3943.9,0.24,true
ST09,CITY2,Mall,2025-05-06,14,false,16,1,443.63,0.0625,true
ST10,CITY3,High Street,2025-05-07,15,false,16,2,1042.7,0.125,true
ST11,CITY4,Mall,2025-05-08,16,false,18,1,215.49,0.0556,true
ST12,CITY5,High Street,2025-05-09,17,false,36,6,4329.81,0.1667,true
ST01,CITY0,Mall,2025-05-10,18,true,106,16,7843.75,0.1509,true
ST02,CITY1,High Street,2025-05-11,19,true,94,20,13010.72,0.2128,true
ST03,CITY2,Mall,2025-05-12,20,false,53,14,8673.53,0.2642,true
ST04,CITY3,High Street,2025-05-13,21,false,26,7,3215.69,0.2692,true
ST05,CITY4,Mall,2025-05-14,10,false,38,4,2854.35,0.1053,true
ST06,CITY5,High Street,2025-05-15,11,false,29,6,4493.78,0.2069,true
ST07,CITY0,Mall,2025-05-04,13,true,52,8,3475.2,0.1538,true
ST08,CITY1,High Street,2025-05-05,14,false,13,1,169.85,0.0769,true
ST09,CITY2,Mall,2025-05-06,15,false,18,1,303.48,0.0556,true
ST10,CITY3,High Street,2025-05-07,16,false,16,2,603.88,0.125,true
ST11,CITY4,Mall,2025-05-08,17,false,21,4,1615.82,0.1905,true
ST12,CITY5,High Street,2025-05-09,18,false,58,9,3773.65,0.1552,true
ST01,CITY0,Mall,2025-05-10,19,true,73,11,5642.82,0.1507,true
ST02,CITY1,High Street,2025-05-11,20,true,95,20,10203.41,0.2105,true
ST03,CITY2,Mall,2025-05-12,21,false,25,7,3279.09,0.28,true
ST04,CITY3,High Street,2025-05-13,10,false,33,9,4372.88,0.2727,true
ST05,CITY4,Mall,2025-05-14,11,false,25,3,1555.49,0.12,true
ST06,CITY5,High Street,2025-05-15,12,false,36,7,3023.44,0.1944,true
ST07,CITY0,Mall,2025-05-04,14,true,36,2,1275.61,0.0556,true
ST08,CITY1,High Street,2025-05-05,15,false,23,3,677.56,0.1304,true
ST09,CITY2,Mall,2025-05-06,16,false,19,1,697.07,0.0526,true
ST10,CITY3,High Street,2025-05-07,17,false,32,8,3116.59,0.25,true
ST11,CITY4,Mall,2025-05-08,18,false,52,9,4846.06,0.1731,true
ST12,CITY5,High Street,2025-05-09,19,false,65,10,6941.94,0.1538,true
ST01,CITY0,Mall,2025-05-10,20,true,73,11,4152.81,0.1507,true
ST02,CITY1,High Street,2025-05-11,21,true,62,13,6270.99,0.2097,true
ST03,CITY2,Mall,2025-05-12,10,false,36,10,8291.33,0.2778,true
ST04,CITY3,High Street,2025-05-13,11,false,35,10,5566.36,0.2857,true
ST05,CITY4,Mall,2025-05-14,12,false,31,3,2510.97,0.0968,true
ST06,CITY5,High Street,2025-05-15,13,false,32,7,2859.18,0.2188,true
ST07,CITY0,Mall,2025-05-04,15,true,34,2,1316.86,0.0588,true
ST08,CITY1,High Street,2025-05-05,16,false,22,3,1481.7,0.1364,true
ST09,CITY2,Mall,2025-05-06,17,false,28,3,691.97,0.1071,true
ST10,CITY3,High Street,2025-05-07,18,false,59,14,9281.52,0.2373,true
ST11,CITY4,Mall,2025-05-08,19,false,63,11,6970.44,0.1746,true
ST12,CITY5,High Street,2025-05-09,20,false,52,8,6331.18,0.1538,true
ST01,CITY0,Mall,2025-05-10,21,true,39,6,2786.82,0.1538,true
ST02,CITY1,High Street,2025-05-11,10,true,53,11,4588.68,0.2075,true
ST03,CITY2,Mall,2025-05-12,11,false,37,10,6467.66,0.2703,true
ST04,CITY3,High Street,2025-05-13,12,false,27,7,3477.56,0.2593,true
ST05,CITY4,Mall,2025-05-14,13,false,25,3,950.07,0.12,true
ST06,CITY5,High Street,2025-05-15,14,false,17,2,531.38,0.1176,true
ST07,CITY0,Mall,2025-05-04,16,true,25,2,1155.36,0.08,true
ST08,CITY1,High Street,2025-05-05,17,false,37,9,4188.91,0.2432,true
ST09,CITY2,Mall,2025-05-06,18,false,59,5,2720.33,0.0847,true
ST10,CITY3,High Street,2025-05-07,19,false,44,11,3635.93,0.25,true
ST11,CITY4,Mall,2025-05-08,20,false,56,10,4330.74,0.1786,true
ST12,CITY5,High Street,2025-05-09,21,false,39,6,2484.7,0.1538,true
ST01,CITY0,Mall,2025-05-10,10,true,46,7,2319.2,0.1522,true
ST02,CITY1,High Street,2025-05-11,11,true,62,13,8280.78,0.2097,true
ST03,CITY2,Mall,2025-05-12,12,false,36,10,5299.08,0.2778,true
ST04,CITY3,High Street,2025-05-13,13,false,26,7,3357.41,0.2692,true
ST05,CITY4,Mall,2025-05-14,14,false,15,1,565.88,0.0667,true
ST06,CITY5,High Street,2025-05-15,15,false,14,1,129.93,0.0714,true
ST07,CITY0,Mall,2025-05-04,17,true,43,6,2239.42,0.1395,true
ST08,CITY1,High Street,2025-05-05,18,false,47,12,6043.13,0.2553,true
ST09,CITY2,Mall,2025-05-06,19,false,69,6,2639.83,0.087,true
ST10,CITY3,High Street,2025-05-07,20,false,64,16,7263.29,0.25,true
ST11,CITY4,Mall,2025-05-08,21,false,38,7,4915.46,0.1842,true
ST12,CITY5,High Street,2025-05-09,10,false,28,4,2248.67,0.1429,true
ST01,CITY0,Mall,2025-05-10,11,true,60,9,3710.72,0.15,true
ST02,CITY1,High Street,2025-05-11,12,true,47,10,10693.04,0.2128,true
ST03,CITY2,Mall,2025-05-12,13,false,23,6,2737.44,0.2609,true
ST04,CITY3,High Street,2025-05-13,14,false,18,2,941.77,0.1111,true
ST05,CITY4,Mall,2025-05-14,15,false,13,1,111.6,0.0769,true
ST06,CITY5,High Street,2025-05-15,16,false,14,1,279.86,0.0714,true
ST07,CITY0,Mall,2025-05-04,18,true,85,12,5049.61,0.1412,true
ST08,CITY1,High Street,2025-05-05,19,false,45,11,5394.21,0.2444,true
ST09,CITY2,Mall,2025-05-06,20,false,62,6,2122.0,0.0968,true
ST10,CITY3,High Street,2025-05-07,21,false,38,9,6521.09,0.2368,true
ST11,CITY4,Mall,2025-05-08,10,false,34,6,4803.24,0.1765,true
ST12,CITY5,High Street,2025-05-09,11,false,36,6,2863.41,0.1667,true
ST01,CITY0,Mall,2025-05-10,12,true,57,9,5908.92,0.1579,true
ST02,CITY1,High Street,2025-05-11,13,true,57,12,5676.99,0.2105,true
ST03,CITY2,Mall,2025-05-12,14,false,17,2,1850.45,0.1176,true
ST04,CITY3,High Street,2025-05-13,15,false,21,3,2727.8,0.1429,true
ST05,CITY4,Mall,2025-05-14,16,false,19,1,592.18,0.0526,true
ST06,CITY5,High Street,2025-05-15,17,false,21,4,1990.96,0.1905,true
ST07,CITY0,Mall,2025-05-04,19,true,100,15,9178.92,0.15,true
ST08,CITY1,High Street,2025-05-05,20,false,40,10,4069.71,0.25,true
ST09,CITY2,Mall,2025-05-06,21,false,38,3,2795.53,0.0789,true
ST10,CITY3,High Street,2025-05-07,10,false,,9,4029.85,,false
ST11,CITY4,Mall,2025-05-08,11,false,30,5,2684.15,0.1667,true
ST12,CITY5,High Street,2025-05-09,12,false,26,4,4352.41,0.1538,true
ST01,CITY0,Mall,2025-05-10,13,true,38,6,3901.19,0.1579,true
ST02,CITY1,High Street,2025-05-11,14,true,26,2,549.38,0.0769,true
ST03,CITY2,Mall,2025-05-12,15,false,15,2,1554.66,0.1333,true
ST04,CITY3,High Street,2025-05-13,16,false,13,2,736.31,0.1538,true
ST05,CITY4,Mall,2025-05-14,17,false,24,3,1896.35,0.125,true
ST06,CITY5,High Street,2025-05-15,18,false,42,9,3854.11,0.2143,true
ST07,CITY0,Mall,2025-05-04,20,true,90,13,6846.78,0.1444,true
ST08,CITY1,High Street,2025-05-05,21,false,34,9,4023.95,0.2647,true
ST09,CITY2,Mall,2025-05-06,10,false,39,4,1599.51,0.1026,true
ST10,CITY3,High Street,2025-05-07,11,false,,8,4364.57,,false
ST11,CITY4,Mall,2025-05-08,12,false,22,4,1218.56,0.1818,true
ST12,CITY5,High Street,2025-05-09,13,false,24,4,2729.42,0.1667,true
ST01,CITY0,Mall,2025-05-10,14,true,28,2,1120.3,0.0714,true
ST02,CITY1,High Street,2025-05-11,15,true,27,3,1131.36,0.1111,true
ST03,CITY2,Mall,2025-05-12,16,false,18,2,1194.02,0.1111,true
ST04,CITY3,High Street,2025-05-13,17,false,22,6,3582.96,0.2727,true
ST05,CITY4,Mall,2025-05-14,18,false,61,7,2050.88,0.1148,true
ST06,CITY5,High Street,2025-05-15,19,false,42,9,4176.2,0.2143,true
ST07,CITY0,Mall,2025-05-04,21,true,39,6,3861.39,0.1538,true
ST08,CITY1,High Street,2025-05-05,10,false,23,6,3881.05,0.2609,true
ST09,CITY2,Mall,2025-05-06,11,false,25,2,816.05,0.08,true
ST10,CITY3,High Street,2025-05-07,12,false,,7,3334.84,,false
ST11,CITY4,Mall,2025-05-08,13,false,35,6,4881.65,0.1714,true
ST12,CITY5,High Street,2025-05-09,14,false,17,1,117.69,0.0588,true
ST01,CITY0,Mall,2025-05-10,15,true,21,1,1047.76,0.0476,true
ST02,CITY1,High Street,2025-05-11,16,true,,2,1604.27,,false
ST03,CITY2,Mall,2025-05-12,17,false,38,10,5188.17,0.2632,true
ST04,CITY3,High Street,2025-05-13,18,false,59,16,10488.37,0.2712,true
ST05,CITY4,Mall,2025-05-14,19,false,39,4,2348.99,0.1026,true
ST06,CITY5,High Street,2025-05-15,20,false,49,10,4603.33,0.2041,true
ST08,CITY1,High Street,2025-05-04,10,true,52,11,4768.18,0.2115,true
ST09,CITY2,Mall,2025-05-05,11,false,36,3,724.82,0.0833,true
ST10,CITY3,High Street,2025-05-06,12,false,27,7,2190.1,0.2593,true
ST11,CITY4,Mall,2025-05-07,13,false,22,4,6252.2,0.1818,true
ST12,CITY5,High Street,2025-05-08,14,false,13,1,73.32,0.0769,true
ST01,CITY0,Mall,2025-05-09,15,false,21,2,827.11,0.0952,true
ST02,CITY1,High Street,2025-05-10,16,true,33,3,2395.64,0.0909,true
ST03,CITY2,Mall,2025-05-11,17,true,,11,4565.3,,false
ST04,CITY3,High Street,2025-05-12,18,false,47,13,5298.47,0.2766,true
ST05,CITY4,Mall,2025-05-13,19,false,55,6,3458.91,0.1091,true
ST06,CITY5,High Street,2025-05-14,20,false,40,8,3711.29,0.2,true
ST07,CITY0,Mall,2025-05-15,21,false,36,6,1666.19,0.1667,true
ST08,CITY1,High Street,2025-05-04,11,true,59,13,7056.49,0.2203,true
ST09,CITY2,Mall,2025-05-05,12,false,35,3,1614.38,0.0857,true
ST10,CITY3,High Street,2025-05-06,13,false,25,6,2593.48,0.24,true
ST11,CITY4,Mall,2025-05-07,14,false,14,1,420.63,0.0714,true
ST12,CITY5,High Street,2025-05-08,15,false,22,2,745.36,0.0909,true
ST01,CITY0,Mall,2025-05-09,16,false,21,2,571.67,0.0952,true
ST02,CITY1,High Street,2025-05-10,17,true,56,12,6634.68,0.2143,true
ST03,CITY2,Mall,2025-05-11,18,true,111,26,12821.65,0.2342,true
ST04,CITY3,High Street,2025-05-12,19,false,49,13,6358.97,0.2653,true
ST05,CITY4,Mall,2025-05-13,20,false,69,8,8269.58,0.1159,true
ST06,CITY5,High Street,2025-05-14,21,false,25,5,3260.69,0.2,true
ST07,CITY0,Mall,2025-05-15,10,false,31,5,1998.64,0.1613,true
ST08,CITY1,High Street,2025-05-04,12,true,41,9,5362.33,0.2195,true
ST09,CITY2,Mall,2025-05-05,13,false,38,3,2230.97,0.0789,true
ST10,CITY3,High Street,2025-05-06,14,false,23,3,1735.08,0.1304,true
ST11,CITY4,Mall,2025-05-07,15,false,14,1,300.49,0.0714,true
ST12,CITY5,High Street,2025-05-08,16,false,20,1,141.84,0.05,true
ST01,CITY0,Mall,2025-05-09,17,false,35,6,3208.71,0.1714,true
ST02,CITY1,High Street,2025-05-10,18,true,91,19,10039.87,0.2088,true
ST03,CITY2,Mall,2025-05-11,19,true,80,18,8652.86,0.225,true
ST04,CITY3,High Street,2025-05-12,20,false,60,17,11120.6,0.2833,true
ST05,CITY4,Mall,2025-05-13,21,false,34,4,4127.8,0.1176,true
ST06,CITY5,High Street,2025-05-14,10,false,36,7,4284.96,0.1944,true
ST07,CITY0,Mall,2025-05-15,11,false,37,6,2559.34,0.1622,true
ST08,CITY1,High Street,2025-05-04,13,true,53,11,5704.66,0.2075,true
ST09,CITY2,Mall,2025-05-05,14,false,16,1,706.62,0.0625,true
ST10,CITY3,High Street,2025-05-06,15,false,20,2,1080.91,0.1,true
ST11,CITY4,Mall,2025-05-07,16,false,20,2,246.33,0.1,true
ST12,CITY5,High Street,2025-05-08,17,false,27,4,3003.8,0.1481,true
ST01,CITY0,Mall,2025-05-09,18,false,48,8,4525.72,0.1667,true
ST02,CITY1,High Street,2025-05-10,19,true,99,21,10026.24,0.2121,true
ST03,CITY2,Mall,2025-05-11,20,true,98,23,10190.8,0.2347,true
ST04,CITY3,High Street,2025-05-12,21,false,38,10,4103.66,0.2632,true
ST05,CITY4,Mall,2025-05-13,10,false,26,3,930.44,0.1154,true
ST06,CITY5,High Street,2025-05-14,11,false,36,7,3892.2,0.1944,true
ST07,CITY0,Mall,2025-05-15,12,false,27,5,2004.92,0.1852,true
ST08,CITY1,High Street,2025-05-04,14,true,27,3,1620.06,0.1111,true
ST09,CITY2,Mall,2025-05-05,15,false,21,1,352.65,0.0476,true
ST10,CITY3,High Street,2025-05-06,16,false,14,2,1087.14,0.1429,true
ST11,CITY4,Mall,2025-05-07,17,false,39,7,3490.55,0.1795,true
ST12,CITY5,High Street,2025-05-08,18,false,56,9,7575.14,0.1607,true
ST01,CITY0,Mall,2025-05-09,19,false,46,8,3299.54,0.1739,true
ST02,CITY1,High Street,2025-05-10,20,true,65,14,8416.54,0.2154,true
ST03,CITY2,Mall,2025-05-11,21,true,60,14,5930.91,0.2333,true
ST04,CITY3,High Street,2025-05-12,10,false,28,8,4349.21,0.2857,true
ST05,CITY4,Mall,2025-05-13,11,false,26,3,1575.19,0.1154,true
ST06,CITY5,High Street,2025-05-14,12,false,31,6,3665.82,0.1935,true
ST07,CITY0,Mall,2025-05-15,13,false,39,7,2320.9,0.1795,true
ST08,CITY1,High Street,2025-05-04,15,true,32,3,3163.79,0.0938,true
ST09,CITY2,Mall,2025-05-05,16,false,16,1,684.91,0.0625,true
ST10,CITY3,High Street,2025-05-06,17,false,33,8,4236.69,0.2424,true
ST11,CITY4,Mall,2025-05-07,18,false,52,9,3941.44,0.1731,true
ST12,CITY5,High Street,2025-05-08,19,false,60,9,6123.1,0.15,true
ST01,CITY0,Mall,2025-05-09,20,false,38,7,3389.08,0.1842,true
ST02,CITY1,High Street,2025-05-10,21,true,38,8,5870.34,0.2105,true
ST03,CITY2,Mall,2025-05-11,10,true,51,12,5769.13,0.2353,true
ST04,CITY3,High Street,2025-05-12,11,false,25,7,3699.52,0.28,true
ST05,CITY4,Mall,2025-05-13,12,false,23,3,2282.13,0.1304,true
ST06,CITY5,High Street,2025-05-14,13,false,39,8,6980.04,0.2051,true
ST07,CITY0,Mall,2025-05-15,14,false,17,1,287.31,0.0588,true
ST08,CITY1,High Street,2025-05-04,16,true,35,3,2061.1,0.0857,true
ST09,CITY2,Mall,2025-05-05,17,false,26,2,543.51,0.0769,true
ST10,CITY3,High Street,2025-05-06,18,false,41,10,4305.19,0.2439,true
ST11,CITY4,Mall,2025-05-07,19,false,57,10,5806.56,0.1754,true
ST12,CITY5,High Street,2025-05-08,20,false,58,9,5069.47,0.1552,true
ST01,CITY0,Mall,2025-05-09,21,false,36,6,2083.01,0.1667,true
ST02,CITY1,High Street,2025-05-10,10,true,61,13,5607.95,0.2131,true
ST03,CITY2,Mall,2025-05-11,11,true,52,12,4322.27,0.2308,true
ST04,CITY3,High Street,2025-05-12,12,false,37,10,5422.86,0.2703,true
ST05,CITY4,Mall,2025-05-13,13,false,39,4,3032.55,0.1026,true
ST06,CITY5,High Street,2025-05-14,14,false,21,2,742.38,0.0952,true
ST07,CITY0,Mall,2025-05-15,15,false,17,1,748.16,0.0588,true
ST08,CITY1,High Street,2025-05-04,17,true,35,8,3024.58,0.2286,true
ST09,CITY2,Mall,2025-05-05,18,false,67,6,3416.26,0.0896,true
ST10,CITY3,High Street,2025-05-06,19,false,53,13,5983.93,0.2453,true
ST11,CITY4,Mall,2025-05-07,20,false,46,8,3563.75,0.1739,true
ST12,CITY5,High Street,2025-05-08,21,false,28,4,1485.13,0.1429,true
ST01,CITY0,Mall,2025-05-09,10,false,24,4,1713.26,0.1667,true
ST02,CITY1,High Street,2025-05-10,11,true,38,8,5118.93,0.2105,true
ST03,CITY2,Mall,2025-05-11,12,true,49,11,6963.4,0.2245,true
ST04,CITY3,High Street,2025-05-12,13,false,28,8,4656.33,0.2857,true
ST05,CITY4,Mall,2025-05-13,14,false,14,1,1801.71,0.0714,true
ST06,CITY5,High Street,2025-05-14,15,false,17,2,803.78,0.1176,true
ST07,CITY0,Mall,2025-05-15,16,false,22,2,902.5,0.0909,true
ST08,CITY1,High Street,2025-05-04,18,true,64,14,6437.2,0.2188,true
ST09,CITY2,Mall,2025-05-05,19,false,67,6,4084.11,0.0896,true
ST10,CITY3,High Street,2025-05-06,20,false,51,12,5256.58,0.2353,true
ST11,CITY4,Mall,2025-05-07,21,false,38,7,3942.07,0.1842,true
ST12,CITY5,High Street,2025-05-08,10,false,22,3,1061.18,0.1364,true
ST01,CITY0,Mall,2025-05-09,11,false,28,5,1897.03,0.1786,true
ST02,CITY1,High Street,2025-05-10,12,true,36,8,4176.87,0.2222,true
ST03,CITY2,Mall,2025-05-11,13,true,39,9,4267.55,0.2308,true
ST04,CITY3,High Street,2025-05-12,14,false,14,2,1335.13,0.1429,true
ST05,CITY4,Mall,2025-05-13,15,false,22,1,337.87,0.0455,true
ST06,CITY5,High Street,2025-05-14,16,false,13,1,559.65,0.0769,true
ST07,CITY0,Mall,2025-05-15,17,false,33,6,1928.59,0.1818,true
ST08,CITY1,High Street,2025-05-04,19,true,70,15,11182.74,0.2143,true
ST09,CITY2,Mall,2025-05-05,20,false,68,6,1895.75,0.0882,true
ST10,CITY3,High Street,2025-05-06,21,false,22,5,2376.28,0.2273,true
ST11,CITY4,Mall,2025-05-07,10,false,,7,4518.73,,false
ST12,CITY5,High Street,2025-05-08,11,false,36,6,2703.55,0.1667,true
ST01,CITY0,Mall,2025-05-09,12,false,23,4,2000.74,0.1739,true
ST02,CITY1,High Street,2025-05-10,13,true,45,10,4354.07,0.2222,true
ST03,CITY2,Mall,2025-05-11,14,true,33,3,1480.42,0.0909,true
ST04,CITY3,High Street,2025-05-12,15,false,21,3,2352.36,0.1429,true
ST05,CITY4,Mall,2025-05-13,16,false,23,1,468.94,0.0435,true
ST06,CITY5,High Street,2025-05-14,17,false,36,7,4096.38,0.1944,true
ST07,CITY0,Mall,2025-05-15,18,false,44,8,2267.03,0.1818,true
ST08,CITY1,High Street,2025-05-04,20,true,101,22,11116.5,0.2178,true
ST09,CITY2,Mall,2025-05-05,21,false,30,3,708.04,0.1,true
ST10,CITY3,High Street,2025-05-06,10,false,37,9,3667.64,0.2432,true
ST11,CITY4,Mall,2025-05-07,11,false,,4,1729.8,,false
ST12,CITY5,High Street,2025-05-08,12,false,37,6,2217.91,0.1622,true
ST01,CITY0,Mall,2025-05-09,13,false,31,5,2594.67,0.1613,true
ST02,CITY1,High Street,2025-05-10,14,true,27,3,2403.68,0.1111,true
ST03,CITY2,Mall,2025-05-11,15,true,23,2,635.98,0.087,true
ST04,CITY3,High Street,2025-05-12,16,false,19,2,1289.38,0.1053,true
ST05,CITY4,Mall,2025-05-13,17,false,25,3,1444.25,0.12,true
ST06,CITY5,High Street,2025-05-14,18,false,38,8,3115.42,0.2105,true
ST07,CITY0,Mall,2025-05-15,19,false,68,12,4730.56,0.1765,true
ST08,CITY1,High Street,2025-05-04,21,true,44,10,7046.7,0.2273,true
ST09,CITY2,Mall,2025-05-05,10,false,26,2,1522.72,0.0769,true
ST10,CITY3,High Street,2025-05-06,11,false,29,7,3117.85,0.2414,true
ST11,CITY4,Mall,2025-05-07,12,false,,6,4499.95,,false
ST12,CITY5,High Street,2025-05-08,13,false,24,4,2257.98,0.1667,true
ST01,CITY0,Mall,2025-05-09,14,false,18,1,415.89,0.0556,true
ST02,CITY1,High Street,2025-05-10,15,true,37,4,1160.32,0.1081,true
ST03,CITY2,Mall,2025-05-11,16,true,,3,893.2,,false
ST04,CITY3,High Street,2025-05-12,17,false,32,9,5768.27,0.2813,true
ST05,CITY4,Mall,2025-05-13,18,false,42,5,1626.22,0.119,true
ST06,CITY5,High Street,2025-05-14,19,false,69,14,7661.6,0.2029,true
ST07,CITY0,Mall,2025-05-15,20,false,63,11,6454.86,0.1746,true
ST09,CITY2,Mall,2025-05-04,10,true,55,4,968.17,0.0727,true
ST10,CITY3,High Street,2025-05-05,11,false,35,9,4808.99,0.2571,true
ST11,CITY4,Mall,2025-05-06,12,false,36,6,1676.43,0.1667,true
ST12,CITY5,High Street,2025-05-07,13,false,28,4,2060.58,0.1429,true
ST01,CITY0,Mall,2025-05-08,14,false,16,1,234.21,0.0625,true
ST02,CITY1,High Street,2025-05-09,15,false,20,2,768.52,0.1,true
ST03,CITY2,Mall,2025-05-10,16,true,22,2,1262.78,0.0909,true
ST04,CITY3,High Street,2025-05-11,17,true,,9,5123.86,,false
ST05,CITY4,Mall,2025-05-12,18,false,47,5,2515.2,0.1064,true
ST06,CITY5,High Street,2025-05-13,19,false,63,13,5685.08,0.2063,true
ST07,CITY0,Mall,2025-05-14,20,false,39,7,2835.95,0.1795,true
ST08,CITY1,High Street,2025-05-15,21,false,24,6,3146.46,0.25,true
ST09,CITY2,Mall,2025-05-04,11,true,35,3,547.83,0.0857,true
ST10,CITY3,High Street,2025-05-05,12,false,31,8,5545.93,0.2581,true
ST11,CITY4,Mall,2025-05-06,13,false,29,5,1405.51,0.1724,true
ST12,CITY5,High Street,2025-05-07,14,false,21,1,145.87,0.0476,true
ST01,CITY0,Mall,2025-05-08,15,false,19,2,1961.11,0.1053,true
ST02,CITY1,High Street,2025-05-09,16,false,23,3,834.11,0.1304,true
ST03,CITY2,Mall,2025-05-10,17,true,42,10,6731.09,0.2381,true
ST04,CITY3,High Street,2025-05-11,18,true,62,14,8763.69,0.2258,true
ST05,CITY4,Mall,2025-05-12,19,false,54,6,3687.98,0.1111,true
ST06,CITY5,High Street,2025-05-13,20,false,65,14,7520.51,0.2154,true
ST07,CITY0,Mall,2025-05-14,21,false,39,7,2987.79,0.1795,true
ST08,CITY1,High Street,2025-05-15,10,false,32,8,2637.68,0.25,true
ST09,CITY2,Mall,2025-05-04,12,true,34,3,564.79,0.0882,true
ST10,CITY3,High Street,2025-05-05,13,false,28,7,3800.89,0.25,true
ST11,CITY4,Mall,2025-05-06,14,false,14,1,1232.27,0.0714,true
ST12,CITY5,High Street,2025-05-07,15,false,13,1,305.84,0.0769,true
ST01,CITY0,Mall,2025-05-08,16,false,21,2,679.85,0.0952,true
ST02,CITY1,High Street,2025-05-09,17,false,30,7,4462.01,0.2333,true
ST03,CITY2,Mall,2025-05-10,18,true,93,21,11787.26,0.2258,true
ST04,CITY3,High Street,2025-05-11,19,true,81,19,9937.66,0.2346,true
ST05,CITY4,Mall,2025-05-12,20,false,48,5,1995.22,0.1042,true
ST06,CITY5,High Street,2025-05-13,21,false,23,5,1755.19,0.2174,true
ST07,CITY0,Mall,2025-05-14,10,false,39,7,2370.62,0.1795,true
ST08,CITY1,High Street,2025-05-15,11,false,25,6,4631.85,0.24,true
ST09,CITY2,Mall,2025-05-04,13,true,34,3,822.37,0.0882,true
ST10,CITY3,High Street,2025-05-05,14,false,21,2,2304.56,0.0952,true
ST11,CITY4,Mall,2025-05-06,15,false,22,2,1016.09,0.0909,true
ST12,CITY5,High Street,2025-05-07,16,false,22,2,680.84,0.0909,true
ST01,CITY0,Mall,2025-05-08,17,false,27,5,1864.76,0.1852,true
ST02,CITY1,High Street,2025-05-09,18,false,53,13,8494.13,0.2453,true
ST03,CITY2,Mall,2025-05-10,19,true,97,22,10440.22,0.2268,true
ST04,CITY3,High Street,2025-05-11,20,true,65,15,8263.54,0.2308,true
ST05,CITY4,Mall,2025-05-12,21,false,32,4,1469.5,0.125,true
ST06,CITY5,High Street,2025-05-13,10,false,31,6,3762.64,0.1935,true
ST07,CITY0,Mall,2025-05-14,11,false,25,4,2245.98,0.16,true
ST08,CITY1,High Street,2025-05-15,12,false,38,10,7247.6,0.2632,true
ST09,CITY2,Mall,2025-05-04,14,true,21,1,86.62,0.0476,true
ST10,CITY3,High Street,2025-05-05,15,false,16,2,1351.41,0.125,true
ST11,CITY4,Mall,2025-05-06,16,false,15,1,232.01,0.0667,true
ST12,CITY5,High Street,2025-05-07,17,false,25,4,1833.57,0.16,true
ST01,CITY0,Mall,2025-05-08,18,false,69,12,5686.17,0.1739,true
ST02,CITY1,High Street,2025-05-09,19,false,39,10,4282.3,0.2564,true
ST03,CITY2,Mall,2025-05-10,20,true,62,14,5684.93,0.2258,true
ST04,CITY3,High Street,2025-05-11,21,true,50,12,4295.28,0.24,true
ST05,CITY4,Mall,2025-05-12,10,false,35,4,2381.81,0.1143,true
ST06,CITY5,High Street,2025-05-13,11,false,33,7,3240.86,0.2121,true
ST07,CITY0,Mall,2025-05-14,12,false,36,6,4262.02,0.1667,true
ST08,CITY1,High Street,2025-05-15,13,false,28,7,5384.75,0.25,true
ST09,CITY2,Mall,2025-05-04,15,true,35,1,776.87,0.0286,true
ST10,CITY3,High Street,2025-05-05,16,false,22,2,684.58,0.0909,true
ST11,CITY4,Mall,2025-05-06,17,false,38,7,2185.71,0.1842,true
ST12,CITY5,High Street,2025-05-07,18,false,56,9,4536.5,0.1607,true
ST01,CITY0,Mall,2025-05-08,19,false,41,7,3001.84,0.1707,true
ST02,CITY1,High Street,2025-05-09,20,false,55,14,5283.72,0.2545,true
ST03,CITY2,Mall,2025-05-10,21,true,61,14,8194.04,0.2295,true
ST04,CITY3,High Street,2025-05-11,10,true,54,13,6029.17,0.2407,true
ST05,CITY4,Mall,2025-05-12,11,false,37,4,2539.94,0.1081,true
ST06,CITY5,High Street,2025-05-13,12,false,36,7,3735.12,0.1944,true
ST07,CITY0,Mall,2025-05-14,13,false,37,6,1840.54,0.1622,true
ST08,CITY1,High Street,2025-05-15,14,false,20,2,416.17,0.1,true
ST09,CITY2,Mall,2025-05-04,16,true,28,1,459.33,0.0357,true
ST10,CITY3,High Street,2025-05-05,17,false,27,7,5138.71,0.2593,true
ST11,CITY4,Mall,2025-05-06,18,false,59,10,4976.92,0.1695,true
ST12,CITY5,High Street,2025-05-07,19,false,39,6,5453.54,0.1538,true
ST01,CITY0,Mall,2025-05-08,20,false,53,9,4793.43,0.1698,true
ST02,CITY1,High Street,2025-05-09,21,false,34,8,4343.05,0.2353,true
ST03,CITY2,Mall,2025-05-10,10,true,34,8,4161.64,0.2353,true
ST04,CITY3,High Street,2025-05-11,11,true,49,11,4569.81,0.2245,true
ST05,CITY4,Mall,2025-05-12,12,false,38,4,2604.36,0.1053,true
ST06,CITY5,High Street,2025-05-13,13,false,29,6,4079.95,0.2069,true
ST07,CITY0,Mall,2025-05-14,14,false,18,1,130.53,0.0556,true
ST08,CITY1,High Street,2025-05-15,15,false,22,3,1315.74,0.1364,true
ST09,CITY2,Mall,2025-05-04,17,true,36,3,1165.07,0.0833,true
ST10,CITY3,High Street,2025-05-05,18,false,64,16,8456.78,0.25,true
ST11,CITY4,Mall,2025-05-06,19,false,58,10,2885.94,0.1724,true
ST12,CITY5,High Street,2025-05-07,20,false,56,9,4183.27,0.1607,true
ST01,CITY0,Mall,2025-05-08,21,false,31,5,2216.71,0.1613,true
ST02,CITY1,High Street,2025-05-09,10,false,26,6,2690.39,0.2308,true
ST03,CITY2,Mall,2025-05-10,11,true,53,12,6926.61,0.2264,true
ST04,CITY3,High Street,2025-05-11,12,true,53,12,6185.41,0.2264,true
ST05,CITY4,Mall,2025-05-12,13,false,34,4,1860.27,0.1176,true
ST06,CITY5,High Street,2025-05-13,14,false,22,2,1427.73,0.0909,true
ST07,CITY0,Mall,2025-05-14,15,false,19,1,1133.31,0.0526,true
ST08,CITY1,High Street,2025-05-15,16,false,17,2,555.36,0.1176,true
ST09,CITY2,Mall,2025-05-04,18,true,99,8,2373.11,0.0808,true
ST10,CITY3,High Street,2025-05-05,19,false,65,16,8831.64,0.2462,true
ST11,CITY4,Mall,2025-05-06,20,false,52,9,4649.16,0.1731,true
ST12,CITY5,High Street,2025-05-07,21,false,22,3,1407.32,0.1364,true
ST01,CITY0,Mall,2025-05-08,10,false,21,4,1625.45,0.1905,true
ST02,CITY1,High Street,2025-05-09,11,false,34,8,6493.11,0.2353,true
ST03,CITY2,Mall,2025-05-10,12,true,43,10,4225.77,0.2326,true
ST04,CITY3,High Street,2025-05-11,13,true,51,12,7081.78,0.2353,true
ST05,CITY4,Mall,2025-05-12,14,false,19,1,1452.06,0.0526,true
ST06,CITY5,High Street,2025-05-13,15,false,23,2,361.06,0.087,true
ST07,CITY0,Mall,2025-05-14,16,false,15,1,174.27,0.0667,true
ST08,CITY1,High Street,2025-05-15,17,false,28,7,3285.37,0.25,true
ST09,CITY2,Mall,2025-05-04,19,true,101,8,3000.48,0.0792,true
ST10,CITY3,High Street,2025-05-05,20,false,55,13,5373.29,0.2364,true
ST11,CITY4,Mall,2025-05-06,21,false,32,6,3002.09,0.1875,true
ST12,CITY5,High Street,2025-05-07,10,false,,3,1225.97,,false
ST01,CITY0,Mall,2025-05-08,11,false,23,4,2580.78,0.1739,true
ST02,CITY1,High Street,2025-05-09,12,false,34,8,2987.75,0.2353,true
ST03,CITY2,Mall,2025-05-10,13,true,40,9,4043.99,0.225,true
ST04,CITY3,High Street,2025-05-11,14,true,28,3,1187.26,0.1071,true
ST05,CITY4,Mall,2025-05-12,15,false,17,1,451.44,0.0588,true
ST06,CITY5,High Street,2025-05-13,16,false,18,2,812.24,0.1111,true
ST07,CITY0,Mall,2025-05-14,17,false,32,6,1394.11,0.1875,true
ST08,CITY1,High Street,2025-05-15,18,false,43,11,9386.61,0.2558,true
ST09,CITY2,Mall,2025-05-04,20,true,78,6,2806.73,0.0769,true
ST10,CITY3,High Street,2025-05-05,21,false,28,7,2882.5,0.25,true
ST11,CITY4,Mall,2025-05-06,10,false,26,5,4031.75,0.1923,true
ST12,CITY5,High Street,2025-05-07,11,false,,4,3021.84,,false
ST01,CITY0,Mall,2025-05-08,12,false,22,4,1340.94,0.1818,true
ST02,CITY1,High Street,2025-05-09,13,false,33,8,6433.84,0.2424,true
ST03,CITY2,Mall,2025-05-10,14,true,35,4,1394.79,0.1143,true
ST04,CITY3,High Street,2025-05-11,15,true,25,3,659.54,0.12,true
ST05,CITY4,Mall,2025-05-12,16,false,20,1,421.3,0.05,true
ST06,CITY5,High Street,2025-05-13,17,false,23,5,2576.33,0.2174,true
ST07,CITY0,Mall,2025-05-14,18,false,58,10,5904.39,0.1724,true
ST08,CITY1,High Street,2025-05-15,19,false,58,15,7026.45,0.2586,true
ST09,CITY2,Mall,2025-05-04,21,true,61,5,1957.97,0.082,true
ST10,CITY3,High Street,2025-05-05,10,false,33,8,3818.86,0.2424,true
ST11,CITY4,Mall,2025-05-06,11,false,35,6,2156.62,0.1714,true
ST12,CITY5,High Street,2025-05-07,12,false,,5,3081.99,,false
ST01,CITY0,Mall,2025-05-08,13,false,27,5,3081.86,0.1852,true
ST02,CITY1,High Street,2025-05-09,14,false,17,2,392.47,0.1176,true
ST03,CITY2,Mall,2025-05-10,15,true,29,3,1645.89,0.1034,true
ST04,CITY3,High Street,2025-05-11,16,true,,2,520.58,,false
ST05,CITY4,Mall,2025-05-12,17,false,35,4,2103.06,0.1143,true
ST06,CITY5,High Street,2025-05-13,18,false,55,11,5669.06,0.2,true
ST07,CITY0,Mall,2025-05-14,19,false,66,11,4041.79,0.1667,true
ST08,CITY1,High Street,2025-05-15,20,false,51,13,4491.88,0.2549,true
ST10,CITY3,High Street,2025-05-04,10,true,49,10,5060.29,0.2041,true
ST11,CITY4,Mall,2025-05-05,11,false,22,4,3608.31,0.1818,true
ST12,CITY5,High Street,2025-05-06,12,false,38,6,2739.22,0.1579,true
ST01,CITY0,Mall,2025-05-07,13,false,29,5,4467.04,0.1724,true
ST02,CITY1,High Street,2025-05-08,14,false,15,2,2194.92,0.1333,true
ST03,CITY2,Mall,2025-05-09,15,false,18,2,2129.01,0.1111,true
ST04,CITY3,High Street,2025-05-10,16,true,36,4,1636.77,0.1111,true
ST05,CITY4,Mall,2025-05-11,17,true,,4,2036.39,,false
ST06,CITY5,High Street,2025-05-12,18,false,64,13,6035.43,0.2031,true
ST07,CITY0,Mall,2025-05-13,19,false,69,12,5654.65,0.1739,true
ST08,CITY1,High Street,2025-05-14,20,false,57,15,6103.29,0.2632,true
ST09,CITY2,Mall,2025-05-15,21,false,38,3,1057.89,0.0789,true
ST10,CITY3,High Street,2025-05-04,11,true,57,12,5995.75,0.2105,true
ST11,CITY4,Mall,2025-05-05,12,false,34,6,2845.46,0.1765,true
ST12,CITY5,High Street,2025-05-06,13,false,30,5,3284.26,0.1667,true
ST01,CITY0,Mall,2025-05-07,14,false,20,2,717.26,0.1,true
ST02,CITY1,High Street,2025-05-08,15,false,22,2,1190.18,0.0909,true
ST03,CITY2,Mall,2025-05-09,16,false,22,3,921.47,0.1364,true
ST04,CITY3,High Street,2025-05-10,17,true,44,10,4187.91,0.2273,true
ST05,CITY4,Mall,2025-05-11,18,true,81,8,5767.16,0.0988,true
ST06,CITY5,High Street,2025-05-12,19,false,45,9,3759.41,0.2,true
ST07,CITY0,Mall,2025-05-13,20,false,67,12,5205.33,0.1791,true
ST08,CITY1,High Street,2025-05-14,21,false,22,6,2328.2,0.2727,true
ST09,CITY2,Mall,2025-05-15,10,false,30,3,2306.89,0.1,true
ST10,CITY3,High Street,2025-05-04,12,true,47,10,9109.31,0.2128,true
ST11,CITY4,Mall,2025-05-05,13,false,30,5,2027.64,0.1667,true
ST12,CITY5,High Street,2025-05-06,14,false,17,1,367.83,0.0588,true
ST01,CITY0,Mall,2025-05-07,15,false,16,1,424.46,0.0625,true
ST02,CITY1,High Street,2025-05-08,16,false,20,2,574.22,0.1,true
ST03,CITY2,Mall,2025-05-09,17,false,35,9,3283.37,0.2571,true
ST04,CITY3,High Street,2025-05-10,18,true,110,26,14248.43,0.2364,true
ST05,CITY4,Mall,2025-05-11,19,true,91,9,3521.66,0.0989,true
ST06,CITY5,High Street,2025-05-12,20,false,68,14,6763.46,0.2059,true
ST07,CITY0,Mall,2025-05-13,21,false,33,6,3562.73,0.1818,true
ST08,CITY1,High Street,2025-05-14,10,false,28,7,4302.03,0.25,true
ST09,CITY2,Mall,2025-05-15,11,false,32,3,2148.01,0.0938,true
ST10,CITY3,High Street,2025-05-04,13,true,44,9,3462.32,0.2045,true
ST11,CITY4,Mall,2025-05-05,14,false,15,1,292.15,0.0667,true
ST12,CITY5,High Street,2025-05-06,15,false,21,1,357.37,0.0476,true
ST01,CITY0,Mall,2025-05-07,16,false,22,2,1619.09,0.0909,true
ST02,CITY1,High Street,2025-05-08,17,false,27,7,4019.97,0.2593,true
ST03,CITY2,Mall,2025-05-09,18,false,58,16,9736.51,0.2759,true
ST04,CITY3,High Street,2025-05-10,19,true,107,25,15550.0,0.2336,true
ST05,CITY4,Mall,2025-05-11,20,true,107,10,3781.95,0.0935,true
ST06,CITY5,High Street,2025-05-12,21,false,39,8,3419.81,0.2051,true
ST07,CITY0,Mall,2025-05-13,10,false,34,6,3325.11,0.1765,true
ST08,CITY1,High Street,2025-05-14,11,false,24,6,2367.68,0.25,true
ST09,CITY2,Mall,2025-05-15,12,false,39,4,4030.51,0.1026,true
ST10,CITY3,High Street,2025-05-04,14,true,23,2,697.68,0.087,true
ST11,CITY4,Mall,2025-05-05,15,false,23,2,949.37,0.087,true
ST12,CITY5,High Street,2025-05-06,16,false,15,1,92.39,0.0667,true
ST01,CITY0,Mall,2025-05-07,17,false,34,6,2199.84,0.1765,true
ST02,CITY1,High Street,2025-05-08,18,false,56,14,6947.38,0.25,true
ST03,CITY2,Mall,2025-05-09,19,false,60,16,9624.7,0.2667,true
ST04,CITY3,High Street,2025-05-10,20,true,84,20,7669.06,0.2381,true
ST05,CITY4,Mall,2025-05-11,21,true,36,3,1573.69,0.0833,true
ST06,CITY5,High Street,2025-05-12,10,false,33,7,4040.13,0.2121,true
ST07,CITY0,Mall,2025-05-13,11,false,38,7,3409.83,0.1842,true
ST08,CITY1,High Street,2025-05-14,12,false,25,6,2953.28,0.24,true
ST09,CITY2,Mall,2025-05-15,13,false,32,3,944.08,0.0938,true
ST10,CITY3,High Street,2025-05-04,15,true,27,3,1686.24,0.1111,true
ST11,CITY4,Mall,2025-05-05,16,false,16,1,539.16,0.0625,true
ST12,CITY5,High Street,2025-05-06,17,false,39,6,4269.29,0.1538,true
ST01,CITY0,Mall,2025-05-07,18,false,44,8,2102.54,0.1818,true
ST02,CITY1,High Street,2025-05-08,19,false,48,12,7604.18,0.25,true
ST03,CITY2,Mall,2025-05-09,20,false,58,16,7471.67,0.2759,true
ST04,CITY3,High Street,2025-05-10,21,true,57,13,7869.24,0.2281,true
ST05,CITY4,Mall,2025-05-11,10,true,35,3,1203.55,0.0857,true
ST06,CITY5,High Street,2025-05-12,11,false,31,6,4269.96,0.1935,true
ST07,CITY0,Mall,2025-05-13,12,false,23,4,1572.53,0.1739,true
ST08,CITY1,High Street,2025-05-14,13,false,25,6,1552.17,0.24,true
ST09,CITY2,Mall,2025-05-15,14,false,17,1,390.98,0.0588,true
ST10,CITY3,High Street,2025-05-04,16,true,25,2,926.6,0.08,true
ST11,CITY4,Mall,2025-05-05,17,false,23,4,1821.45,0.1739,true
ST12,CITY5,High Street,2025-05-06,18,false,40,6,2976.16,0.15,true
ST01,CITY0,Mall,2025-05-07,19,false,66,12,6814.73,0.1818,true
ST02,CITY1,High Street,2025-05-08,20,false,48,12,6475.52,0.25,true
ST03,CITY2,Mall,2025-05-09,21,false,23,6,4296.77,0.2609,true
ST04,CITY3,High Street,2025-05-10,10,true,59,14,6860.7,0.2373,true
ST05,CITY4,Mall,2025-05-11,11,true,58,5,3150.45,0.0862,true
ST06,CITY5,High Street,2025-05-12,12,false,22,5,2653.05,0.2273,true
ST07,CITY0,Mall,2025-05-13,13,false,31,5,2166.79,0.1613,true
ST08,CITY1,High Street,2025-05-14,14,false,20,2,961.8,0.1,true
ST09,CITY2,Mall,2025-05-15,15,false,18,1,524.98,0.0556,true
ST10,CITY3,High Street,2025-05-04,17,true,56,12,7254.44,0.2143,true
ST11,CITY4,Mall,2025-05-05,18,false,59,10,5753.06,0.1695,true
ST12,CITY5,High Street,2025-05-06,19,false,60,9,4713.85,0.15,true
ST01,CITY0,Mall,2025-05-07,20,false,49,9,3704.5,0.1837,true
ST02,CITY1,High Street,2025-05-08,21,false,28,7,2482.44,0.25,true
ST03,CITY2,Mall,2025-05-09,10,false,36,10,5427.62,0.2778,true
ST04,CITY3,High Street,2025-05-10,11,true,43,10,5826.08,0.2326,true
ST05,CITY4,Mall,2025-05-11,12,true,62,6,3881.05,0.0968,true
ST06,CITY5,High Street,2025-05-12,13,false,29,6,2042.79,0.2069,true
ST07,CITY0,Mall,2025-05-13,14,false,18,1,106.5,0.0556,true
ST08,CITY1,High Street,2025-05-14,15,false,18,2,729.99,0.1111,true
ST09,CITY2,Mall,2025-05-15,16,false,20,1,178.23,0.05,true
ST10,CITY3,High Street,2025-05-04,18,true,93,19,10907.74,0.2043,true
ST11,CITY4,Mall,2025-05-05,19,false,68,12,4763.78,0.1765,true
ST12,CITY5,High Street,2025-05-06,20,false,69,11,4480.61,0.1594,true
ST01,CITY0,Mall,2025-05-07,21,false,27,5,2509.56,0.1852,true
ST02,CITY1,High Street,2025-05-08,10,false,38,9,4289.59,0.2368,true
ST03,CITY2,Mall,2025-05-09,11,false,30,8,3344.75,0.2667,true
ST04,CITY3,High Street,2025-05-10,12,true,40,9,6597.07,0.225,true
ST05,CITY4,Mall,2025-05-11,13,true,35,3,1302.45,0.0857,true
ST06,CITY5,High Street,2025-05-12,14,false,13,1,1041.41,0.0769,true
ST07,CITY0,Mall,2025-05-13,15,false,18,1,808.3,0.0556,true
ST08,CITY1,High Street,2025-05-14,16,false,13,1,514.61,0.0769,true
ST09,CITY2,Mall,2025-05-15,17,false,27,2,482.48,0.0741,true
ST10,CITY3,High Street,2025-05-04,19,true,79,16,8104.47,0.2025,true
ST11,CITY4,Mall,2025-05-05,20,false,55,10,4737.77,0.1818,true
ST12,CITY5,High Street,2025-05-06,21,false,34,5,1623.91,0.1471,true
ST01,CITY0,Mall,2025-05-07,10,false,,4,5081.58,,false
ST02,CITY1,High Street,2025-05-08,11,false,29,7,2118.17,0.2414,true
ST03,CITY2,Mall,2025-05-09,12,false,25,7,3534.97,0.28,true
ST04,CITY3,High Street,2025-05-10,13,true,37,9,4248.15,0.2432,true
ST05,CITY4,Mall,2025-05-11,14,true,33,1,258.39,0.0303,true
ST06,CITY5,High Street,2025-05-12,15,false,19,2,1005.73,0.1053,true
ST07,CITY0,Mall,2025-05-13,16,false,16,1,692.21,0.0625,true
ST08,CITY1,High Street,2025-05-14,17,false,24,6,2365.67,0.25,true
ST09,CITY2,Mall,2025-05-15,18,false,55,5,2862.57,0.0909,true
ST10,CITY3,High Street,2025-05-04,20,true,71,15,6856.71,0.2113,true
ST11,CITY4,Mall,2025-05-05,21,false,21,4,2251.85,0.1905,true
ST12,CITY5,High Street,2025-05-06,10,false,36,6,5549.63,0.1667,true
ST01,CITY0,Mall,2025-05-07,11,false,,5,2672.78,,false
ST02,CITY1,High Street,2025-05-08,12,false,27,7,3601.24,0.2593,true
ST03,CITY2,Mall,2025-05-09,13,false,37,10,5259.34,0.2703,true
ST04,CITY3,High Street,2025-05-10,14,true,20,2,1140.31,0.1,true
ST05,CITY4,Mall,2025-05-11,15,true,31,1,1085.74,0.0323,true
ST06,CITY5,High Street,2025-05-12,16,false,16,1,557.01,0.0625,true
ST07,CITY0,Mall,2025-05-13,17,false,25,4,700.86,0.16,true
ST08,CITY1,High Street,2025-05-14,18,false,51,13,5564.22,0.2549,true
ST09,CITY2,Mall,2025-05-15,19,false,47,4,2626.78,0.0851,true
ST10,CITY3,High Street,2025-05-04,21,true,49,10,3556.01,0.2041,true
ST11,CITY4,Mall,2025-05-05,10,false,32,6,4624.96,0.1875,true
ST12,CITY5,High Street,2025-05-06,11,false,35,5,2070.62,0.1429,true
ST01,CITY0,Mall,2025-05-07,12,false,,5,1586.23,,false
ST02,CITY1,High Street,2025-05-08,13,false,37,9,4970.79,0.2432,true
ST03,CITY2,Mall,2025-05-09,14,false,19,2,831.61,0.1053,true
ST04,CITY3,High Street,2025-05-10,15,true,21,2,888.95,0.0952,true
ST05,CITY4,Mall,2025-05-11,16,true,,1,287.48,,false
ST06,CITY5,High Street,2025-05-12,17,false,22,5,2191.3,0.2273,true
ST07,CITY0,Mall,2025-05-13,18,false,61,11,6751.62,0.1803,true
ST08,CITY1,High Street,2025-05-14,19,false,60,15,8060.05,0.25,true
ST09,CITY2,Mall,2025-05-15,20,false,66,6,2713.7,0.0909,true
ST11,CITY4,Mall,2025-05-04,10,true,42,6,2360.21,0.1429,true
ST12,CITY5,High Street,2025-05-05,11,false,33,5,2636.85,0.1515,true
ST01,CITY0,Mall,2025-05-06,12,false,33,6,3137.11,0.1818,true
ST02,CITY1,High Street,2025-05-07,13,false,24,6,3001.43,0.25,true
ST03,CITY2,Mall,2025-05-08,14,false,21,3,1629.57,0.1429,true
ST04,CITY3,High Street,2025-05-09,15,false,16,2,980.87,0.125,true
ST05,CITY4,Mall,2025-05-10,16,true,33,1,418.41,0.0303,true
ST06,CITY5,High Street,2025-05-11,17,true,,8,3063.38,,false
ST07,CITY0,Mall,2025-05-12,18,false,62,11,3890.9,0.1774,true
ST08,CITY1,High Street,2025-05-13,19,false,40,10,5872.68,0.25,true
ST09,CITY2,Mall,2025-05-14,20,false,40,4,1612.88,0.1,true
ST10,CITY3,High Street,2025-05-15,21,false,28,7,3894.2,0.25,true
ST11,CITY4,Mall,2025-05-04,11,true,56,8,2808.94,0.1429,true
ST12,CITY5,High Street,2025-05-05,12,false,34,5,3480.57,0.1471,true
ST01,CITY0,Mall,2025-05-06,13,false,27,5,2851.03,0.1852,true
ST02,CITY1,High Street,2025-05-07,14,false,17,2,1796.95,0.1176,true
ST03,CITY2,Mall,2025-05-08,15,false,19,2,659.35,0.1053,true
ST04,CITY3,High Street,2025-05-09,16,false,14,2,764.13,0.1429,true
ST05,CITY4,Mall,2025-05-10,17,true,60,6,1952.66,0.1,true
ST06,CITY5,High Street,2025-05-11,18,true,90,16,7900.24,0.1778,true
ST07,CITY0,Mall,2025-05-12,19,false,69,12,6793.99,0.1739,true
ST08,CITY1,High Street,2025-05-13,20,false,51,13,6371.43,0.2549,true
ST09,CITY2,Mall,2025-05-14,21,false,34,3,1607.72,0.0882,true
ST10,CITY3,High Street,2025-05-15,10,false,35,9,5163.41,0.2571,true
ST11,CITY4,Mall,2025-05-04,12,true,41,6,2926.82,0.1463,true
ST12,CITY5,High Street,2025-05-05,13,false,32,5,2718.62,0.1563,true
ST01,CITY0,Mall,2025-05-06,14,false,15,1,1948.46,0.0667,true
ST02,CITY1,High Street,2025-05-07,15,false,18,2,826.1,0.1111,true
ST03,CITY2,Mall,2025-05-08,16,false,22,3,1402.75,0.1364,true
ST04,CITY3,High Street,2025-05-09,17,false,26,7,3156.47,0.2692,true
ST05,CITY4,Mall,2025-05-10,18,true,95,9,5454.57,0.0947,true
ST06,CITY5,High Street,2025-05-11,19,true,104,18,6869.45,0.1731,true
ST07,CITY0,Mall,2025-05-12,20,false,68,12,6036.51,0.1765,true
ST08,CITY1,High Street,2025-05-13,21,false,27,7,3649.79,0.2593,true
ST09,CITY2,Mall,2025-05-14,10,false,30,3,1851.62,0.1,true
ST10,CITY3,High Street,2025-05-15,11,false,27,7,3952.78,0.2593,true
ST11,CITY4,Mall,2025-05-04,13,true,55,8,2661.1,0.1455,true
ST12,CITY5,High Street,2025-05-05,14,false,18,1,170.2,0.0556,true
ST01,CITY0,Mall,2025-05-06,15,false,15,1,387.98,0.0667,true
ST02,CITY1,High Street,2025-05-07,16,false,20,2,752.75,0.1,true
ST03,CITY2,Mall,2025-05-08,17,false,34,9,3543.86,0.2647,true
ST04,CITY3,High Street,2025-05-09,18,false,52,14,7112.61,0.2692,true
ST05,CITY4,Mall,2025-05-10,19,true,80,8,5380.67,0.1,true
ST06,CITY5,High Street,2025-05-11,20,true,94,17,9301.1,0.1809,true
ST07,CITY0,Mall,2025-05-12,21,false,29,5,2040.73,0.1724,true
ST08,CITY1,High Street,2025-05-13,10,false,24,6,3244.23,0.25,true
ST09,CITY2,Mall,2025-05-14,11,false,32,3,1265.7,0.0938,true
ST10,CITY3,High Street,2025-05-15,12,false,35,9,3336.87,0.2571,true
ST11,CITY4,Mall,2025-05-04,14,true,23,2,1591.9,0.087,true
ST12,CITY5,High Street,2025-05-05,15,false,15,1,326.23,0.0667,true
ST01,CITY0,Mall,2025-05-06,16,false,13,1,685.55,0.0769,true
ST02,CITY1,High Street,2025-05-07,17,false,23,6,3034.21,0.2609,true
ST03,CITY2,Mall,2025-05-08,18,false,52,14,10609.13,0.2692,true
ST04,CITY3,High Street,2025-05-09,19,false,51,14,5213.97,0.2745,true
ST05,CITY4,Mall,2025-05-10,20,true,97,9,4566.73,0.0928,true
ST06,CITY5,High Street,2025-05-11,21,true,52,9,2958.61,0.1731,true
ST07,CITY0,Mall,2025-05-12,10,false,31,5,2351.55,0.1613,true
ST08,CITY1,High Street,2025-05-13,11,false,30,8,5343.89,0.2667,true
ST09,CITY2,Mall,2025-05-14,12,false,28,3,1544.62,0.1071,true
ST10,CITY3,High Street,2025-05-15,13,false,28,7,4461.97,0.25,true
ST11,CITY4,Mall,2025-05-04,15,true,26,2,703.25,0.0769,true
ST12,CITY5,High Street,2025-05-05,16,false,14,1,700.12,0.0714,true
ST01,CITY0,Mall,2025-05-06,17,false,38,7,4903.12,0.1842,true
ST02,CITY1,High Street,2025-05-07,18,false,38,9,5464.14,0.2368,true
ST03,CITY2,Mall,2025-05-08,19,false,68,18,13216.47,0.2647,true
ST04,CITY3,High Street,2025-05-09,20,false,59,16,9559.57,0.2712,true
ST05,CITY4,Mall,2025-05-10,21,true,36,3,1200.54,0.0833,true
ST06,CITY5,High Street,2025-05-11,10,true,60,11,4058.99,0.1833,true
ST07,CITY0,Mall,2025-05-12,11,false,39,7,4420.71,0.1795,true
ST08,CITY1,High Street,2025-05-13,12,false,23,6,6551.92,0.2609,true
ST09,CITY2,Mall,2025-05-14,13,false,37,3,1556.97,0.0811,true
ST10,CITY3,High Street,2025-05-15,14,false,22,2,1499.18,0.0909,true
ST11,CITY4,Mall,2025-05-04,16,true,33,2,704.35,0.0606,true
ST12,CITY5,High Street,2025-05-05,17,false,22,3,2002.2,0.1364,true
ST01,CITY0,Mall,2025-05-06,18,false,59,10,5179.15,0.1695,true
ST02,CITY1,High Street,2025-05-07,19,false,52,13,6428.61,0.25,true
ST03,CITY2,Mall,2025-05-08,20,false,46,12,8554.2,0.2609,true
ST04,CITY3,High Street,2025-05-09,21,false,30,8,5500.71,0.2667,true
ST05,CITY4,Mall,2025-05-10,10,true,39,4,1431.26,0.1026,true
ST06,CITY5,High Street,2025-05-11,11,true,44,8,3061.35,0.1818,true
ST07,CITY0,Mall,2025-05-12,12,false,33,6,2213.58,0.1818,true
ST08,CITY1,High Street,2025-05-13,13,false,33,8,3246.56,0.2424,true
ST09,CITY2,Mall,2025-05-14,14,false,16,1,723.62,0.0625,true
ST10,CITY3,High Street,2025-05-15,15,false,13,1,96.08,0.0769,true
ST11,CITY4,Mall,2025-05-04,17,true,45,7,2940.37,0.1556,true
ST12,CITY5,High Street,2025-05-05,18,false,60,9,5111.73,0.15,true
ST01,CITY0,Mall,2025-05-06,19,false,55,10,7607.71,0.1818,true
ST02,CITY1,High Street,2025-05-07,20,false,47,12,4265.26,0.2553,true
ST03,CITY2,Mall,2025-05-08,21,false,25,7,2906.22,0.28,true
ST04,CITY3,High Street,2025-05-09,10,false,36,10,5766.2,0.2778,true
ST05,CITY4,Mall,2025-05-10,11,true,54,5,4632.67,0.0926,true
ST06,CITY5,High Street,2025-05-11,12,true,45,8,3400.94,0.1778,true
ST07,CITY0,Mall,2025-05-12,13,false,23,4,2054.38,0.1739,true
ST08,CITY1,High Street,2025-05-13,14,false,15,2,1239.5,0.1333,true
ST09,CITY2,Mall,2025-05-14,15,false,21,1,390.68,0.0476,true
ST10,CITY3,High Street,2025-05-15,16,false,16,2,1683.67,0.125,true
ST11,CITY4,Mall,2025-05-04,18,true,108,16,9789.69,0.1481,true
ST12,CITY5,High Street,2025-05-05,19,false,39,6,2857.98,0.1538,true
ST01,CITY0,Mall,2025-05-06,20,false,60,11,6046.02,0.1833,true
ST02,CITY1,High Street,2025-05-07,21,false,30,7,4127.38,0.2333,true
ST03,CITY2,Mall,2025-05-08,10,false,27,7,3314.92,0.2593,true
ST04,CITY3,High Street,2025-05-09,11,false,36,10,3445.18,0.2778,true
ST05,CITY4,Mall,2025-05-10,12,true,52,5,2273.71,0.0962,true
ST06,CITY5,High Street,2025-05-11,13,true,59,10,6126.76,0.1695,true
ST07,CITY0,Mall,2025-05-12,14,false,21,2,650.07,0.0952,true
ST08,CITY1,High Street,2025-05-13,15,false,14,2,716.22,0.1429,true
ST09,CITY2,Mall,2025-05-14,16,false,19,1,277.19,0.0526,true
ST10,CITY3,High Street,2025-05-15,17,false,30,7,3699.0,0.2333,true
ST11,CITY4,Mall,2025-05-04,19,true,94,14,6056.35,0.1489,true
ST12,CITY5,High Street,2025-05-05,20,false,58,9,6344.52,0.1552,true
ST01,CITY0,Mall,2025-05-06,21,false,37,7,2640.36,0.1892,true
ST02,CITY1,High Street,2025-05-07,10,false,,9,4888.67,,false
ST03,CITY2,Mall,2025-05-08,11,false,34,9,3847.55,0.2647,true
ST04,CITY3,High Street,2025-05-09,12,false,36,10,6085.86,0.2778,true
ST05,CITY4,Mall,2025-05-10,13,true,35,3,939.7,0.0857,true
ST06,CITY5,High Street,2025-05-11,14,true,36,3,1987.4,0.0833,true
ST07,CITY0,Mall,2025-05-12,15,false,15,1,1132.55,0.0667,true
ST08,CITY1,High Street,2025-05-13,16,false,15,2,941.06,0.1333,true
ST09,CITY2,Mall,2025-05-14,17,false,28,3,1207.48,0.1071,true
ST10,CITY3,High Street,2025-05-15,18,false,46,11,7088.16,0.2391,true
ST11,CITY4,Mall,2025-05-04,20,true,90,14,8558.04,0.1556,true
ST12,CITY5,High Street,2025-05-05,21,false,26,4,3212.03,0.1538,true
ST01,CITY0,Mall,2025-05-06,10,false,24,4,2832.32,0.1667,true
ST02,CITY1,High Street,2025-05-07,11,false,,9,4270.45,,false
ST03,CITY2,Mall,2025-05-08,12,false,26,7,2867.11,0.2692,true
ST04,CITY3,High Street,2025-05-09,13,false,34,9,3401.75,0.2647,true
ST05,CITY4,Mall,2025-05-10,14,true,28,1,800.19,0.0357,true
ST06,CITY5,High Street,2025-05-11,15,true,29,2,2552.74,0.069,true
ST07,CITY0,Mall,2025-05-12,16,false,23,2,1141.93,0.087,true
ST08,CITY1,High Street,2025-05-13,17,false,30,8,3538.07,0.2667,true
ST09,CITY2,Mall,2025-05-14,18,false,61,6,1627.55,0.0984,true
ST10,CITY3,High Street,2025-05-15,19,false,44,11,6360.72,0.25,true
ST11,CITY4,Mall,2025-05-04,21,true,46,7,3176.57,0.1522,true
ST12,CITY5,High Street,2025-05-05,10,false,33,5,2738.09,0.1515,true
ST01,CITY0,Mall,2025-05-06,11,false,30,5,2010.96,0.1667,true
ST02,CITY1,High Street,2025-05-07,12,false,,9,3909.83,,false
ST03,CITY2,Mall,2025-05-08,13,false,32,9,3028.18,0.2813,true
ST04,CITY3,High Street,2025-05-09,14,false,17,2,634.83,0.1176,true
ST05,CITY4,Mall,2025-05-10,15,true,35,1,538.25,0.0286,true
ST06,CITY5,High Street,2025-05-11,16,true,,2,461.32,,false
ST07,CITY0,Mall,2025-05-12,17,false,29,5,3527.59,0.1724,true
ST08,CITY1,High Street,2025-05-13,18,false,43,11,5101.34,0.2558,true
ST09,CITY2,Mall,2025-05-14,19,false,57,5,2835.79,0.0877,true
ST10,CITY3,High Street,2025-05-15,20,false,39,10,5275.77,0.2564,true
ST12,CITY5,High Street,2025-05-04,10,true,40,5,1215.88,0.125,true
ST01,CITY0,Mall,2025-05-05,11,false,33,6,5462.45,0.1818,true
ST02,CITY1,High Street,2025-05-06,12,false,36,9,4915.85,0.25,true
ST03,CITY2,Mall,2025-05-07,13,false,34,9,5806.65,0.2647,true
ST04,CITY3,High Street,2025-05-08,14,false,18,2,807.37,0.1111,true
ST05,CITY4,Mall,2025-05-09,15,false,20,1,620.43,0.05,true
ST06,CITY5,High Street,2025-05-10,16,true,25,2,1473.09,0.08,true
ST07,CITY0,Mall,2025-05-11,17,true,,7,3909.94,,false
ST08,CITY1,High Street,2025-05-12,18,false,69,18,8227.67,0.2609,true
ST09,CITY2,Mall,2025-05-13,19,false,56,5,3272.71,0.0893,true
ST10,CITY3,High Street,2025-05-14,20,false,66,16,6676.7,0.2424,true
ST11,CITY4,Mall,2025-05-15,21,false,26,5,2737.08,0.1923,true
ST12,CITY5,High Street,2025-05-04,11,true,54,7,3189.47,0.1296,true
ST01,CITY0,Mall,2025-05-05,12,false,29,5,2684.55,0.1724,true
ST02,CITY1,High Street,2025-05-06,13,false,30,7,2749.21,0.2333,true
ST03,CITY2,Mall,2025-05-07,14,false,23,3,4124.32,0.1304,true
ST04,CITY3,High Street,2025-05-08,15,false,14,2,776.08,0.1429,true
ST05,CITY4,Mall,2025-05-09,16,false,23,1,834.87,0.0435,true
ST06,CITY5,High Street,2025-05-10,17,true,48,8,4889.73,0.1667,true
ST07,CITY0,Mall,2025-05-11,18,true,105,15,6789.91,0.1429,true
ST08,CITY1,High Street,2025-05-12,19,false,61,16,9042.46,0.2623,true
ST09,CITY2,Mall,2025-05-13,20,false,70,6,2823.21,0.0857,true
ST10,CITY3,High Street,2025-05-14,21,false,35,9,3562.08,0.2571,true
ST11,CITY4,Mall,2025-05-15,10,false,31,5,1802.6,0.1613,true
ST12,CITY5,High Street,2025-05-04,12,true,62,8,4218.84,0.129,true
ST01,CITY0,Mall,2025-05-05,13,false,38,7,2629.24,0.1842,true
ST02,CITY1,High Street,2025-05-06,14,false,21,2,2626.15,0.0952,true
ST03,CITY2,Mall,2025-05-07,15,false,21,3,1795.83,0.1429,true
ST04,CITY3,High Street,2025-05-08,16,false,23,3,1030.89,0.1304,true
ST05,CITY4,Mall,2025-05-09,17,false,22,2,952.1,0.0909,true
ST06,CITY5,High Street,2025-05-10,18,true,89,16,8958.23,0.1798,true
ST07,CITY0,Mall,2025-05-11,19,true,90,13,9787.82,0.1444,true
ST08,CITY1,High Street,2025-05-12,20,false,42,11,9456.59,0.2619,true
ST09,CITY2,Mall,2025-05-13,21,false,29,3,1687.34,0.1034,true
ST10,CITY3,High Street,2025-05-14,10,false,31,8,4824.5,0.2581,true
ST11,CITY4,Mall,2025-05-15,11,false,29,5,2050.33,0.1724,true
ST12,CITY5,High Street,2025-05-04,13,true,38,5,2735.48,0.1316,true
ST01,CITY0,Mall,2025-05-05,14,false,17,1,463.93,0.0588,true
ST02,CITY1,High Street,2025-05-06,15,false,19,2,701.17,0.1053,true
ST03,CITY2,Mall,2025-05-07,16,false,18,2,266.83,0.1111,true
ST04,CITY3,High Street,2025-05-08,17,false,39,11,5745.71,0.2821,true
ST05,CITY4,Mall,2025-05-09,18,false,44,5,1641.56,0.1136,true
ST06,CITY5,High Street,2025-05-10,19,true,99,18,7641.14,0.1818,true
ST07,CITY0,Mall,2025-05-11,20,true,66,10,4212.27,0.1515,true
ST08,CITY1,High Street,2025-05-12,21,false,24,6,2993.68,0.25,true
ST09,CITY2,Mall,2025-05-13,10,false,25,2,1771.19,0.08,true
ST10,CITY3,High Street,2025-05-14,11,false,30,7,2998.31,0.2333,true
ST11,CITY4,Mall,2025-05-15,12,false,31,5,3078.99,0.1613,true
ST12,CITY5,High Street,2025-05-04,14,true,21,1,332.74,0.0476,true
ST01,CITY0,Mall,2025-05-05,15,false,13,1,626.3,0.0769,true
ST02,CITY1,High Street,2025-05-06,16,false,15,2,3269.21,0.1333,true
ST03,CITY2,Mall,2025-05-07,17,false,24,7,2611.14,0.2917,true
ST04,CITY3,High Street,2025-05-08,18,false,41,11,8202.32,0.2683,true
ST05,CITY4,Mall,2025-05-09,19,false,66,7,6096.3,0.1061,true
ST06,CITY5,High Street,2025-05-10,20,true,76,13,5958.98,0.1711,true
ST07,CITY0,Mall,2025-05-11,21,true,50,7,2460.49,0.14,true
ST08,CITY1,High Street,2025-05-12,10,false,22,6,3563.57,0.2727,true
ST09,CITY2,Mall,2025-05-13,11,false,39,4,1680.68,0.1026,true
ST10,CITY3,High Street,2025-05-14,12,false,30,7,3269.89,0.2333,true
ST11,CITY4,Mall,2025-05-15,13,false,21,4,1757.85,0.1905,true
ST12,CITY5,High Street,2025-05-04,15,true,26,2,1651.55,0.0769,true
ST01,CITY0,Mall,2025-05-05,16,false,17,1,345.78,0.0588,true
ST02,CITY1,High Street,2025-05-06,17,false,21,5,4671.64,0.2381,true
ST03,CITY2,Mall,2025-05-07,18,false,50,14,8489.89,0.28,true
ST04,CITY3,High Street,2025-05-08,19,false,48,13,5954.18,0.2708,true
ST05,CITY4,Mall,2025-05-09,20,false,40,4,2124.02,0.1,true
ST06,CITY5,High Street,2025-05-10,21,true,47,8,4015.29,0.1702,true
ST07,CITY0,Mall,2025-05-11,10,true,52,8,5027.26,0.1538,true
ST08,CITY1,High Street,2025-05-12,11,false,21,5,2229.39,0.2381,true
ST09,CITY2,Mall,2025-05-13,12,false,21,2,1370.96,0.0952,true
ST10,CITY3,High Street,2025-05-14,13,false,23,6,2555.89,0.2609,true
ST11,CITY4,Mall,2025-05-15,14,false,13,1,82.25,0.0769,true
ST12,CITY5,High Street,2025-05-04,16,true,30,2,544.78,0.0667,true
ST01,CITY0,Mall,2025-05-05,17,false,26,5,2722.18,0.1923,true
ST02,CITY1,High Street,2025-05-06,18,false,48,12,4744.09,0.25,true
ST03,CITY2,Mall,2025-05-07,19,false,56,15,5092.94,0.2679,true
ST04,CITY3,High Street,2025-05-08,20,false,44,12,5300.8,0.2727,true
ST05,CITY4,Mall,2025-05-09,21,false,33,4,1788.56,0.1212,true
ST06,CITY5,High Street,2025-05-10,10,true,46,8,2604.75,0.1739,true
ST07,CITY0,Mall,2025-05-11,11,true,41,6,2065.36,0.1463,true
ST08,CITY1,High Street,2025-05-12,12,false,26,7,3888.07,0.2692,true
ST09,CITY2,Mall,2025-05-13,13,false,29,3,2222.81,0.1034,true
ST10,CITY3,High Street,2025-05-14,14,false,20,2,950.37,0.1,true
ST11,CITY4,Mall,2025-05-15,15,false,16,1,272.89,0.0625,true
ST12,CITY5,High Street,2025-05-04,17,true,47,6,3355.38,0.1277,true
ST01,CITY0,Mall,2025-05-05,18,false,43,8,2374.04,0.186,true
ST02,CITY1,High Street,2025-05-06,19,false,63,16,5606.7,0.254,true
ST03,CITY2,Mall,2025-05-07,20,false,61,17,7515.63,0.2787,true
ST04,CITY3,High Street,2025-05-08,21,false,35,10,5514.36,0.2857,true
ST05,CITY4,Mall,2025-05-09,10,false,35,4,713.75,0.1143,true
ST06,CITY5,High Street,2025-05-10,11,true,62,11,6144.7,0.1774,true
ST07,CITY0,Mall,2025-05-11,12,true,39,6,2672.08,0.1538,true
ST08,CITY1,High Street,2025-05-12,13,false,22,6,1752.11,0.2727,true
ST09,CITY2,Mall,2025-05-13,14,false,18,1,209.25,0.0556,true
ST10,CITY3,High Street,2025-05-14,15,false,20,2,1153.31,0.1,true
ST11,CITY4,Mall,2025-05-15,16,false,23,2,1148.4,0.087,true
ST12,CITY5,High Street,2025-05-04,18,true,65,8,3810.38,0.1231,true
ST01,CITY0,Mall,2025-05-05,19,false,57,10,7683.83,0.1754,true
ST02,CITY1,High Street,2025-05-06,20,false,69,17,7346.96,0.2464,true
ST03,CITY2,Mall,2025-05-07,21,false,35,9,2349.46,0.2571,true
ST04,CITY3,High Street,2025-05-08,10,false,30,8,5427.82,0.2667,true
ST05,CITY4,Mall,2025-05-09,11,false,27,3,772.75,0.1111,true
ST06,CITY5,High Street,2025-05-10,12,true,46,8,4838.77,0.1739,true
ST07,CITY0,Mall,2025-05-11,13,true,45,7,3905.41,0.1556,true
ST08,CITY1,High Street,2025-05-12,14,false,13,1,692.08,0.0769,true
ST09,CITY2,Mall,2025-05-13,15,false,20,1,1440.41,0.05,true
ST10,CITY3,High Street,2025-05-14,16,false,13,1,529.15,0.0769,true
ST11,CITY4,Mall,2025-05-15,17,false,30,5,2787.27,0.1667,true
ST12,CITY5,High Street,2025-05-04,19,true,61,8,3774.5,0.1311,true
ST01,CITY0,Mall,2025-05-05,20,false,42,7,8228.33,0.1667,true
ST02,CITY1,High Street,2025-05-06,21,false,32,8,3445.14,0.25,true
ST03,CITY2,Mall,2025-05-07,10,false,,9,4015.22,,false
ST04,CITY3,High Street,2025-05-08,11,false,30,8,4981.69,0.2667,true
ST05,CITY4,Mall,2025-05-09,12,false,27,3,1654.16,0.1111,true
ST06,CITY5,High Street,2025-05-10,13,true,53,9,4627.3,0.1698,true
ST07,CITY0,Mall,2025-05-11,14,true,30,2,796.7,0.0667,true
ST08,CITY1,High Street,2025-05-12,15,false,16,2,891.68,0.125,true
ST09,CITY2,Mall,2025-05-13,16,false,14,1,735.42,0.0714,true
ST10,CITY3,High Street,2025-05-14,17,false,37,9,6675.13,0.2432,true
ST11,CITY4,Mall,2025-05-15,18,false,63,11,4656.76,0.1746,true
ST12,CITY5,High Street,2025-05-04,20,true,111,14,7650.74,0.1261,true
ST01,CITY0,Mall,2025-05-05,21,false,29,5,2286.31,0.1724,true
ST02,CITY1,High Street,2025-05-06,10,false,33,8,2902.13,0.2424,true
ST03,CITY2,Mall,2025-05-07,11,false,,9,4169.37,,false
ST04,CITY3,High Street,2025-05-08,12,false,29,8,6421.82,0.2759,true
ST05,CITY4,Mall,2025-05-09,13,false,25,3,1415.92,0.12,true
ST06,CITY5,High Street,2025-05-10,14,true,21,2,1584.48,0.0952,true
ST07,CITY0,Mall,2025-05-11,15,true,27,2,1280.35,0.0741,true
ST08,CITY1,High Street,2025-05-12,16,false,20,2,1477.26,0.1,true
ST09,CITY2,Mall,2025-05-13,17,false,34,3,2137.31,0.0882,true
ST10,CITY3,High Street,2025-05-14,18,false,46,11,5705.67,0.2391,true
ST11,CITY4,Mall,2025-05-15,19,false,51,9,4325.03,0.1765,true
ST12,CITY5,High Street,2025-05-04,21,true,42,5,3635.91,0.119,true
ST01,CITY0,Mall,2025-05-05,10,false,39,7,3193.35,0.1795,true
ST02,CITY1,High Street,2025-05-06,11,false,28,7,2608.57,0.25,true
ST03,CITY2,Mall,2025-05-07,12,false,,11,4762.25,,false
ST04,CITY3,High Street,2025-05-08,13,false,32,9,3683.6,0.2813,true
ST05,CITY4,Mall,2025-05-09,14,false,14,1,96.39,0.0714,true
ST06,CITY5,High Street,2025-05-10,15,true,28,2,913.33,0.0714,true
ST07,CITY0,Mall,2025-05-11,16,true,,2,223.19,,false
ST08,CITY1,High Street,2025-05-12,17,false,22,6,2382.42,0.2727,true
ST09,CITY2,Mall,2025-05-13,18,false,60,6,2433.99,0.1,true
ST10,CITY3,High Street,2025-05-14,19,false,43,10,5303.26,0.2326,true
ST11,CITY4,Mall,2025-05-15,20,false,53,9,6697.92,0.1698,true
ST01,CITY0,Mall,2025-05-16,10,false,,7,4281.82,,false
ST02,CITY1,High Street,2025-05-17,11,true,35,7,2937.7,0.2,true
ST03,CITY2,Mall,2025-05-18,12,true,36,8,3940.46,0.2222,true
ST04,CITY3,High Street,2025-05-19,13,false,30,8,3531.83,0.2667,true
ST05,CITY4,Mall,2025-05-20,14,false,20,1,887.48,0.05,true
ST06,CITY5,High Street,2025-05-21,15,false,20,2,219.35,0.1,true
ST07,CITY0,Mall,2025-05-22,16,false,18,1,201.26,0.0556,true
ST08,CITY1,High Street,2025-05-23,17,false,32,8,3991.46,0.25,true
ST09,CITY2,Mall,2025-05-24,18,true,75,6,2601.67,0.08,true
ST10,CITY3,High Street,2025-05-25,19,true,97,20,11684.05,0.2062,true
ST11,CITY4,Mall,2025-05-26,20,false,42,7,4715.5,0.1667,true
ST12,CITY5,High Street,2025-05-16,21,false,34,5,3918.27,0.1471,true
ST01,CITY0,Mall,2025-05-16,11,false,,4,1690.99,,false
ST02,CITY1,High Street,2025-05-17,12,true,38,8,5703.8,0.2105,true
ST03,CITY2,Mall,2025-05-18,13,true,57,13,6005.64,0.2281,true
ST04,CITY3,High Street,2025-05-19,14,false,18,2,1814.49,0.1111,true
ST05,CITY4,Mall,2025-05-20,15,false,19,1,480.12,0.0526,true
ST06,CITY5,High Street,2025-05-21,16,false,17,2,1553.26,0.1176,true
ST07,CITY0,Mall,2025-05-22,17,false,25,4,2369.44,0.16,true
ST08,CITY1,High Street,2025-05-23,18,false,64,16,8154.71,0.25,true
ST09,CITY2,Mall,2025-05-24,19,true,72,6,3282.49,0.0833,true
ST10,CITY3,High Street,2025-05-25,20,true,72,15,6783.33,0.2083,true
ST11,CITY4,Mall,2025-05-26,21,false,31,5,2337.49,0.1613,true
ST12,CITY5,High Street,2025-05-16,10,false,,5,1891.71,,false
ST01,CITY0,Mall,2025-05-16,12,false,23,4,1373.9,0.1739,true
ST02,CITY1,High Street,2025-05-17,13,true,58,12,5101.22,0.2069,true
ST03,CITY2,Mall,2025-05-18,14,true,34,4,2050.16,0.1176,true
ST04,CITY3,High Street,2025-05-19,15,false,18,2,2274.84,0.1111,true
ST05,CITY4,Mall,2025-05-20,16,false,,1,289.15,,false
ST06,CITY5,High Street,2025-05-21,17,false,23,5,3923.72,0.2174,true
ST07,CITY0,Mall,2025-05-22,18,false,49,8,2664.37,0.1633,true
ST08,CITY1,High Street,2025-05-23,19,false,54,14,5585.28,0.2593,true
ST09,CITY2,Mall,2025-05-24,20,true,74,6,3455.29,0.0811,true
ST10,CITY3,High Street,2025-05-25,21,true,36,7,6758.88,0.1944,true
ST11,CITY4,Mall,2025-05-26,10,false,24,4,2994.04,0.1667,true
ST12,CITY5,High Street,2025-05-16,11,false,,5,2076.54,,false
ST01,CITY0,Mall,2025-05-16,13,false,25,4,1374.8,0.16,true
ST02,CITY1,High Street,2025-05-17,14,true,23,2,3882.78,0.087,true
ST03,CITY2,Mall,2025-05-18,15,true,33,3,2718.99,0.0909,true
ST04,CITY3,High Street,2025-05-19,16,false,13,2,569.97,0.1538,true
ST05,CITY4,Mall,2025-05-20,17,false,,4,788.94,,false
ST06,CITY5,High Street,2025-05-21,18,false,52,11,5089.88,0.2115,true
ST07,CITY0,Mall,2025-05-22,19,false,41,7,3700.93,0.1707,true
ST08,CITY1,High Street,2025-05-23,20,false,52,13,7544.56,0.25,true
ST09,CITY2,Mall,2025-05-24,21,true,54,4,1664.79,0.0741,true
ST10,CITY3,High Street,2025-05-25,10,true,,10,5396.7,,false
ST11,CITY4,Mall,2025-05-26,11,false,34,6,4853.35,0.1765,true
ST12,CITY5,High Street,2025-05-16,12,false,35,5,2016.33,0.1429,true
ST01,CITY0,Mall,2025-05-16,14,false,22,2,424.33,0.0909,true
ST02,CITY1,High Street,2025-05-17,15,true,23,2,2960.74,0.087,true
ST03,CITY2,Mall,2025-05-18,16,true,25,3,2011.93,0.12,true
ST04,CITY3,High Street,2025-05-19,17,false,21,6,4186.88,0.2857,true
ST05,CITY4,Mall,2025-05-20,18,false,62,7,3700.2,0.1129,true
ST06,CITY5,High Street,2025-05-21,19,false,46,10,7543.96,0.2174,true
ST07,CITY0,Mall,2025-05-22,20,false,51,9,3987.23,0.1765,true
ST08,CITY1,High Street,2025-05-23,21,false,32,8,3799.93,0.25,true
ST09,CITY2,Mall,2025-05-24,10,true,54,4,1704.15,0.0741,true
ST10,CITY3,High Street,2025-05-25,11,true,,7,3431.07,,false
ST11,CITY4,Mall,2025-05-26,12,false,38,7,4440.76,0.1842,true
ST12,CITY5,High Street,2025-05-16,13,false,33,5,2377.62,0.1515,true
ST01,CITY0,Mall,2025-05-16,15,false,14,1,810.49,0.0714,true
ST02,CITY1,High Street,2025-05-17,16,true,24,2,1754.22,0.0833,true
ST03,CITY2,Mall,2025-05-18,17,true,53,12,5531.07,0.2264,true
ST04,CITY3,High Street,2025-05-19,18,false,64,18,13312.11,0.2813,true
ST05,CITY4,Mall,2025-05-20,19,false,55,6,2980.79,0.1091,true
ST06,CITY5,High Street,2025-05-21,20,false,63,13,6718.24,0.2063,true
ST07,CITY0,Mall,2025-05-22,21,false,32,6,3869.28,0.1875,true
ST08,CITY1,High Street,2025-05-23,10,false,25,6,2875.67,0.24,true
ST09,CITY2,Mall,2025-05-24,11,true,38,3,910.87,0.0789,true
ST10,CITY3,High Street,2025-05-25,12,true,,11,5420.39,,false
ST11,CITY4,Mall,2025-05-26,13,false,24,4,3589.87,0.1667,true
ST12,CITY5,High Street,2025-05-16,14,false,19,1,944.57,0.0526,true
ST01,CITY0,Mall,2025-05-16,16,false,17,1,453.99,0.0588,true
ST02,CITY1,High Street,2025-05-17,17,true,57,12,5544.32,0.2105,true
ST03,CITY2,Mall,2025-05-18,18,true,65,15,15537.33,0.2308,true
ST04,CITY3,High Street,2025-05-19,19,false,48,13,5170.53,0.2708,true
ST05,CITY4,Mall,2025-05-20,20,false,59,7,2517.61,0.1186,true
ST06,CITY5,High Street,2025-05-21,21,false,25,5,1623.83,0.2,true
ST07,CITY0,Mall,2025-05-22,10,false,35,6,5141.64,0.1714,true
ST08,CITY1,High Street,2025-05-23,11,false,37,9,5483.91,0.2432,true
ST09,CITY2,Mall,2025-05-24,12,true,53,4,1852.98,0.0755,true
ST10,CITY3,High Street,2025-05-25,13,true,62,13,7763.43,0.2097,true
ST11,CITY4,Mall,2025-05-26,14,false,16,1,198.66,0.0625,true
ST12,CITY5,High Street,2025-05-16,15,false,15,1,553.56,0.0667,true
ST01,CITY0,Mall,2025-05-16,17,false,22,4,1520.31,0.1818,true
ST02,CITY1,High Street,2025-05-17,18,true,65,14,7785.61,0.2154,true
ST03,CITY2,Mall,2025-05-18,19,true,96,22,11344.08,0.2292,true
ST04,CITY3,High Street,2025-05-19,20,false,43,12,4941.52,0.2791,true
ST05,CITY4,Mall,2025-05-20,21,false,28,3,1742.66,0.1071,true
ST06,CITY5,High Street,2025-05-21,10,false,29,6,1984.15,0.2069,true
ST07,CITY0,Mall,2025-05-22,11,false,25,4,1094.79,0.16,true
ST08,CITY1,High Street,2025-05-23,12,false,36,9,5441.2,0.25,true
ST09,CITY2,Mall,2025-05-24,13,true,42,3,3319.55,0.0714,true
ST10,CITY3,High Street,2025-05-25,14,true,23,2,680.89,0.087,true
ST11,CITY4,Mall,2025-05-26,15,false,16,1,310.8,0.0625,true
ST12,CITY5,High Street,2025-05-16,16,false,13,1,1016.04,0.0769,true
ST01,CITY0,Mall,2025-05-16,18,false,40,7,3268.32,0.175,true
ST02,CITY1,High Street,2025-05-17,19,true,83,18,6068.41,0.2169,true
ST03,CITY2,Mall,2025-05-18,20,true,100,23,9725.37,0.23,true
ST04,CITY3,High Street,2025-05-19,21,false,29,8,3825.52,0.2759,true
ST05,CITY4,Mall,2025-05-20,10,false,33,4,1243.01,0.1212,true
ST06,CITY5,High Street,2025-05-21,11,false,24,5,2306.74,0.2083,true
ST07,CITY0,Mall,2025-05-22,12,false,23,4,3666.11,0.1739,true
ST08,CITY1,High Street,2025-05-23,13,false,23,6,1592.04,0.2609,true
ST09,CITY2,Mall,2025-05-24,14,true,31,1,179.1,0.0323,true
ST10,CITY3,High Street,2025-05-25,15,true,21,2,1399.89,0.0952,true
ST11,CITY4,Mall,2025-05-26,16,false,18,1,113.61,0.0556,true
ST12,CITY5,High Street,2025-05-16,17,false,39,6,2841.06,0.1538,true
ST01,CITY0,Mall,2025-05-16,19,false,70,12,7986.89,0.1714,true
ST02,CITY1,High Street,2025-05-17,20,true,61,13,6340.86,0.2131,true
ST03,CITY2,Mall,2025-05-18,21,true,58,13,8045.47,0.2241,true
ST04,CITY3,High Street,2025-05-19,10,false,39,11,6158.32,0.2821,true
ST05,CITY4,Mall,2025-05-20,11,false,27,3,1493.55,0.1111,true
ST06,CITY5,High Street,2025-05-21,12,false,21,4,4156.43,0.1905,true
ST07,CITY0,Mall,2025-05-22,13,false,30,5,3362.87,0.1667,true
ST08,CITY1,High Street,2025-05-23,14,false,19,2,637.05,0.1053,true
ST09,CITY2,Mall,2025-05-24,15,true,24,1,821.57,0.0417,true
ST10,CITY3,High Street,2025-05-25,16,true,32,3,1700.27,0.0938,true
ST11,CITY4,Mall,2025-05-26,17,false,25,4,4155.63,0.16,true
ST12,CITY5,High Street,2025-05-16,18,false,63,10,4488.36,0.1587,true
ST01,CITY0,Mall,2025-05-16,20,false,56,10,7474.62,0.1786,true
ST02,CITY1,High Street,2025-05-17,21,true,60,13,8325.08,0.2167,true
ST03,CITY2,Mall,2025-05-18,10,true,48,11,4229.8,0.2292,true
ST04,CITY3,High Street,2025-05-19,11,false,34,9,7279.46,0.2647,true
ST05,CITY4,Mall,2025-05-20,12,false,34,4,3427.33,0.1176,true
ST06,CITY5,High Street,2025-05-21,13,false,34,7,5114.8,0.2059,true
ST07,CITY0,Mall,2025-05-22,14,false,13,1,459.7,0.0769,true
ST08,CITY1,High Street,2025-05-23,15,false,22,3,1042.63,0.1364,true
ST09,CITY2,Mall,2025-05-24,16,true,25,1,311.2,0.04,true
ST10,CITY3,High Street,2025-05-25,17,true,58,12,4752.01,0.2069,true
ST11,CITY4,Mall,2025-05-26,18,false,66,12,3828.32,0.1818,true
ST12,CITY5,High Street,2025-05-16,19,false,68,10,5666.54,0.1471,true
ST01,CITY0,Mall,2025-05-16,21,false,34,6,2354.24,0.1765,true
ST02,CITY1,High Street,2025-05-17,10,true,50,11,6771.99,0.22,true
ST03,CITY2,Mall,2025-05-18,11,true,61,14,5716.32,0.2295,true
ST04,CITY3,High Street,2025-05-19,12,false,22,6,2958.27,0.2727,true
ST05,CITY4,Mall,2025-05-20,13,false,29,3,1458.26,0.1034,true
ST06,CITY5,High Street,2025-05-21,14,false,20,2,700.14,0.1,true
ST07,CITY0,Mall,2025-05-22,15,false,18,1,476.53,0.0556,true
ST08,CITY1,High Street,2025-05-23,16,false,22,3,3724.02,0.1364,true
ST09,CITY2,Mall,2025-05-24,17,true,40,3,1113.3,0.075,true
ST10,CITY3,High Street,2025-05-25,18,true,75,16,8583.86,0.2133,true
ST11,CITY4,Mall,2025-05-26,19,false,58,10,3460.44,0.1724,true
ST12,CITY5,High Street,2025-05-16,20,false,57,9,3489.22,0.1579,true
ST01,CITY0,Mall,2025-05-17,10,true,53,8,5570.46,0.1509,true
ST02,CITY1,High Street,2025-05-18,11,true,55,12,6621.19,0.2182,true
ST03,CITY2,Mall,2025-05-19,12,false,31,8,2353.9,0.2581,true
ST04,CITY3,High Street,2025-05-20,13,false,39,11,6255.11,0.2821,true
ST05,CITY4,Mall,2025-05-21,14,false,16,1,522.88,0.0625,true
ST06,CITY5,High Street,2025-05-22,15,false,22,2,1825.21,0.0909,true
ST07,CITY0,Mall,2025-05-23,16,false,22,2,452.28,0.0909,true
ST08,CITY1,High Street,2025-05-24,17,true,57,12,5357.59,0.2105,true
ST09,CITY2,Mall,2025-05-25,18,true,90,7,2357.2,0.0778,true
ST10,CITY3,High Street,2025-05-26,19,false,58,14,5403.66,0.2414,true
ST11,CITY4,Mall,2025-05-16,20,false,55,10,4941.09,0.1818,true
ST12,CITY5,High Street,2025-05-17,21,true,35,5,3215.9,0.1429,true
ST01,CITY0,Mall,2025-05-17,11,true,62,9,3548.68,0.1452,true
ST02,CITY1,High Street,2025-05-18,12,true,52,11,7057.66,0.2115,true
ST03,CITY2,Mall,2025-05-19,13,false,35,9,6319.84,0.2571,true
ST04,CITY3,High Street,2025-05-20,14,false,21,3,789.74,0.1429,true
ST05,CITY4,Mall,2025-05-21,15,false,15,1,319.89,0.0667,true
ST06,CITY5,High Street,2025-05-22,16,false,16,1,120.47,0.0625,true
ST07,CITY0,Mall,2025-05-23,17,false,34,6,2697.74,0.1765,true
ST08,CITY1,High Street,2025-05-24,18,true,92,20,12131.92,0.2174,true
ST09,CITY2,Mall,2025-05-25,19,true,99,8,1927.56,0.0808,true
ST10,CITY3,High Street,2025-05-26,20,false,57,14,9298.57,0.2456,true
ST11,CITY4,Mall,2025-05-16,21,false,28,5,1972.07,0.1786,true
ST12,CITY5,High Street,2025-05-17,10,true,42,5,2879.96,0.119,true
ST01,CITY0,Mall,2025-05-17,12,true,62,9,4471.76,0.1452,true
ST02,CITY1,High Street,2025-05-18,13,true,40,8,4378.68,0.2,true
ST03,CITY2,Mall,2025-05-19,14,false,23,3,1067.71,0.1304,true
ST04,CITY3,High Street,2025-05-20,15,false,15,2,731.54,0.1333,true
ST05,CITY4,Mall,2025-05-21,16,false,19,1,473.13,0.0526,true
ST06,CITY5,High Street,2025-05-22,17,false,31,6,3856.25,0.1935,true
ST07,CITY0,Mall,2025-05-23,18,false,42,7,2485.12,0.1667,true
ST08,CITY1,High Street,2025-05-24,19,true,78,17,12801.76,0.2179,true
ST09,CITY2,Mall,2025-05-25,20,true,83,6,4859.81,0.0723,true
ST10,CITY3,High Street,2025-05-26,21,false,25,6,2418.9,0.24,true
ST11,CITY4,Mall,2025-05-16,10,false,,5,2252.66,,false
ST12,CITY5,High Street,2025-05-17,11,true,46,6,5022.73,0.1304,true
ST01,CITY0,Mall,2025-05-17,13,true,47,7,4841.78,0.1489,true
ST02,CITY1,High Street,2025-05-18,14,true,32,3,1296.06,0.0938,true
ST03,CITY2,Mall,2025-05-19,15,false,17,2,783.34,0.1176,true
ST04,CITY3,High Street,2025-05-20,16,false,,2,387.7,,false
ST05,CITY4,Mall,2025-05-21,17,false,33,4,1422.95,0.1212,true
ST06,CITY5,High Street,2025-05-22,18,false,52,11,5773.68,0.2115,true
ST07,CITY0,Mall,2025-05-23,19,false,51,9,5991.85,0.1765,true
ST08,CITY1,High Street,2025-05-24,20,true,78,17,11975.7,0.2179,true
ST09,CITY2,Mall,2025-05-25,21,true,43,3,803.51,0.0698,true
ST10,CITY3,High Street,2025-05-26,10,false,27,7,3592.48,0.2593,true
ST11,CITY4,Mall,2025-05-16,11,false,,7,3684.68,,false
ST12,CITY5,High Street,2025-05-17,12,true,55,7,4555.31,0.1273,true
ST01,CITY0,Mall,2025-05-17,14,true,36,2,1361.37,0.0556,true
ST02,CITY1,High Street,2025-05-18,15,true,30,3,914.15,0.1,true
ST03,CITY2,Mall,2025-05-19,16,false,15,2,1088.01,0.1333,true
ST04,CITY3,High Street,2025-05-20,17,false,,7,4474.96,,false
ST05,CITY4,Mall,2025-05-21,18,false,52,6,2015.79,0.1154,true
ST06,CITY5,High Street,2025-05-22,19,false,39,8,5340.52,0.2051,true
ST07,CITY0,Mall,2025-05-23,20,false,41,7,3228.61,0.1707,true
ST08,CITY1,High Street,2025-05-24,21,true,36,8,4216.17,0.2222,true
ST09,CITY2,Mall,2025-05-25,10,true,,3,3530.14,,false
ST10,CITY3,High Street,2025-05-26,11,false,22,5,1819.81,0.2273,true
ST11,CITY4,Mall,2025-05-16,12,false,24,4,2551.22,0.1667,true
ST12,CITY5,High Street,2025-05-17,13,true,57,7,2000.81,0.1228,true
ST01,CITY0,Mall,2025-05-17,15,true,25,2,1285.06,0.08,true
ST02,CITY1,High Street,2025-05-18,16,true,23,2,529.2,0.087,true
ST03,CITY2,Mall,2025-05-19,17,false,23,6,2207.95,0.2609,true
ST04,CITY3,High Street,2025-05-20,18,false,64,18,10407.81,0.2813,true
ST05,CITY4,Mall,2025-05-21,19,false,58,6,2838.31,0.1034,true
ST06,CITY5,High Street,2025-05-22,20,false,64,13,7721.81,0.2031,true
ST07,CITY0,Mall,2025-05-23,21,false,27,5,2192.19,0.1852,true
ST08,CITY1,High Street,2025-05-24,10,true,56,12,6183.36,0.2143,true
ST09,CITY2,Mall,2025-05-25,11,true,,3,2621.78,,false
ST10,CITY3,High Street,2025-05-26,12,false,28,7,2468.81,0.25,true
ST11,CITY4,Mall,2025-05-16,13,false,31,5,2975.45,0.1613,true
ST12,CITY5,High Street,2025-05-17,14,true,31,2,1043.65,0.0645,true
ST01,CITY0,Mall,2025-05-17,16,true,28,2,582.82,0.0714,true
ST02,CITY1,High Street,2025-05-18,17,true,40,8,5155.92,0.2,true
ST03,CITY2,Mall,2025-05-19,18,false,64,17,7292.8,0.2656,true
ST04,CITY3,High Street,2025-05-20,19,false,53,15,6985.42,0.283,true
ST05,CITY4,Mall,2025-05-21,20,false,69,8,4263.84,0.1159,true
ST06,CITY5,High Street,2025-05-22,21,false,26,5,1282.14,0.1923,true
ST07,CITY0,Mall,2025-05-23,10,false,38,7,2798.34,0.1842,true
ST08,CITY1,High Street,2025-05-24,11,true,60,13,4887.03,0.2167,true
ST09,CITY2,Mall,2025-05-25,12,true,,5,2537.96,,false
ST10,CITY3,High Street,2025-05-26,13,false,31,8,2401.04,0.2581,true
ST11,CITY4,Mall,2025-05-16,14,false,20,2,448.07,0.1,true
ST12,CITY5,High Street,2025-05-17,15,true,37,2,968.06,0.0541,true
ST01,CITY0,Mall,2025-05-17,17,true,56,8,3771.99,0.1429,true
ST02,CITY1,High Street,2025-05-18,18,true,71,15,9458.13,0.2113,true
ST03,CITY2,Mall,2025-05-19,19,false,44,12,5350.35,0.2727,true
ST04,CITY3,High Street,2025-05-20,20,false,40,11,3922.65,0.275,true
ST05,CITY4,Mall,2025-05-21,21,false,31,3,500.23,0.0968,true
ST06,CITY5,High Street,2025-05-22,10,false,26,5,1480.12,0.1923,true
ST07,CITY0,Mall,2025-05-23,11,false,23,4,2440.93,0.1739,true
ST08,CITY1,High Street,2025-05-24,12,true,56,12,5656.15,0.2143,true
ST09,CITY2,Mall,2025-05-25,13,true,45,4,3039.53,0.0889,true
ST10,CITY3,High Street,2025-05-26,14,false,15,2,1654.44,0.1333,true
ST11,CITY4,Mall,2025-05-16,15,false,20,2,1808.31,0.1,true
ST12,CITY5,High Street,2025-05-17,16,true,36,2,1312.72,0.0556,true
ST01,CITY0,Mall,2025-05-17,18,true,76,11,4456.14,0.1447,true
ST02,CITY1,High Street,2025-05-18,19,true,71,15,7099.28,0.2113,true
ST03,CITY2,Mall,2025-05-19,20,false,41,11,11113.68,0.2683,true
ST04,CITY3,High Street,2025-05-20,21,false,28,8,5007.23,0.2857,true
ST05,CITY4,Mall,2025-05-21,10,false,35,4,1367.97,0.1143,true
ST06,CITY5,High Street,2025-05-22,11,false,32,7,2846.1,0.2188,true
ST07,CITY0,Mall,2025-05-23,12,false,35,6,3249.27,0.1714,true
ST08,CITY1,High Street,2025-05-24,13,true,39,8,4300.05,0.2051,true
ST09,CITY2,Mall,2025-05-25,14,true,28,1,1331.31,0.0357,true
ST10,CITY3,High Street,2025-05-26,15,false,22,2,892.87,0.0909,true
ST11,CITY4,Mall,2025-05-16,16,false,14,1,265.82,0.0714,true
ST12,CITY5,High Street,2025-05-17,17,true,41,5,5578.36,0.122,true
ST01,CITY0,Mall,2025-05-17,19,true,106,16,10720.04,0.1509,true
ST02,CITY1,High Street,2025-05-18,20,true,96,20,8993.49,0.2083,true
ST03,CITY2,Mall,2025-05-19,21,false,21,6,3305.75,0.2857,true
ST04,CITY3,High Street,2025-05-20,10,false,22,6,2880.56,0.2727,true
ST05,CITY4,Mall,2025-05-21,11,false,32,4,1554.41,0.125,true
ST06,CITY5,High Street,2025-05-22,12,false,25,5,2137.57,0.2,true
ST07,CITY0,Mall,2025-05-23,13,false,25,4,1473.96,0.16,true
ST08,CITY1,High Street,2025-05-24,14,true,24,2,2709.12,0.0833,true
ST09,CITY2,Mall,2025-05-25,15,true,31,1,249.49,0.0323,true
ST10,CITY3,High Street,2025-05-26,16,false,18,2,468.67,0.1111,true
ST11,CITY4,Mall,2025-05-16,17,false,25,4,1479.63,0.16,true
ST12,CITY5,High Street,2025-05-17,18,true,74,10,5197.16,0.1351,true
ST01,CITY0,Mall,2025-05-17,20,true,99,15,8751.69,0.1515,true
ST02,CITY1,High Street,2025-05-18,21,true,47,10,4719.26,0.2128,true
ST03,CITY2,Mall,2025-05-19,10,false,37,10,7095.77,0.2703,true
ST04,CITY3,High Street,2025-05-20,11,false,26,7,2876.24,0.2692,true
ST05,CITY4,Mall,2025-05-21,12,false,30,3,1541.76,0.1,true
ST06,CITY5,High Street,2025-05-22,13,false,38,8,4913.58,0.2105,true
ST07,CITY0,Mall,2025-05-23,14,false,21,2,314.57,0.0952,true
ST08,CITY1,High Street,2025-05-24,15,true,26,3,2775.4,0.1154,true
ST09,CITY2,Mall,2025-05-25,16,true,21,1,322.75,0.0476,true
ST10,CITY3,High Street,2025-05-26,17,false,21,5,2492.57,0.2381,true
ST11,CITY4,Mall,2025-05-16,18,false,54,10,6805.87,0.1852,true
ST12,CITY5,High Street,2025-05-17,19,true,66,9,5111.47,0.1364,true
ST01,CITY0,Mall,2025-05-17,21,true,60,9,7221.45,0.15,true
ST02,CITY1,High Street,2025-05-18,10,true,45,10,5175.09,0.2222,true
ST03,CITY2,Mall,2025-05-19,11,false,28,8,2920.12,0.2857,true
ST04,CITY3,High Street,2025-05-20,12,false,38,10,5016.84,0.2632,true
ST05,CITY4,Mall,2025-05-21,13,false,29,3,1849.88,0.1034,true
ST06,CITY5,High Street,2025-05-22,14,false,22,2,988.35,0.0909,true
ST07,CITY0,Mall,2025-05-23,15,false,13,1,427.03,0.0769,true
ST08,CITY1,High Street,2025-05-24,16,true,21,2,850.13,0.0952,true
ST09,CITY2,Mall,2025-05-25,17,true,60,5,1289.25,0.0833,true
ST10,CITY3,High Street,2025-05-26,18,false,43,10,3937.24,0.2326,true
ST11,CITY4,Mall,2025-05-16,19,false,68,12,7326.2,0.1765,true
ST12,CITY5,High Street,2025-05-17,20,true,100,13,5454.62,0.13,true
ST01,CITY0,Mall,2025-05-18,10,true,42,6,2277.68,0.1429,true
ST02,CITY1,High Street,2025-05-19,11,false,33,8,2261.59,0.2424,true
ST03,CITY2,Mall,2025-05-20,12,false,30,8,7814.0,0.2667,true
ST04,CITY3,High Street,2025-05-21,13,false,26,7,3677.05,0.2692,true
ST05,CITY4,Mall,2025-05-22,14,false,21,1,631.57,0.0476,true
ST06,CITY5,High Street,2025-05-23,15,false,14,1,675.06,0.0714,true
ST07,CITY0,Mall,2025-05-24,16,true,28,2,1000.12,0.0714,true
ST08,CITY1,High Street,2025-05-25,17,true,39,8,6366.86,0.2051,true
ST09,CITY2,Mall,2025-05-26,18,false,45,4,1164.52,0.0889,true
ST10,CITY3,High Street,2025-05-16,19,false,52,13,7745.7,0.25,true
ST11,CITY4,Mall,2025-05-17,20,true,86,13,6767.63,0.1512,true
ST12,CITY5,High Street,2025-05-18,21,true,39,5,2284.56,0.1282,true
ST01,CITY0,Mall,2025-05-18,11,true,50,8,3424.21,0.16,true
ST02,CITY1,High Street,2025-05-19,12,false,34,8,6040.66,0.2353,true
ST03,CITY2,Mall,2025-05-20,13,false,31,8,5291.44,0.2581,true
ST04,CITY3,High Street,2025-05-21,14,false,21,3,2236.09,0.1429,true
ST05,CITY4,Mall,2025-05-22,15,false,20,1,123.04,0.05,true
ST06,CITY5,High Street,2025-05-23,16,false,16,1,406.75,0.0625,true
ST07,CITY0,Mall,2025-05-24,17,true,41,6,3215.69,0.1463,true
ST08,CITY1,High Street,2025-05-25,18,true,101,22,10804.78,0.2178,true
ST09,CITY2,Mall,2025-05-26,19,false,66,6,4977.67,0.0909,true
ST10,CITY3,High Street,2025-05-16,20,false,67,16,7463.12,0.2388,true
ST11,CITY4,Mall,2025-05-17,21,true,41,6,3671.57,0.1463,true
ST12,CITY5,High Street,2025-05-18,10,true,35,5,2510.25,0.1429,true
ST01,CITY0,Mall,2025-05-18,12,true,49,7,4393.43,0.1429,true
ST02,CITY1,High Street,2025-05-19,13,false,26,6,2867.79,0.2308,true
ST03,CITY2,Mall,2025-05-20,14,false,18,2,604.82,0.1111,true
ST04,CITY3,High Street,2025-05-21,15,false,13,2,458.71,0.1538,true
ST05,CITY4,Mall,2025-05-22,16,false,20,1,476.42,0.05,true
ST06,CITY5,High Street,2025-05-23,17,false,36,7,3190.39,0.1944,true
ST07,CITY0,Mall,2025-05-24,18,true,84,12,8249.21,0.1429,true
ST08,CITY1,High Street,2025-05-25,19,true,112,24,10537.81,0.2143,true
ST09,CITY2,Mall,2025-05-26,20,false,51,5,1837.6,0.098,true
ST10,CITY3,High Street,2025-05-16,21,false,29,7,3316.36,0.2414,true
ST11,CITY4,Mall,2025-05-17,10,true,56,8,4289.25,0.1429,true
ST12,CITY5,High Street,2025-05-18,11,true,38,5,1321.98,0.1316,true
ST01,CITY0,Mall,2025-05-18,13,true,44,7,2599.62,0.1591,true
ST02,CITY1,High Street,2025-05-19,14,false,18,2,552.91,0.1111,true
ST03,CITY2,Mall,2025-05-20,15,false,21,3,1921.17,0.1429,true
ST04,CITY3,High Street,2025-05-21,16,false,22,3,1924.42,0.1364,true
ST05,CITY4,Mall,2025-05-22,17,false,34,4,1790.99,0.1176,true
ST06,CITY5,High Street,2025-05-23,18,false,54,11,5746.08,0.2037,true
ST07,CITY0,Mall,2025-05-24,19,true,104,15,10278.69,0.1442,true
ST08,CITY1,High Street,2025-05-25,20,true,98,21,10120.47,0.2143,true
ST09,CITY2,Mall,2025-05-26,21,false,23,2,1627.44,0.087,true
ST10,CITY3,High Street,2025-05-16,10,false,,8,3123.52,,false
ST11,CITY4,Mall,2025-05-17,11,true,43,6,2318.04,0.1395,true
ST12,CITY5,High Street,2025-05-18,12,true,47,6,3665.73,0.1277,true
ST01,CITY0,Mall,2025-05-18,14,true,34,2,1268.44,0.0588,true
ST02,CITY1,High Street,2025-05-19,15,false,16,2,751.19,0.125,true
ST03,CITY2,Mall,2025-05-20,16,false,,3,2363.26,,false
ST04,CITY3,High Street,2025-05-21,17,false,21,6,1827.16,0.2857,true
ST05,CITY4,Mall,2025-05-22,18,false,59,7,2828.28,0.1186,true
ST06,CITY5,High Street,2025-05-23,19,false,56,12,5306.73,0.2143,true
ST07,CITY0,Mall,2025-05-24,20,true,86,13,7545.75,0.1512,true
ST08,CITY1,High Street,2025-05-25,21,true,41,9,5231.09,0.2195,true
ST09,CITY2,Mall,2025-05-26,10,false,26,2,631.22,0.0769,true
ST10,CITY3,High Street,2025-05-16,11,false,,5,5113.75,,false
ST11,CITY4,Mall,2025-05-17,12,true,34,5,1553.9,0.1471,true
ST12,CITY5,High Street,2025-05-18,13,true,45,6,3800.4,0.1333,true
ST01,CITY0,Mall,2025-05-18,15,true,32,2,1358.31,0.0625,true
ST02,CITY1,High Street,2025-05-19,16,false,15,2,1118.88,0.1333,true
ST03,CITY2,Mall,2025-05-20,17,false,,8,3896.44,,false
ST04,CITY3,High Street,2025-05-21,18,false,44,12,5765.98,0.2727,true
ST05,CITY4,Mall,2025-05-22,19,false,54,6,1549.5,0.1111,true
ST06,CITY5,High Street,2025-05-23,20,false,51,11,5205.17,0.2157,true
ST07,CITY0,Mall,2025-05-24,21,true,34,5,2377.6,0.1471,true
ST08,CITY1,High Street,2025-05-25,10,true,,7,2976.26,,false
ST09,CITY2,Mall,2025-05-26,11,false,36,3,1321.4,0.0833,true
ST10,CITY3,High Street,2025-05-16,12,false,24,6,4268.77,0.25,true
ST11,CITY4,Mall,2025-05-17,13,true,38,6,3436.0,0.1579,true
ST12,CITY5,High Street,2025-05-18,14,true,33,2,487.85,0.0606,true
ST01,CITY0,Mall,2025-05-18,16,true,25,2,873.91,0.08,true
ST02,CITY1,High Street,2025-05-19,17,false,28,7,2956.83,0.25,true
ST03,CITY2,Mall,2025-05-20,18,false,52,14,8775.77,0.2692,true
ST04,CITY3,High Street,2025-05-21,19,false,66,18,7774.08,0.2727,true
ST05,CITY4,Mall,2025-05-22,20,false,63,7,2328.83,0.1111,true
ST06,CITY5,High Street,2025-05-23,21,false,30,6,1787.29,0.2,true
ST07,CITY0,Mall,2025-05-24,10,true,45,7,4118.47,0.1556,true
ST08,CITY1,High Street,2025-05-25,11,true,,10,4301.74,,false
ST09,CITY2,Mall,2025-05-26,12,false,36,3,1957.21,0.0833,true
ST10,CITY3,High Street,2025-05-16,13,false,32,8,2934.38,0.25,true
ST11,CITY4,Mall,2025-05-17,14,true,23,2,2452.63,0.087,true
ST12,CITY5,High Street,2025-05-18,15,true,25,1,472.81,0.04,true
ST01,CITY0,Mall,2025-05-18,17,true,34,5,1835.26,0.1471,true
ST02,CITY1,High Street,2025-05-19,18,false,55,14,10002.18,0.2545,true
ST03,CITY2,Mall,2025-05-20,19,false,67,18,11431.5,0.2687,true
ST04,CITY3,High Street,2025-05-21,20,false,60,17,7852.39,0.2833,true
ST05,CITY4,Mall,2025-05-22,21,false,24,3,662.43,0.125,true
ST06,CITY5,High Street,2025-05-23,10,false,28,6,4193.58,0.2143,true
ST07,CITY0,Mall,2025-05-24,11,true,62,9,4218.13,0.1452,true
ST08,CITY1,High Street,2025-05-25,12,true,,9,4215.92,,false
ST09,CITY2,Mall,2025-05-26,13,false,26,2,773.76,0.0769,true
ST10,CITY3,High Street,2025-05-16,14,false,18,2,852.18,0.1111,true
ST11,CITY4,Mall,2025-05-17,15,true,26,2,541.47,0.0769,true
ST12,CITY5,High Street,2025-05-18,16,true,31,2,1138.64,0.0645,true
ST01,CITY0,Mall,2025-05-18,18,true,85,13,5467.78,0.1529,true
ST02,CITY1,High Street,2025-05-19,19,false,57,14,9669.34,0.2456,true
ST03,CITY2,Mall,2025-05-20,20,false,54,15,9911.57,0.2778,true
ST04,CITY3,High Street,2025-05-21,21,false,24,7,4044.0,0.2917,true
ST05,CITY4,Mall,2025-05-22,10,false,39,4,1125.32,0.1026,true
ST06,CITY5,High Street,2025-05-23,11,false,30,6,2398.27,0.2,true
ST07,CITY0,Mall,2025-05-24,12,true,46,7,2068.22,0.1522,true
ST08,CITY1,High Street,2025-05-25,13,true,52,11,5565.64,0.2115,true
ST09,CITY2,Mall,2025-05-26,14,false,21,1,1137.88,0.0476,true
ST10,CITY3,High Street,2025-05-16,15,false,16,2,791.53,0.125,true
ST11,CITY4,Mall,2025-05-17,16,true,37,3,1172.85,0.0811,true
ST12,CITY5,High Street,2025-05-18,17,true,60,8,6452.19,0.1333,true
ST01,CITY0,Mall,2025-05-18,19,true,63,9,5012.59,0.1429,true
ST02,CITY1,High Street,2025-05-19,20,false,50,12,5721.64,0.24,true
ST03,CITY2,Mall,2025-05-20,21,false,22,6,1997.41,0.2727,true
ST04,CITY3,High Street,2025-05-21,10,false,39,11,6176.65,0.2821,true
ST05,CITY4,Mall,2025-05-22,11,false,22,2,382.54,0.0909,true
ST06,CITY5,High Street,2025-05-23,12,false,30,6,1831.09,0.2,true
ST07,CITY0,Mall,2025-05-24,13,true,43,6,2258.19,0.1395,true
ST08,CITY1,High Street,2025-05-25,14,true,31,3,1100.9,0.0968,true
ST09,CITY2,Mall,2025-05-26,15,false,17,1,200.54,0.0588,true
ST10,CITY3,High Street,2025-05-16,16,false,17,2,1076.65,0.1176,true
ST11,CITY4,Mall,2025-05-17,17,true,41,6,2654.34,0.1463,true
ST12,CITY5,High Street,2025-05-18,18,true,105,14,8293.11,0.1333,true
ST01,CITY0,Mall,2025-05-18,20,true,87,13,6619.11,0.1494,true
ST02,CITY1,High Street,2025-05-19,21,false,23,6,5942.98,0.2609,true
ST03,CITY2,Mall,2025-05-20,10,false,27,7,5409.65,0.2593,true
ST04,CITY3,High Street,2025-05-21,11,false,26,7,4253.53,0.2692,true
ST05,CITY4,Mall,2025-05-22,12,false,30,3,1038.9,0.1,true
ST06,CITY5,High Street,2025-05-23,13,false,22,5,2058.54,0.2273,true
ST07,CITY0,Mall,2025-05-24,14,true,30,2,2190.78,0.0667,true
ST08,CITY1,High Street,2025-05-25,15,true,26,3,914.52,0.1154,true
ST09,CITY2,Mall,2025-05-26,16,false,14,1,954.32,0.0714,true
ST10,CITY3,High Street,2025-05-16,17,false,33,8,3955.24,0.2424,true
ST11,CITY4,Mall,2025-05-17,18,true,97,15,9891.88,0.1546,true
ST12,CITY5,High Street,2025-05-18,19,true,74,10,5986.32,0.1351,true
ST01,CITY0,Mall,2025-05-18,21,true,35,5,3572.81,0.1429,true
ST02,CITY1,High Street,2025-05-19,10,false,37,9,5752.11,0.2432,true
ST03,CITY2,Mall,2025-05-20,11,false,24,7,3393.95,0.2917,true
ST04,CITY3,High Street,2025-05-21,12,false,33,9,3311.63,0.2727,true
ST05,CITY4,Mall,2025-05-22,13,false,36,4,1562.28,0.1111,true
ST06,CITY5,High Street,2025-05-23,14,false,17,2,361.7,0.1176,true
ST07,CITY0,Mall,2025-05-24,15,true,22,1,711.58,0.0455,true
ST08,CITY1,High Street,2025-05-25,16,true,30,3,871.17,0.1,true
ST09,CITY2,Mall,2025-05-26,17,false,33,3,815.08,0.0909,true
ST10,CITY3,High Street,2025-05-16,18,false,40,10,3153.68,0.25,true
ST11,CITY4,Mall,2025-05-17,19,true,94,14,7217.73,0.1489,true
ST12,CITY5,High Street,2025-05-18,20,true,105,14,8501.24,0.1333,true
ST01,CITY0,Mall,2025-05-19,10,false,36,6,2601.61,0.1667,true
ST02,CITY1,High Street,2025-05-20,11,false,34,8,3762.52,0.2353,true
ST03,CITY2,Mall,2025-05-21,12,false,35,9,3687.12,0.2571,true
ST04,CITY3,High Street,2025-05-22,13,false,34,9,3356.96,0.2647,true
ST05,CITY4,Mall,2025-05-23,14,false,14,1,460.94,0.0714,true
ST06,CITY5,High Street,2025-05-24,15,true,25,2,815.31,0.08,true
ST07,CITY0,Mall,2025-05-25,16,true,29,2,1949.81,0.069,true
ST08,CITY1,High Street,2025-05-26,17,false,23,6,3547.04,0.2609,true
ST09,CITY2,Mall,2025-05-16,18,false,58,5,2230.95,0.0862,true
ST10,CITY3,High Street,2025-05-17,19,true,78,16,8876.06,0.2051,true
ST11,CITY4,Mall,2025-05-18,20,true,92,14,5585.71,0.1522,true
ST12,CITY5,High Street,2025-05-19,21,false,31,5,4392.44,0.1613,true
ST01,CITY0,Mall,2025-05-19,11,false,36,6,3169.66,0.1667,true
ST02,CITY1,High Street,2025-05-20,12,false,34,8,3259.61,0.2353,true
ST03,CITY2,Mall,2025-05-21,13,false,26,7,3736.48,0.2692,true
ST04,CITY3,High Street,2025-05-22,14,false,22,3,1810.67,0.1364,true
ST05,CITY4,Mall,2025-05-23,15,false,17,1,822.64,0.0588,true
ST06,CITY5,High Street,2025-05-24,16,true,28,2,477.91,0.0714,true
ST07,CITY0,Mall,2025-05-25,17,true,53,8,4089.06,0.1509,true
ST08,CITY1,High Street,2025-05-26,18,false,47,12,5437.58,0.2553,true
ST09,CITY2,Mall,2025-05-16,19,false,67,6,3282.99,0.0896,true
ST10,CITY3,High Street,2025-05-17,20,true,70,15,9760.62,0.2143,true
ST11,CITY4,Mall,2025-05-18,21,true,62,9,4187.26,0.1452,true
ST12,CITY5,High Street,2025-05-19,10,false,32,5,2268.02,0.1563,true
ST01,CITY0,Mall,2025-05-19,12,false,38,7,2470.01,0.1842,true
ST02,CITY1,High Street,2025-05-20,13,false,26,6,2196.84,0.2308,true
ST03,CITY2,Mall,2025-05-21,14,false,15,2,480.73,0.1333,true
ST04,CITY3,High Street,2025-05-22,15,false,20,2,1151.38,0.1,true
ST05,CITY4,Mall,2025-05-23,16,false,21,1,925.43,0.0476,true
ST06,CITY5,High Street,2025-05-24,17,true,60,11,5366.02,0.1833,true
ST07,CITY0,Mall,2025-05-25,18,true,96,14,6507.21,0.1458,true
ST08,CITY1,High Street,2025-05-26,19,false,66,17,6408.03,0.2576,true
ST09,CITY2,Mall,2025-05-16,20,false,45,4,2318.95,0.0889,true
ST10,CITY3,High Street,2025-05-17,21,true,41,9,3943.42,0.2195,true
ST11,CITY4,Mall,2025-05-18,10,true,36,5,1916.51,0.1389,true
ST12,CITY5,High Street,2025-05-19,11,false,24,4,1750.39,0.1667,true
ST01,CITY0,Mall,2025-05-19,13,false,22,4,1303.54,0.1818,true
ST02,CITY1,High Street,2025-05-20,14,false,18,2,769.25,0.1111,true
ST03,CITY2,Mall,2025-05-21,15,false,20,2,1140.17,0.1,true
ST04,CITY3,High Street,2025-05-22,16,false,22,3,2119.03,0.1364,true
ST05,CITY4,Mall,2025-05-23,17,false,34,4,1128.22,0.1176,true
ST06,CITY5,High Street,2025-05-24,18,true,84,15,8220.08,0.1786,true
ST07,CITY0,Mall,2025-05-25,19,true,88,13,6593.55,0.1477,true
ST08,CITY1,High Street,2025-05-26,20,false,68,17,10138.59,0.25,true
ST09,CITY2,Mall,2025-05-16,21,false,34,3,1879.14,0.0882,true
ST10,CITY3,High Street,2025-05-17,10,true,36,7,2841.91,0.1944,true
ST11,CITY4,Mall,2025-05-18,11,true,38,6,3099.57,0.1579,true
ST12,CITY5,High Street,2025-05-19,12,false,22,3,1790.16,0.1364,true
ST01,CITY0,Mall,2025-05-19,14,false,15,1,217.58,0.0667,true
ST02,CITY1,High Street,2025-05-20,15,false,21,2,3660.64,0.0952,true
ST03,CITY2,Mall,2025-05-21,16,false,23,3,1155.95,0.1304,true
ST04,CITY3,High Street,2025-05-22,17,false,38,10,3961.03,0.2632,true
ST05,CITY4,Mall,2025-05-23,18,false,69,8,2681.6,0.1159,true
ST06,CITY5,High Street,2025-05-24,19,true,91,16,6173.96,0.1758,true
ST07,CITY0,Mall,2025-05-25,20,true,76,11,8372.21,0.1447,true
ST08,CITY1,High Street,2025-05-26,21,false,38,10,3864.8,0.2632,true
ST09,CITY2,Mall,2025-05-16,10,false,,4,1648.68,,false
ST10,CITY3,High Street,2025-05-17,11,true,37,8,2882.72,0.2162,true
ST11,CITY4,Mall,2025-05-18,12,true,62,9,4341.52,0.1452,true
ST12,CITY5,High Street,2025-05-19,13,false,25,4,1523.98,0.16,true
ST01,CITY0,Mall,2025-05-19,15,false,23,2,269.26,0.087,true
ST02,CITY1,High Street,2025-05-20,16,false,,2,628.65,,false
ST03,CITY2,Mall,2025-05-21,17,false,38,10,6016.13,0.2632,true
ST04,CITY3,High Street,2025-05-22,18,false,66,18,7161.0,0.2727,true
ST05,CITY4,Mall,2025-05-23,19,false,56,6,2328.35,0.1071,true
ST06,CITY5,High Street,2025-05-24,20,true,98,17,10117.19,0.1735,true
ST07,CITY0,Mall,2025-05-25,21,true,56,8,3706.03,0.1429,true
ST08,CITY1,High Street,2025-05-26,10,false,31,8,3252.87,0.2581,true
ST09,CITY2,Mall,2025-05-16,11,false,,2,1667.97,,false
ST10,CITY3,High Street,2025-05-17,12,true,57,12,6889.88,0.2105,true
ST11,CITY4,Mall,2025-05-18,13,true,35,5,2462.59,0.1429,true
ST12,CITY5,High Street,2025-05-19,14,false,15,1,234.94,0.0667,true
ST01,CITY0,Mall,2025-05-19,16,false,15,1,252.72,0.0667,true
ST02,CITY1,High Street,2025-05-20,17,false,,8,2992.31,,false
ST03,CITY2,Mall,2025-05-21,18,false,48,13,8338.19,0.2708,true
ST04,CITY3,High Street,2025-05-22,19,false,53,15,5860.1,0.283,true
ST05,CITY4,Mall,2025-05-23,20,false,52,6,2912.96,0.1154,true
ST06,CITY5,High Street,2025-05-24,21,true,60,11,5683.46,0.1833,true
ST07,CITY0,Mall,2025-05-25,10,true,,8,3440.42,,false
ST08,CITY1,High Street,2025-05-26,11,false,22,6,6348.46,0.2727,true
ST09,CITY2,Mall,2025-05-16,12,false,22,2,484.47,0.0909,true
ST10,CITY3,High Street,2025-05-17,13,true,61,13,5236.56,0.2131,true
ST11,CITY4,Mall,2025-05-18,14,true,25,2,1471.13,0.08,true
ST12,CITY5,High Street,2025-05-19,15,false,16,1,194.78,0.0625,true
ST01,CITY0,Mall,2025-05-19,17,false,26,5,2648.37,0.1923,true
ST02,CITY1,High Street,2025-05-20,18,false,44,11,4457.64,0.25,true
ST03,CITY2,Mall,2025-05-21,19,false,57,15,7313.63,0.2632,true
ST04,CITY3,High Street,2025-05-22,20,false,64,18,8873.68,0.2813,true
ST05,CITY4,Mall,2025-05-23,21,false,37,4,2033.92,0.1081,true
ST06,CITY5,High Street,2025-05-24,10,true,49,9,6785.51,0.1837,true
ST07,CITY0,Mall,2025-05-25,11,true,,7,5312.77,,false
ST08,CITY1,High Street,2025-05-26,12,false,36,9,4151.96,0.25,true
ST09,CITY2,Mall,2025-05-16,13,false,31,3,634.27,0.0968,true
ST10,CITY3,High Street,2025-05-17,14,true,27,3,1454.43,0.1111,true
ST11,CITY4,Mall,2025-05-18,15,true,37,3,1000.2,0.0811,true
ST12,CITY5,High Street,2025-05-19,16,false,23,2,853.14,0.087,true
ST01,CITY0,Mall,2025-05-19,18,false,48,8,2840.01,0.1667,true
ST02,CITY1,High Street,2025-05-20,19,false,53,13,9615.82,0.2453,true
ST03,CITY2,Mall,2025-05-21,20,false,46,12,11665.0,0.2609,true
ST04,CITY3,High Street,2025-05-22,21,false,31,9,4239.2,0.2903,true
ST05,CITY4,Mall,2025-05-23,10,false,25,3,1088.77,0.12,true
ST06,CITY5,High Street,2025-05-24,11,true,41,7,3746.95,0.1707,true
ST07,CITY0,Mall,2025-05-25,12,true,,5,3320.04,,false
ST08,CITY1,High Street,2025-05-26,13,false,22,6,2802.56,0.2727,true
ST09,CITY2,Mall,2025-05-16,14,false,13,1,779.76,0.0769,true
ST10,CITY3,High Street,2025-05-17,15,true,26,2,695.01,0.0769,true
ST11,CITY4,Mall,2025-05-18,16,true,27,2,385.52,0.0741,true
ST12,CITY5,High Street,2025-05-19,17,false,29,4,3210.43,0.1379,true
ST01,CITY0,Mall,2025-05-19,19,false,56,10,4191.88,0.1786,true
ST02,CITY1,High Street,2025-05-20,20,false,60,15,8413.63,0.25,true
ST03,CITY2,Mall,2025-05-21,21,false,33,9,3152.61,0.2727,true
ST04,CITY3,High Street,2025-05-22,10,false,24,7,4978.62,0.2917,true
ST05,CITY4,Mall,2025-05-23,11,false,36,4,1777.52,0.1111,true
ST06,CITY5,High Street,2025-05-24,12,true,57,10,5548.49,0.1754,true
ST07,CITY0,Mall,2025-05-25,13,true,53,8,4678.95,0.1509,true
ST08,CITY1,High Street,2025-05-26,14,false,21,2,1242.52,0.0952,true
ST09,CITY2,Mall,2025-05-16,15,false,23,1,671.31,0.0435,true
ST10,CITY3,High Street,2025-05-17,16,true,35,3,1092.92,0.0857,true
ST11,CITY4,Mall,2025-05-18,17,true,44,7,3726.16,0.1591,true
ST12,CITY5,High Street,2025-05-19,18,false,52,8,3732.78,0.1538,true
ST01,CITY0,Mall,2025-05-19,20,false,44,8,3740.9,0.1818,true
ST02,CITY1,High Street,2025-05-20,21,false,33,8,3199.82,0.2424,true
ST03,CITY2,Mall,2025-05-21,10,false,26,7,3237.0,0.2692,true
ST04,CITY3,High Street,2025-05-22,11,false,21,6,2859.2,0.2857,true
ST05,CITY4,Mall,2025-05-23,12,false,34,4,1233.4,0.1176,true
ST06,CITY5,High Street,2025-05-24,13,true,54,10,3714.68,0.1852,true
ST07,CITY0,Mall,2025-05-25,14,true,26,2,580.54,0.0769,true
ST08,CITY1,High Street,2025-05-26,15,false,18,2,1788.85,0.1111,true
ST09,CITY2,Mall,2025-05-16,16,false,19,1,326.52,0.0526,true
ST10,CITY3,High Street,2025-05-17,17,true,43,9,5970.54,0.2093,true
ST11,CITY4,Mall,2025-05-18,18,true,93,14,7127.33,0.1505,true
ST12,CITY5,High Street,2025-05-19,19,false,54,8,2623.96,0.1481,true
ST01,CITY0,Mall,2025-05-19,21,false,33,6,3552.82,0.1818,true
ST02,CITY1,High Street,2025-05-20,10,false,23,6,2775.84,0.2609,true
ST03,CITY2,Mall,2025-05-21,11,false,35,9,5500.15,0.2571,true
ST04,CITY3,High Street,2025-05-22,12,false,33,9,5395.3,0.2727,true
ST05,CITY4,Mall,2025-05-23,13,false,37,4,943.01,0.1081,true
ST06,CITY5,High Street,2025-05-24,14,true,25,2,670.32,0.08,true
ST07,CITY0,Mall,2025-05-25,15,true,26,2,710.32,0.0769,true
ST08,CITY1,High Street,2025-05-26,16,false,20,2,707.5,0.1,true
ST09,CITY2,Mall,2025-05-16,17,false,23,2,612.58,0.087,true
ST10,CITY3,High Street,2025-05-17,18,true,90,19,9433.95,0.2111,true
ST11,CITY4,Mall,2025-05-18,19,true,91,14,5515.39,0.1538,true
ST12,CITY5,High Street,2025-05-19,20,false,68,10,3897.32,0.1471,true
ST01,CITY0,Mall,2025-05-20,10,false,33,6,2650.91,0.1818,true
ST02,CITY1,High Street,2025-05-21,11,false,28,7,6502.3,0.25,true
ST03,CITY2,Mall,2025-05-22,12,false,37,10,4658.37,0.2703,true
ST04,CITY3,High Street,2025-05-23,13,false,23,6,3957.63,0.2609,true
ST05,CITY4,Mall,2025-05-24,14,true,27,1,338.88,0.037,true
ST06,CITY5,High Street,2025-05-25,15,true,36,3,1396.97,0.0833,true
ST07,CITY0,Mall,2025-05-26,16,false,14,1,835.49,0.0714,true
ST08,CITY1,High Street,2025-05-16,17,false,33,8,3105.65,0.2424,true
ST09,CITY2,Mall,2025-05-17,18,true,84,7,4922.51,0.0833,true
ST10,CITY3,High Street,2025-05-18,19,true,78,16,7459.86,0.2051,true
ST11,CITY4,Mall,2025-05-19,20,false,38,7,3356.7,0.1842,true
ST12,CITY5,High Street,2025-05-20,21,false,24,4,1892.81,0.1667,true
ST01,CITY0,Mall,2025-05-20,11,false,28,5,4072.56,0.1786,true
ST02,CITY1,High Street,2025-05-21,12,false,26,6,2022.04,0.2308,true
ST03,CITY2,Mall,2025-05-22,13,false,39,11,5246.36,0.2821,true
ST04,CITY3,High Street,2025-05-23,14,false,15,2,891.89,0.1333,true
ST05,CITY4,Mall,2025-05-24,15,true,28,1,223.46,0.0357,true
ST06,CITY5,High Street,2025-05-25,16,true,30,2,535.18,0.0667,true
ST07,CITY0,Mall,2025-05-26,17,false,39,7,2098.53,0.1795,true
ST08,CITY1,High Street,2025-05-16,18,false,40,10,4448.14,0.25,true
ST09,CITY2,Mall,2025-05-17,19,true,76,6,2921.2,0.0789,true
ST10,CITY3,High Street,2025-05-18,20,true,84,17,7769.23,0.2024,true
ST11,CITY4,Mall,2025-05-19,21,false,25,4,1969.7,0.16,true
ST12,CITY5,High Street,2025-05-20,10,false,24,4,1822.52,0.1667,true
ST01,CITY0,Mall,2025-05-20,12,false,24,4,2762.49,0.1667,true
ST02,CITY1,High Street,2025-05-21,13,false,36,9,3805.02,0.25,true
ST03,CITY2,Mall,2025-05-22,14,false,18,2,887.12,0.1111,true
ST04,CITY3,High Street,2025-05-23,15,false,22,3,1292.79,0.1364,true
ST05,CITY4,Mall,2025-05-24,16,true,34,1,674.72,0.0294,true
ST06,CITY5,High Street,2025-05-25,17,true,57,10,6867.86,0.1754,true
ST07,CITY0,Mall,2025-05-26,18,false,60,10,3929.54,0.1667,true
ST08,CITY1,High Street,2025-05-16,19,false,48,12,7519.79,0.25,true
ST09,CITY2,Mall,2025-05-17,20,true,72,6,3189.18,0.0833,true
ST10,CITY3,High Street,2025-05-18,21,true,53,11,7612.56,0.2075,true
ST11,CITY4,Mall,2025-05-19,10,false,36,6,3178.99,0.1667,true
ST12,CITY5,High Street,2025-05-20,11,false,38,6,3259.51,0.1579,true
ST01,CITY0,Mall,2025-05-20,13,false,25,4,2451.26,0.16,true
ST02,CITY1,High Street,2025-05-21,14,false,13,1,318.54,0.0769,true
ST03,CITY2,Mall,2025-05-22,15,false,20,2,1085.68,0.1,true
ST04,CITY3,High Street,2025-05-23,16,false,21,3,1462.79,0.1429,true
ST05,CITY4,Mall,2025-05-24,17,true,48,5,2963.47,0.1042,true
ST06,CITY5,High Street,2025-05-25,18,true,69,12,5916.41,0.1739,true
ST07,CITY0,Mall,2025-05-26,19,false,61,11,3458.19,0.1803,true
ST08,CITY1,High Street,2025-05-16,20,false,46,12,7274.92,0.2609,true
ST09,CITY2,Mall,2025-05-17,21,true,53,4,1356.7,0.0755,true
ST10,CITY3,High Street,2025-05-18,10,true,38,8,3130.56,0.2105,true
ST11,CITY4,Mall,2025-05-19,11,false,29,5,2741.77,0.1724,true
ST12,CITY5,High Street,2025-05-20,12,false,36,6,2488.52,0.1667,true
ST01,CITY0,Mall,2025-05-20,14,false,23,2,845.63,0.087,true
ST02,CITY1,High Street,2025-05-21,15,false,20,2,1299.75,0.1,true
ST03,CITY2,Mall,2025-05-22,16,false,18,2,566.02,0.1111,true
ST04,CITY3,High Street,2025-05-23,17,false,22,6,2301.83,0.2727,true
ST05,CITY4,Mall,2025-05-24,18,true,88,8,4590.91,0.0909,true
ST06,CITY5,High Street,2025-05-25,19,true,71,13,6682.89,0.1831,true
ST07,CITY0,Mall,2025-05-26,20,false,57,10,3478.82,0.1754,true
ST08,CITY1,High Street,2025-05-16,21,false,26,7,2607.59,0.2692,true
ST09,CITY2,Mall,2025-05-17,10,true,56,4,2611.72,0.0714,true
ST10,CITY3,High Street,2025-05-18,11,true,36,7,5018.34,0.1944,true
ST11,CITY4,Mall,2025-05-19,12,false,37,7,2772.18,0.1892,true
ST12,CITY5,High Street,2025-05-20,13,false,28,4,2035.36,0.1429,true
ST01,CITY0,Mall,2025-05-20,15,false,16,1,926.2,0.0625,true
ST02,CITY1,High Street,2025-05-21,16,false,22,2,455.52,0.0909,true
ST03,CITY2,Mall,2025-05-22,17,false,37,10,4358.0,0.2703,true
ST04,CITY3,High Street,2025-05-23,18,false,61,17,6327.39,0.2787,true
ST05,CITY4,Mall,2025-05-24,19,true,93,9,4157.02,0.0968,true
ST06,CITY5,High Street,2025-05-25,20,true,74,13,5612.74,0.1757,true
ST07,CITY0,Mall,2025-05-26,21,false,24,4,1452.35,0.1667,true
ST08,CITY1,High Street,2025-05-16,10,false,,7,4211.92,,false
ST09,CITY2,Mall,2025-05-17,11,true,44,3,1651.37,0.0682,true
ST10,CITY3,High Street,2025-05-18,12,true,58,12,7316.72,0.2069,true
ST11,CITY4,Mall,2025-05-19,13,false,22,4,1608.37,0.1818,true
ST12,CITY5,High Street,2025-05-20,14,false,14,1,1391.08,0.0714,true
ST01,CITY0,Mall,2025-05-20,16,false,,2,323.28,,false
ST02,CITY1,High Street,2025-05-21,17,false,33,8,3943.65,0.2424,true
ST03,CITY2,Mall,2025-05-22,18,false,42,11,6583.13,0.2619,true
ST04,CITY3,High Street,2025-05-23,19,false,49,13,5661.81,0.2653,true
ST05,CITY4,Mall,2025-05-24,20,true,102,10,4221.71,0.098,true
ST06,CITY5,High Street,2025-05-25,21,true,53,9,3908.56,0.1698,true
ST07,CITY0,Mall,2025-05-26,10,false,36,6,3761.76,0.1667,true
ST08,CITY1,High Street,2025-05-16,11,false,,7,4985.77,,false
ST09,CITY2,Mall,2025-05-17,12,true,39,3,982.77,0.0769,true
ST10,CITY3,High Street,2025-05-18,13,true,37,8,4749.17,0.2162,true
ST11,CITY4,Mall,2025-05-19,14,false,20,2,1721.67,0.1,true
ST12,CITY5,High Street,2025-05-20,15,false,23,2,835.92,0.087,true
ST01,CITY0,Mall,2025-05-20,17,false,,6,4918.45,,false
ST02,CITY1,High Street,2025-05-21,18,false,50,12,6113.77,0.24,true
ST03,CITY2,Mall,2025-05-22,19,false,49,13,9621.37,0.2653,true
ST04,CITY3,High Street,2025-05-23,20,false,44,12,6142.08,0.2727,true
ST05,CITY4,Mall,2025-05-24,21,true,43,4,1911.86,0.093,true
ST06,CITY5,High Street,2025-05-25,10,true,,7,3781.24,,false
ST07,CITY0,Mall,2025-05-26,11,false,31,5,1736.78,0.1613,true
ST08,CITY1,High Street,2025-05-16,12,false,24,6,3351.72,0.25,true
ST09,CITY2,Mall,2025-05-17,13,true,35,3,886.04,0.0857,true
ST10,CITY3,High Street,2025-05-18,14,true,30,3,651.6,0.1,true
ST11,CITY4,Mall,2025-05-19,15,false,20,2,2217.14,0.1,true
ST12,CITY5,High Street,2025-05-20,16,false,,2,929.43,,false
ST01,CITY0,Mall,2025-05-20,18,false,48,8,3638.96,0.1667,true
ST02,CITY1,High Street,2025-05-21,19,false,47,12,6405.39,0.2553,true
ST03,CITY2,Mall,2025-05-22,20,false,63,17,8405.03,0.2698,true
ST04,CITY3,High Street,2025-05-23,21,false,24,7,3488.1,0.2917,true
ST05,CITY4,Mall,2025-05-24,10,true,50,5,3113.49,0.1,true
ST06,CITY5,High Street,2025-05-25,11,true,,9,5855.57,,false
ST07,CITY0,Mall,2025-05-26,12,false,33,6,1386.15,0.1818,true
ST08,CITY1,High Street,2025-05-16,13,false,33,8,3015.85,0.2424,true
ST09,CITY2,Mall,2025-05-17,14,true,27,1,317.25,0.037,true
ST10,CITY3,High Street,2025-05-18,15,true,30,3,1400.07,0.1,true
ST11,CITY4,Mall,2025-05-19,16,false,19,2,1678.41,0.1053,true
ST12,CITY5,High Street,2025-05-20,17,false,,4,2625.79,,false
ST01,CITY0,Mall,2025-05-20,19,false,41,7,2423.99,0.1707,true
ST02,CITY1,High Street,2025-05-21,20,false,59,15,7360.25,0.2542,true
ST03,CITY2,Mall,2025-05-22,21,false,32,9,5227.33,0.2813,true
ST04,CITY3,High Street,2025-05-23,10,false,33,9,4637.49,0.2727,true
ST05,CITY4,Mall,2025-05-24,11,true,54,5,2812.9,0.0926,true
ST06,CITY5,High Street,2025-05-25,12,true,,6,1976.65,,false
ST07,CITY0,Mall,2025-05-26,13,false,25,4,1969.18,0.16,true
ST08,CITY1,High Street,2025-05-16,14,false,22,3,883.72,0.1364,true
ST09,CITY2,Mall,2025-05-17,15,true,33,1,213.74,0.0303,true
ST10,CITY3,High Street,2025-05-18,16,true,25,2,772.97,0.08,true
ST11,CITY4,Mall,2025-05-19,17,false,37,7,5048.26,0.1892,true
ST12,CITY5,High Street,2025-05-20,18,false,60,9,3414.43,0.15,true
ST01,CITY0,Mall,2025-05-20,20,false,64,11,4377.14,0.1719,true
ST02,CITY1,High Street,2025-05-21,21,false,24,6,4055.94,0.25,true
ST03,CITY2,Mall,2025-05-22,10,false,24,7,3117.43,0.2917,true
ST04,CITY3,High Street,2025-05-23,11,false,25,7,5319.05,0.28,true
ST05,CITY4,Mall,2025-05-24,12,true,36,3,2648.16,0.0833,true
ST06,CITY5,High Street,2025-05-25,13,true,47,8,7421.25,0.1702,true
ST07,CITY0,Mall,2025-05-26,14,false,22,2,1227.6,0.0909,true
ST08,CITY1,High Street,2025-05-16,15,false,16,2,720.35,0.125,true
ST09,CITY2,Mall,2025-05-17,16,true,28,1,253.16,0.0357,true
ST10,CITY3,High Street,2025-05-18,17,true,62,13,6742.51,0.2097,true
ST11,CITY4,Mall,2025-05-19,18,false,39,7,4071.93,0.1795,true
ST12,CITY5,High Street,2025-05-20,19,false,39,6,2186.35,0.1538,true
ST01,CITY0,Mall,2025-05-20,21,false,36,6,2975.69,0.1667,true
ST02,CITY1,High Street,2025-05-21,10,false,26,6,3987.36,0.2308,true
ST03,CITY2,Mall,2025-05-22,11,false,24,7,3408.24,0.2917,true
ST04,CITY3,High Street,2025-05-23,12,false,31,9,3701.33,0.2903,true
ST05,CITY4,Mall,2025-05-24,13,true,45,4,2281.12,0.0889,true
ST06,CITY5,High Street,2025-05-25,14,true,35,3,1919.21,0.0857,true
ST07,CITY0,Mall,2025-05-26,15,false,22,2,2113.73,0.0909,true
ST08,CITY1,High Street,2025-05-16,16,false,15,2,1102.1,0.1333,true
ST09,CITY2,Mall,2025-05-17,17,true,49,4,3104.73,0.0816,true
ST10,CITY3,High Street,2025-05-18,18,true,69,14,7399.68,0.2029,true
ST11,CITY4,Mall,2025-05-19,19,false,64,11,6430.25,0.1719,true
ST12,CITY5,High Street,2025-05-20,20,false,45,7,4104.41,0.1556,true
ST01,CITY0,Mall,2025-05-21,10,false,35,6,3579.96,0.1714,true
ST02,CITY1,High Street,2025-05-22,11,false,23,6,3666.79,0.2609,true
ST03,CITY2,Mall,2025-05-23,12,false,32,9,5344.09,0.2813,true
ST04,CITY3,High Street,2025-05-24,13,true,52,12,4856.13,0.2308,true
ST05,CITY4,Mall,2025-05-25,14,true,23,1,152.95,0.0435,true
ST06,CITY5,High Street,2025-05-26,15,false,22,2,819.36,0.0909,true
ST07,CITY0,Mall,2025-05-16,16,false,16,1,915.49,0.0625,true
ST08,CITY1,High Street,2025-05-17,17,true,34,7,3765.08,0.2059,true
ST09,CITY2,Mall,2025-05-18,18,true,106,8,4192.36,0.0755,true
ST10,CITY3,High Street,2025-05-19,19,false,41,10,5699.59,0.2439,true
ST11,CITY4,Mall,2025-05-20,20,false,59,10,4239.64,0.1695,true
ST12,CITY5,High Street,2025-05-21,21,false,29,4,3078.13,0.1379,true
ST01,CITY0,Mall,2025-05-21,11,false,31,5,4811.08,0.1613,true
ST02,CITY1,High Street,2025-05-22,12,false,26,6,2911.44,0.2308,true
ST03,CITY2,Mall,2025-05-23,13,false,27,7,3348.67,0.2593,true
ST04,CITY3,High Street,2025-05-24,14,true,25,3,2163.84,0.12,true
ST05,CITY4,Mall,2025-05-25,15,true,27,1,261.33,0.037,true
ST06,CITY5,High Street,2025-05-26,16,false,13,1,214.37,0.0769,true
ST07,CITY0,Mall,2025-05-16,17,false,24,4,1469.21,0.1667,true
ST08,CITY1,High Street,2025-05-17,18,true,88,19,9295.57,0.2159,true
ST09,CITY2,Mall,2025-05-18,19,true,106,8,2657.61,0.0755,true
ST10,CITY3,High Street,2025-05-19,20,false,41,10,4058.7,0.2439,true
ST11,CITY4,Mall,2025-05-20,21,false,34,6,3109.51,0.1765,true
ST12,CITY5,High Street,2025-05-21,10,false,24,4,2011.08,0.1667,true
ST01,CITY0,Mall,2025-05-21,12,false,30,5,2846.25,0.1667,true
ST02,CITY1,High Street,2025-05-22,13,false,24,6,3179.29,0.25,true
ST03,CITY2,Mall,2025-05-23,14,false,20,2,480.26,0.1,true
ST04,CITY3,High Street,2025-05-24,15,true,33,3,2273.59,0.0909,true
ST05,CITY4,Mall,2025-05-25,16,true,32,1,242.04,0.0313,true
ST06,CITY5,High Street,2025-05-26,17,false,33,7,2981.99,0.2121,true
ST07,CITY0,Mall,2025-05-16,18,false,46,8,5417.91,0.1739,true
ST08,CITY1,High Street,2025-05-17,19,true,67,15,8923.88,0.2239,true
ST09,CITY2,Mall,2025-05-18,20,true,62,5,2070.02,0.0806,true
ST10,CITY3,High Street,2025-05-19,21,false,32,8,3242.34,0.25,true
ST11,CITY4,Mall,2025-05-20,10,false,34,6,1893.2,0.1765,true
ST12,CITY5,High Street,2025-05-21,11,false,31,5,1858.03,0.1613,true
ST01,CITY0,Mall,2025-05-21,13,false,31,5,2014.85,0.1613,true
ST02,CITY1,High Street,2025-05-22,14,false,16,2,412.27,0.125,true
ST03,CITY2,Mall,2025-05-23,15,false,23,3,3528.41,0.1304,true
ST04,CITY3,High Street,2025-05-24,16,true,35,4,1404.22,0.1143,true
ST05,CITY4,Mall,2025-05-25,17,true,47,4,2837.61,0.0851,true
ST06,CITY5,High Street,2025-05-26,18,false,68,14,6227.01,0.2059,true
ST07,CITY0,Mall,2025-05-16,19,false,39,7,3038.75,0.1795,true
ST08,CITY1,High Street,2025-05-17,20,true,111,24,10497.53,0.2162,true
ST09,CITY2,Mall,2025-05-18,21,true,47,4,2065.49,0.0851,true
ST10,CITY3,High Street,2025-05-19,10,false,28,7,3558.73,0.25,true
ST11,CITY4,Mall,2025-05-20,11,false,36,6,3198.15,0.1667,true
ST12,CITY5,High Street,2025-05-21,12,false,37,6,2321.36,0.1622,true
ST01,CITY0,Mall,2025-05-21,14,false,21,2,504.75,0.0952,true
ST02,CITY1,High Street,2025-05-22,15,false,20,2,798.77,0.1,true
ST03,CITY2,Mall,2025-05-23,16,false,21,3,865.12,0.1429,true
ST04,CITY3,High Street,2025-05-24,17,true,50,12,4332.72,0.24,true
ST05,CITY4,Mall,2025-05-25,18,true,95,9,3433.75,0.0947,true
ST06,CITY5,High Street,2025-05-26,19,false,62,13,6168.68,0.2097,true
ST07,CITY0,Mall,2025-05-16,20,false,58,10,5741.42,0.1724,true
ST08,CITY1,High Street,2025-05-17,21,true,47,10,4807.12,0.2128,true
ST09,CITY2,Mall,2025-05-18,10,true,39,3,1830.51,0.0769,true
ST10,CITY3,High Street,2025-05-19,11,false,21,5,1024.85,0.2381,true
ST11,CITY4,Mall,2025-05-20,12,false,26,5,2512.16,0.1923,true
ST12,CITY5,High Street,2025-05-21,13,false,34,5,2555.03,0.1471,true
ST01,CITY0,Mall,2025-05-21,15,false,18,1,331.24,0.0556,true
ST02,CITY1,High Street,2025-05-22,16,false,18,2,337.8,0.1111,true
ST03,CITY2,Mall,2025-05-23,17,false,26,7,4605.69,0.2692,true
ST04,CITY3,High Street,2025-05-24,18,true,79,18,10238.62,0.2278,true
ST05,CITY4,Mall,2025-05-25,19,true,91,9,4682.92,0.0989,true
ST06,CITY5,High Street,2025-05-26,20,false,50,10,5253.96,0.2,true
ST07,CITY0,Mall,2025-05-16,21,false,25,4,3028.83,0.16,true
ST08,CITY1,High Street,2025-05-17,10,true,56,12,4502.8,0.2143,true
ST09,CITY2,Mall,2025-05-18,11,true,37,3,709.06,0.0811,true
ST10,CITY3,High Street,2025-05-19,12,false,31,8,3288.13,0.2581,true
ST11,CITY4,Mall,2025-05-20,13,false,34,6,3133.37,0.1765,true
ST12,CITY5,High Street,2025-05-21,14,false,13,1,397.38,0.0769,true
ST01,CITY0,Mall,2025-05-21,16,false,20,2,1392.34,0.1,true
ST02,CITY1,High Street,2025-05-22,17,false,34,8,2714.81,0.2353,true
ST03,CITY2,Mall,2025-05-23,18,false,69,19,10012.47,0.2754,true
ST04,CITY3,High Street,2025-05-24,19,true,72,17,8345.17,0.2361,true
ST05,CITY4,Mall,2025-05-25,20,true,67,6,3812.64,0.0896,true
ST06,CITY5,High Street,2025-05-26,21,false,36,7,2731.6,0.1944,true
ST07,CITY0,Mall,2025-05-16,10,false,,4,1362.74,,false
ST08,CITY1,High Street,2025-05-17,11,true,37,8,4312.81,0.2162,true
ST09,CITY2,Mall,2025-05-18,12,true,39,3,629.62,0.0769,true
ST10,CITY3,High Street,2025-05-19,13,false,24,6,3915.29,0.25,true
ST11,CITY4,Mall,2025-05-20,14,false,15,1,421.19,0.0667,true
ST12,CITY5,High Street,2025-05-21,15,false,21,1,267.52,0.0476,true
ST01,CITY0,Mall,2025-05-21,17,false,28,5,2010.47,0.1786,true
ST02,CITY1,High Street,2025-05-22,18,false,68,17,7654.95,0.25,true
ST03,CITY2,Mall,2025-05-23,19,false,63,17,9829.68,0.2698,true
ST04,CITY3,High Street,2025-05-24,20,true,98,23,10556.72,0.2347,true
ST05,CITY4,Mall,2025-05-25,21,true,62,6,1948.52,0.0968,true
ST06,CITY5,High Street,2025-05-26,10,false,37,8,4527.84,0.2162,true
ST07,CITY0,Mall,2025-05-16,11,false,,5,3238.64,,false
ST08,CITY1,High Street,2025-05-17,12,true,53,11,4254.96,0.2075,true
ST09,CITY2,Mall,2025-05-18,13,true,37,3,887.41,0.0811,true
ST10,CITY3,High Street,2025-05-19,14,false,20,2,479.49,0.1,true
ST11,CITY4,Mall,2025-05-20,15,false,15,1,153.9,0.0667,true
ST12,CITY5,High Street,2025-05-21,16,false,13,1,389.84,0.0769,true
ST01,CITY0,Mall,2025-05-21,18,false,41,7,2055.58,0.1707,true
ST02,CITY1,High Street,2025-05-22,19,false,38,9,5503.37,0.2368,true
ST03,CITY2,Mall,2025-05-23,20,false,69,19,8218.0,0.2754,true
ST04,CITY3,High Street,2025-05-24,21,true,51,12,5155.05,0.2353,true
ST05,CITY4,Mall,2025-05-25,10,true,,4,1722.05,,false
ST06,CITY5,High Street,2025-05-26,11,false,27,6,2269.29,0.2222,true
ST07,CITY0,Mall,2025-05-16,12,false,36,6,1894.28,0.1667,true
ST08,CITY1,High Street,2025-05-17,13,true,55,12,5973.19,0.2182,true
ST09,CITY2,Mall,2025-05-18,14,true,33,1,798.69,0.0303,true
ST10,CITY3,High Street,2025-05-19,15,false,17,2,500.7,0.1176,true
ST11,CITY4,Mall,2025-05-20,16,false,,1,262.85,,false
ST12,CITY5,High Street,2025-05-21,17,false,37,6,2390.75,0.1622,true
ST01,CITY0,Mall,2025-05-21,19,false,39,7,3001.63,0.1795,true
ST02,CITY1,High Street,2025-05-22,20,false,64,16,6104.94,0.25,true
ST03,CITY2,Mall,2025-05-23,21,false,33,9,5712.99,0.2727,true
ST04,CITY3,High Street,2025-05-24,10,true,56,13,9505.95,0.2321,true
ST05,CITY4,Mall,2025-05-25,11,true,,3,1828.35,,false
ST06,CITY5,High Street,2025-05-26,12,false,24,5,2587.59,0.2083,true
ST07,CITY0,Mall,2025-05-16,13,false,37,6,3159.33,0.1622,true
ST08,CITY1,High Street,2025-05-17,14,true,32,3,1187.8,0.0938,true
ST09,CITY2,Mall,2025-05-18,15,true,22,1,470.17,0.0455,true
ST10,CITY3,High Street,2025-05-19,16,false,21,2,2235.55,0.0952,true
ST11,CITY4,Mall,2025-05-20,17,false,,5,1780.82,,false
ST12,CITY5,High Street,2025-05-21,18,false,48,7,3711.79,0.1458,true
ST01,CITY0,Mall,2025-05-21,20,false,63,11,4616.47,0.1746,true
ST02,CITY1,High Street,2025-05-22,21,false,32,8,3886.99,0.25,true
ST03,CITY2,Mall,2025-05-23,10,false,21,6,2059.2,0.2857,true
ST04,CITY3,High Street,2025-05-24,11,true,51,12,3658.68,0.2353,true
ST05,CITY4,Mall,2025-05-25,12,true,,5,3867.46,,false
ST06,CITY5,High Street,2025-05-26,13,false,30,6,2179.6,0.2,true
ST07,CITY0,Mall,2025-05-16,14,false,17,1,228.5,0.0588,true
ST08,CITY1,High Street,2025-05-17,15,true,20,2,1910.16,0.1,true
ST09,CITY2,Mall,2025-05-18,16,true,26,1,184.42,0.0385,true
ST10,CITY3,High Street,2025-05-19,17,false,28,7,3798.0,0.25,true
ST11,CITY4,Mall,2025-05-20,18,false,54,10,7045.65,0.1852,true
ST12,CITY5,High Street,2025-05-21,19,false,56,9,4794.59,0.1607,true
ST01,CITY0,Mall,2025-05-21,21,false,21,4,1869.99,0.1905,true
ST02,CITY1,High Street,2025-05-22,10,false,30,7,3356.47,0.2333,true
ST03,CITY2,Mall,2025-05-23,11,false,39,11,4106.77,0.2821,true
ST04,CITY3,High Street,2025-05-24,12,true,43,10,4160.44,0.2326,true
ST05,CITY4,Mall,2025-05-25,13,true,40,4,1584.92,0.1,true
ST06,CITY5,High Street,2025-05-26,14,false,14,1,467.86,0.0714,true
ST07,CITY0,Mall,2025-05-16,15,false,22,2,1458.65,0.0909,true
ST08,CITY1,High Street,2025-05-17,16,true,23,2,708.85,0.087,true
ST09,CITY2,Mall,2025-05-18,17,true,47,4,2751.04,0.0851,true
ST10,CITY3,High Street,2025-05-19,18,false,61,15,7554.82,0.2459,true
ST11,CITY4,Mall,2025-05-20,19,false,47,8,2347.84,0.1702,true
ST12,CITY5,High Street,2025-05-21,20,false,48,7,3813.45,0.1458,true
ST01,CITY0,Mall,2025-05-22,10,false,31,5,2774.56,0.1613,true
ST02,CITY1,High Street,2025-05-23,11,false,28,7,2561.23,0.25,true
ST03,CITY2,Mall,2025-05-24,12,true,58,13,5469.29,0.2241,true
ST04,CITY3,High Street,2025-05-25,13,true,46,11,7516.16,0.2391,true
ST05,CITY4,Mall,2025-05-26,14,false,13,1,1290.52,0.0769,true
ST06,CITY5,High Street,2025-05-16,15,false,20,2,942.39,0.1,true
ST07,CITY0,Mall,2025-05-17,16,true,37,2,351.7,0.0541,true
ST08,CITY1,High Street,2025-05-18,17,true,52,11,6815.36,0.2115,true
ST09,CITY2,Mall,2025-05-19,18,false,48,4,1654.84,0.0833,true
ST10,CITY3,High Street,2025-05-20,19,false,49,12,6617.34,0.2449,true
ST11,CITY4,Mall,2025-05-21,20,false,61,11,8480.28,0.1803,true
ST12,CITY5,High Street,2025-05-22,21,false,23,4,3321.06,0.1739,true
ST01,CITY0,Mall,2025-05-22,11,false,33,6,2047.56,0.1818,true
ST02,CITY1,High Street,2025-05-23,12,false,32,8,6988.54,0.25,true
ST03,CITY2,Mall,2025-05-24,13,true,54,12,5318.56,0.2222,true
ST04,CITY3,High Street,2025-05-25,14,true,27,3,1248.86,0.1111,true
ST05,CITY4,Mall,2025-05-26,15,false,17,1,729.59,0.0588,true
ST06,CITY5,High Street,2025-05-16,16,false,17,2,1130.99,0.1176,true
ST07,CITY0,Mall,2025-05-17,17,true,50,7,4285.17,0.14,true
ST08,CITY1,High Street,2025-05-18,18,true,94,20,10643.83,0.2128,true
ST09,CITY2,Mall,2025-05-19,19,false,55,5,2709.15,0.0909,true
ST10,CITY3,High Street,2025-05-20,20,false,62,15,9382.33,0.2419,true
ST11,CITY4,Mall,2025-05-21,21,false,39,7,5906.65,0.1795,true
ST12,CITY5,High Street,2025-05-22,10,false,35,5,2185.96,0.1429,true
ST01,CITY0,Mall,2025-05-22,12,false,28,5,2170.83,0.1786,true
ST02,CITY1,High Street,2025-05-23,13,false,30,7,4203.6,0.2333,true
ST03,CITY2,Mall,2025-05-24,14,true,37,4,1467.27,0.1081,true
ST04,CITY3,High Street,2025-05-25,15,true,27,3,1478.92,0.1111,true
ST05,CITY4,Mall,2025-05-26,16,false,20,1,583.81,0.05,true
ST06,CITY5,High Street,2025-05-16,17,false,26,5,2323.69,0.1923,true
ST07,CITY0,Mall,2025-05-17,18,true,96,14,6267.58,0.1458,true
ST08,CITY1,High Street,2025-05-18,19,true,91,20,8378.64,0.2198,true
ST09,CITY2,Mall,2025-05-19,20,false,70,6,4241.81,0.0857,true
ST10,CITY3,High Street,2025-05-20,21,false,33,8,4678.32,0.2424,true
ST11,CITY4,Mall,2025-05-21,10,false,39,7,9329.44,0.1795,true
ST12,CITY5,High Street,2025-05-22,11,false,38,6,3662.84,0.1579,true
ST01,CITY0,Mall,2025-05-22,13,false,25,4,2077.93,0.16,true
ST02,CITY1,High Street,2025-05-23,14,false,15,2,817.77,0.1333,true
ST03,CITY2,Mall,2025-05-24,15,true,25,3,2186.18,0.12,true
ST04,CITY3,High Street,2025-05-25,16,true,33,3,1531.96,0.0909,true
ST05,CITY4,Mall,2025-05-26,17,false,25,3,1487.88,0.12,true
ST06,CITY5,High Street,2025-05-16,18,false,58,12,5843.67,0.2069,true
ST07,CITY0,Mall,2025-05-17,19,true,63,9,4046.91,0.1429,true
ST08,CITY1,High Street,2025-05-18,20,true,91,20,11145.33,0.2198,true
ST09,CITY2,Mall,2025-05-19,21,false,31,3,1398.75,0.0968,true
ST10,CITY3,High Street,2025-05-20,10,false,35,9,5826.46,0.2571,true
ST11,CITY4,Mall,2025-05-21,11,false,37,7,3324.35,0.1892,true
ST12,CITY5,High Street,2025-05-22,12,false,31,5,2894.19,0.1613,true
ST01,CITY0,Mall,2025-05-22,14,false,23,2,835.74,0.087,true
ST02,CITY1,High Street,2025-05-23,15,false,21,2,235.2,0.0952,true
ST03,CITY2,Mall,2025-05-24,16,true,32,3,1121.97,0.0938,true
ST04,CITY3,High Street,2025-05-25,17,true,37,9,2724.76,0.2432,true
ST05,CITY4,Mall,2025-05-26,18,false,57,6,3385.7,0.1053,true
ST06,CITY5,High Street,2025-05-16,19,false,40,8,4947.78,0.2,true
ST07,CITY0,Mall,2025-05-17,20,true,84,12,5653.77,0.1429,true
ST08,CITY1,High Street,2025-05-18,21,true,60,13,5111.13,0.2167,true
ST09,CITY2,Mall,2025-05-19,10,false,26,2,337.78,0.0769,true
ST10,CITY3,High Street,2025-05-20,11,false,37,9,6351.17,0.2432,true
ST11,CITY4,Mall,2025-05-21,12,false,34,6,2613.49,0.1765,true
ST12,CITY5,High Street,2025-05-22,13,false,21,3,2380.88,0.1429,true
ST01,CITY0,Mall,2025-05-22,15,false,20,2,3865.43,0.1,true
ST02,CITY1,High Street,2025-05-23,16,false,23,3,2240.23,0.1304,true
ST03,CITY2,Mall,2025-05-24,17,true,49,11,4042.91,0.2245,true
ST04,CITY3,High Street,2025-05-25,18,true,89,21,11585.33,0.236,true
ST05,CITY4,Mall,2025-05-26,19,false,45,5,3080.88,0.1111,true
ST06,CITY5,High Street,2025-05-16,20,false,59,12,6733.92,0.2034,true
ST07,CITY0,Mall,2025-05-17,21,true,41,6,2149.61,0.1463,true
ST08,CITY1,High Street,2025-05-18,10,true,53,11,4963.83,0.2075,true
ST09,CITY2,Mall,2025-05-19,11,false,21,2,384.71,0.0952,true
ST10,CITY3,High Street,2025-05-20,12,false,27,7,3803.44,0.2593,true
ST11,CITY4,Mall,2025-05-21,13,false,32,6,5876.71,0.1875,true
ST12,CITY5,High Street,2025-05-22,14,false,17,1,180.92,0.0588,true
ST01,CITY0,Mall,2025-05-22,16,false,18,1,298.03,0.0556,true
ST02,CITY1,High Street,2025-05-23,17,false,37,9,5614.3,0.2432,true
ST03,CITY2,Mall,2025-05-24,18,true,111,26,15058.77,0.2342,true
ST04,CITY3,High Street,2025-05-25,19,true,88,21,8458.86,0.2386,true
ST05,CITY4,Mall,2025-05-26,20,false,67,7,3846.64,0.1045,true
ST06,CITY5,High Street,2025-05-16,21,false,29,6,3641.09,0.2069,true
ST07,CITY0,Mall,2025-05-17,10,true,60,9,3982.43,0.15,true
ST08,CITY1,High Street,2025-05-18,11,true,49,11,6370.65,0.2245,true
ST09,CITY2,Mall,2025-05-19,12,false,37,3,727.89,0.0811,true
ST10,CITY3,High Street,2025-05-20,13,false,38,9,4193.18,0.2368,true
ST11,CITY4,Mall,2025-05-21,14,false,16,1,659.31,0.0625,true
ST12,CITY5,High Street,2025-05-22,15,false,16,1,640.22,0.0625,true
ST01,CITY0,Mall,2025-05-22,17,false,34,6,2008.83,0.1765,true
ST02,CITY1,High Street,2025-05-23,18,false,43,11,8728.22,0.2558,true
ST03,CITY2,Mall,2025-05-24,19,true,61,14,6246.36,0.2295,true
ST04,CITY3,High Street,2025-05-25,20,true,67,16,8035.23,0.2388,true
ST05,CITY4,Mall,2025-05-26,21,false,35,4,1253.78,0.1143,true
ST06,CITY5,High Street,2025-05-16,10,false,,6,2131.49,,false
ST07,CITY0,Mall,2025-05-17,11,true,59,9,2920.35,0.1525,true
ST08,CITY1,High Street,2025-05-18,12,true,45,10,4217.03,0.2222,true
ST09,CITY2,Mall,2025-05-19,13,false,26,2,314.77,0.0769,true
ST10,CITY3,High Street,2025-05-20,14,false,13,1,184.62,0.0769,true
ST11,CITY4,Mall,2025-05-21,15,false,22,2,145.63,0.0909,true
ST12,CITY5,High Street,2025-05-22,16,false,13,1,1391.73,0.0769,true
ST01,CITY0,Mall,2025-05-22,18,false,40,7,5160.21,0.175,true
ST02,CITY1,High Street,2025-05-23,19,false,40,10,3638.7,0.25,true
ST03,CITY2,Mall,2025-05-24,20,true,109,25,19599.84,0.2294,true
ST04,CITY3,High Street,2025-05-25,21,true,62,14,6453.02,0.2258,true
ST05,CITY4,Mall,2025-05-26,10,false,31,3,973.46,0.0968,true
ST06,CITY5,High Street,2025-05-16,11,false,,5,2652.52,,false
ST07,CITY0,Mall,2025-05-17,12,true,44,6,3240.61,0.1364,true
ST08,CITY1,High Street,2025-05-18,13,true,53,11,5716.94,0.2075,true
ST09,CITY2,Mall,2025-05-19,14,false,22,1,173.92,0.0455,true
ST10,CITY3,High Street,2025-05-20,15,false,18,2,706.82,0.1111,true
ST11,CITY4,Mall,2025-05-21,16,false,20,2,693.3,0.1,true
ST12,CITY5,High Street,2025-05-22,17,false,27,4,2255.32,0.1481,true
ST01,CITY0,Mall,2025-05-22,19,false,62,11,6898.55,0.1774,true
ST02,CITY1,High Street,2025-05-23,20,false,70,17,9983.62,0.2429,true
ST03,CITY2,Mall,2025-05-24,21,true,50,12,5211.41,0.24,true
ST04,CITY3,High Street,2025-05-25,10,true,,13,5381.68,,false
ST05,CITY4,Mall,2025-05-26,11,false,33,4,1970.48,0.1212,true
ST06,CITY5,High Street,2025-05-16,12,false,39,8,3320.1,0.2051,true
ST07,CITY0,Mall,2025-05-17,13,true,38,6,3371.32,0.1579,true
ST08,CITY1,High Street,2025-05-18,14,true,21,2,1072.86,0.0952,true
ST09,CITY2,Mall,2025-05-19,15,false,16,1,751.79,0.0625,true
ST10,CITY3,High Street,2025-05-20,16,false,,2,517.67,,false
ST11,CITY4,Mall,2025-05-21,17,false,26,5,2552.34,0.1923,true
ST12,CITY5,High Street,2025-05-22,18,false,67,10,3848.83,0.1493,true
ST01,CITY0,Mall,2025-05-22,20,false,68,12,7661.1,0.1765,true
ST02,CITY1,High Street,2025-05-23,21,false,31,8,3977.09,0.2581,true
ST03,CITY2,Mall,2025-05-24,10,true,49,11,7401.94,0.2245,true
ST04,CITY3,High Street,2025-05-25,11,true,,11,5174.45,,false
ST05,CITY4,Mall,2025-05-26,12,false,37,4,1266.13,0.1081,true
ST06,CITY5,High Street,2025-05-16,13,false,32,7,3670.34,0.2188,true
ST07,CITY0,Mall,2025-05-17,14,true,26,2,919.72,0.0769,true
ST08,CITY1,High Street,2025-05-18,15,true,31,3,1314.9,0.0968,true
ST09,CITY2,Mall,2025-05-19,16,false,23,1,1051.44,0.0435,true
ST10,CITY3,High Street,2025-05-20,17,false,,8,3349.62,,false
ST11,CITY4,Mall,2025-05-21,18,false,51,9,7547.0,0.1765,true
ST12,CITY5,High Street,2025-05-22,19,false,55,8,5874.82,0.1455,true
ST01,CITY0,Mall,2025-05-22,21,false,30,5,2560.8,0.1667,true
ST02,CITY1,High Street,2025-05-23,10,false,38,9,3455.53,0.2368,true
ST03,CITY2,Mall,2025-05-24,11,true,35,8,6831.97,0.2286,true
ST04,CITY3,High Street,2025-05-25,12,true,,13,6837.6,,false
ST05,CITY4,Mall,2025-05-26,13,false,35,4,2250.28,0.1143,true
ST06,CITY5,High Street,2025-05-16,14,false,22,2,1095.83,0.0909,true
ST07,CITY0,Mall,2025-05-17,15,true,30,2,861.04,0.0667,true
ST08,CITY1,High Street,2025-05-18,16,true,34,3,1834.34,0.0882,true
ST09,CITY2,Mall,2025-05-19,17,false,23,2,720.33,0.087,true
ST10,CITY3,High Street,2025-05-20,18,false,63,15,9051.37,0.2381,true
ST11,CITY4,Mall,2025-05-21,19,false,61,11,6922.42,0.1803,true
ST12,CITY5,High Street,2025-05-22,20,false,59,9,3370.14,0.1525,true
ST01,CITY0,Mall,2025-05-23,10,false,31,5,1972.13,0.1613,true
ST02,CITY1,High Street,2025-05-24,11,true,52,11,5172.67,0.2115,true
ST03,CITY2,Mall,2025-05-25,12,true,,13,5542.48,,false
ST04,CITY3,High Street,2025-05-26,13,false,30,8,4337.55,0.2667,true
ST05,CITY4,Mall,2025-05-16,14,false,15,1,760.68,0.0667,true
ST06,CITY5,High Street,2025-05-17,15,true,34,3,1024.19,0.0882,true
ST07,CITY0,Mall,2025-05-18,16,true,30,2,1818.79,0.0667,true
ST08,CITY1,High Street,2025-05-19,17,false,22,6,3730.39,0.2727,true
ST09,CITY2,Mall,2025-05-20,18,false,59,5,3024.76,0.0847,true
ST10,CITY3,High Street,2025-05-21,19,false,40,10,3627.74,0.25,true
ST11,CITY4,Mall,2025-05-22,20,false,52,9,4937.54,0.1731,true
ST12,CITY5,High Street,2025-05-23,21,false,23,4,2482.26,0.1739,true
ST01,CITY0,Mall,2025-05-23,11,false,26,5,2365.22,0.1923,true
ST02,CITY1,High Street,2025-05-24,12,true,57,12,6566.85,0.2105,true
ST03,CITY2,Mall,2025-05-25,13,true,46,11,6748.58,0.2391,true
ST04,CITY3,High Street,2025-05-26,14,false,15,2,712.43,0.1333,true
ST05,CITY4,Mall,2025-05-16,15,false,21,1,766.54,0.0476,true
ST06,CITY5,High Street,2025-05-17,16,true,24,2,1248.59,0.0833,true
ST07,CITY0,Mall,2025-05-18,17,true,56,8,5609.06,0.1429,true
ST08,CITY1,High Street,2025-05-19,18,false,39,10,3190.36,0.2564,true
ST09,CITY2,Mall,2025-05-20,19,false,48,4,1743.57,0.0833,true
ST10,CITY3,High Street,2025-05-21,20,false,55,13,8230.66,0.2364,true
ST11,CITY4,Mall,2025-05-22,21,false,25,4,1638.19,0.16,true
ST12,CITY5,High Street,2025-05-23,10,false,34,5,2073.33,0.1471,true
ST01,CITY0,Mall,2025-05-23,12,false,27,5,2501.07,0.1852,true
ST02,CITY1,High Street,2025-05-24,13,true,61,13,5315.35,0.2131,true
ST03,CITY2,Mall,2025-05-25,14,true,29,3,1333.92,0.1034,true
ST04,CITY3,High Street,2025-05-26,15,false,23,3,1328.19,0.1304,true
ST05,CITY4,Mall,2025-05-16,16,false,16,1,736.33,0.0625,true
ST06,CITY5,High Street,2025-05-17,17,true,49,9,5564.67,0.1837,true
ST07,CITY0,Mall,2025-05-18,18,true,100,15,6335.18,0.15,true
ST08,CITY1,High Street,2025-05-19,19,false,58,15,6929.43,0.2586,true
ST09,CITY2,Mall,2025-05-20,20,false,45,4,1673.42,0.0889,true
ST10,CITY3,High Street,2025-05-21,21,false,22,5,2096.19,0.2273,true
ST11,CITY4,Mall,2025-05-22,10,false,30,5,2438.83,0.1667,true
ST12,CITY5,High Street,2025-05-23,11,false,34,5,1618.74,0.1471,true
ST01,CITY0,Mall,2025-05-23,13,false,31,5,2890.88,0.1613,true
ST02,CITY1,High Street,2025-05-24,14,true,23,2,983.63,0.087,true
ST03,CITY2,Mall,2025-05-25,15,true,23,2,497.71,0.087,true
ST04,CITY3,High Street,2025-05-26,16,false,21,3,725.63,0.1429,true
ST05,CITY4,Mall,2025-05-16,17,false,22,2,703.43,0.0909,true
ST06,CITY5,High Street,2025-05-17,18,true,93,16,7433.12,0.172,true
ST07,CITY0,Mall,2025-05-18,19,true,108,16,9187.45,0.1481,true
ST08,CITY1,High Street,2025-05-19,20,false,51,13,7837.93,0.2549,true
ST09,CITY2,Mall,2025-05-20,21,false,26,2,592.34,0.0769,true
ST10,CITY3,High Street,2025-05-21,10,false,33,8,2869.54,0.2424,true
ST11,CITY4,Mall,2025-05-22,11,false,37,7,3635.86,0.1892,true
ST12,CITY5,High Street,2025-05-23,12,false,33,5,3287.04,0.1515,true
ST01,CITY0,Mall,2025-05-23,14,false,19,2,901.57,0.1053,true
ST02,CITY1,High Street,2025-05-24,15,true,29,3,1053.52,0.1034,true
ST03,CITY2,Mall,2025-05-25,16,true,21,2,1753.45,0.0952,true
ST04,CITY3,High Street,2025-05-26,17,false,39,11,3714.5,0.2821,true
ST05,CITY4,Mall,2025-05-16,18,false,39,4,5668.53,0.1026,true
ST06,CITY5,High Street,2025-05-17,19,true,70,12,6257.33,0.1714,true
ST07,CITY0,Mall,2025-05-18,20,true,88,13,5773.21,0.1477,true
ST08,CITY1,High Street,2025-05-19,21,false,24,6,3740.69,0.25,true
ST09,CITY2,Mall,2025-05-20,10,false,22,2,1121.05,0.0909,true
ST10,CITY3,High Street,2025-05-21,11,false,36,9,4104.89,0.25,true
ST11,CITY4,Mall,2025-05-22,12,false,34,6,2486.31,0.1765,true
ST12,CITY5,High Street,2025-05-23,13,false,24,4,1788.03,0.1667,true
ST01,CITY0,Mall,2025-05-23,15,false,23,2,2615.34,0.087,true
ST02,CITY1,High Street,2025-05-24,16,true,27,3,892.36,0.1111,true
ST03,CITY2,Mall,2025-05-25,17,true,51,12,4755.23,0.2353,true
ST04,CITY3,High Street,2025-05-26,18,false,38,10,4930.22,0.2632,true
ST05,CITY4,Mall,2025-05-16,19,false,55,6,2717.55,0.1091,true
ST06,CITY5,High Street,2025-05-17,20,true,70,12,5869.87,0.1714,true
ST07,CITY0,Mall,2025-05-18,21,true,37,5,2851.59,0.1351,true
ST08,CITY1,High Street,2025-05-19,10,false,26,7,4513.03,0.2692,true
ST09,CITY2,Mall,2025-05-20,11,false,36,3,1346.15,0.0833,true
ST10,CITY3,High Street,2025-05-21,12,false,33,8,4377.32,0.2424,true
ST11,CITY4,Mall,2025-05-22,13,false,25,4,2714.81,0.16,true
ST12,CITY5,High Street,2025-05-23,14,false,19,1,399.84,0.0526,true
ST01,CITY0,Mall,2025-05-23,16,false,16,1,400.32,0.0625,true
ST02,CITY1,High Street,2025-05-24,17,true,62,13,6311.33,0.2097,true
ST03,CITY2,Mall,2025-05-25,18,true,89,21,8676.18,0.236,true
ST04,CITY3,High Street,2025-05-26,19,false,54,15,11011.1,0.2778,true
ST05,CITY4,Mall,2025-05-16,20,false,64,7,3021.33,0.1094,true
ST06,CITY5,High Street,2025-05-17,21,true,43,8,2188.7,0.186,true
ST07,CITY0,Mall,2025-05-18,10,true,61,9,3141.65,0.1475,true
ST08,CITY1,High Street,2025-05-19,11,false,23,6,2161.75,0.2609,true
ST09,CITY2,Mall,2025-05-20,12,false,25,2,1315.25,0.08,true
ST10,CITY3,High Street,2025-05-21,13,false,39,10,5486.41,0.2564,true
ST11,CITY4,Mall,2025-05-22,14,false,23,2,1148.69,0.087,true
ST12,CITY5,High Street,2025-05-23,15,false,22,2,798.5,0.0909,true
ST01,CITY0,Mall,2025-05-23,17,false,34,6,1530.38,0.1765,true
ST02,CITY1,High Street,2025-05-24,18,true,102,22,9680.89,0.2157,true
ST03,CITY2,Mall,2025-05-25,19,true,91,21,7771.96,0.2308,true
ST04,CITY3,High Street,2025-05-26,20,false,46,13,6189.25,0.2826,true
ST05,CITY4,Mall,2025-05-16,21,false,39,4,2725.07,0.1026,true
ST06,CITY5,High Street,2025-05-17,10,true,44,8,3583.21,0.1818,true
ST07,CITY0,Mall,2025-05-18,11,true,59,9,4349.26,0.1525,true
ST08,CITY1,High Street,2025-05-19,12,false,35,9,3064.24,0.2571,true
ST09,CITY2,Mall,2025-05-20,13,false,36,3,1581.38,0.0833,true
ST10,CITY3,High Street,2025-05-21,14,false,15,2,569.1,0.1333,true
ST11,CITY4,Mall,2025-05-22,15,false,21,2,864.44,0.0952,true
ST12,CITY5,High Street,2025-05-23,16,false,22,2,755.82,0.0909,true
ST01,CITY0,Mall,2025-05-23,18,false,58,10,5050.04,0.1724,true
ST02,CITY1,High Street,2025-05-24,19,true,73,15,8432.2,0.2055,true
ST03,CITY2,Mall,2025-05-25,20,true,93,21,15451.29,0.2258,true
ST04,CITY3,High Street,2025-05-26,21,false,27,7,2985.97,0.2593,true
ST05,CITY4,Mall,2025-05-16,10,false,,4,2936.66,,false
ST06,CITY5,High Street,2025-05-17,11,true,54,10,5986.95,0.1852,true
ST07,CITY0,Mall,2025-05-18,12,true,35,5,2050.4,0.1429,true
ST08,CITY1,High Street,2025-05-19,13,false,33,8,4087.29,0.2424,true
ST09,CITY2,Mall,2025-05-20,14,false,13,1,388.82,0.0769,true
ST10,CITY3,High Street,2025-05-21,15,false,14,2,951.05,0.1429,true
ST11,CITY4,Mall,2025-05-22,16,false,14,1,1172.24,0.0714,true
ST12,CITY5,High Street,2025-05-23,17,false,22,3,1507.38,0.1364,true
ST01,CITY0,Mall,2025-05-23,19,false,54,10,6110.08,0.1852,true
ST02,CITY1,High Street,2025-05-24,20,true,87,18,8005.24,0.2069,true
ST03,CITY2,Mall,2025-05-25,21,true,43,10,3947.49,0.2326,true
ST04,CITY3,High Street,2025-05-26,10,false,33,9,5226.66,0.2727,true
ST05,CITY4,Mall,2025-05-16,11,false,,4,2586.63,,false
ST06,CITY5,High Street,2025-05-17,12,true,43,8,5108.48,0.186,true
ST07,CITY0,Mall,2025-05-18,13,true,37,5,1875.43,0.1351,true
ST08,CITY1,High Street,2025-05-19,14,false,20,2,671.26,0.1,true
ST09,CITY2,Mall,2025-05-20,15,false,16,1,505.95,0.0625,true
ST10,CITY3,High Street,2025-05-21,16,false,14,2,413.93,0.1429,true
ST11,CITY4,Mall,2025-05-22,17,false,35,6,5294.19,0.1714,true
ST12,CITY5,High Street,2025-05-23,18,false,42,6,1714.98,0.1429,true
ST01,CITY0,Mall,2025-05-23,20,false,55,10,3270.53,0.1818,true
ST02,CITY1,High Street,2025-05-24,21,true,48,10,5092.93,0.2083,true
ST03,CITY2,Mall,2025-05-25,10,true,,14,6071.59,,false
ST04,CITY3,High Street,2025-05-26,11,false,25,7,5808.62,0.28,true
ST05,CITY4,Mall,2025-05-16,12,false,34,4,3003.64,0.1176,true
ST06,CITY5,High Street,2025-05-17,13,true,55,10,7027.39,0.1818,true
ST07,CITY0,Mall,2025-05-18,14,true,24,2,1123.33,0.0833,true
ST08,CITY1,High Street,2025-05-19,15,false,13,1,850.44,0.0769,true
ST09,CITY2,Mall,2025-05-20,16,false,,1,205.96,,false
ST10,CITY3,High Street,2025-05-21,17,false,32,8,6748.35,0.25,true
ST11,CITY4,Mall,2025-05-22,18,false,48,8,2689.94,0.1667,true
ST12,CITY5,High Street,2025-05-23,19,false,38,6,3671.45,0.1579,true
ST01,CITY0,Mall,2025-05-23,21,false,32,6,3824.03,0.1875,true
ST02,CITY1,High Street,2025-05-24,10,true,35,7,3060.2,0.2,true
ST03,CITY2,Mall,2025-05-25,11,true,,11,4782.98,,false
ST04,CITY3,High Street,2025-05-26,12,false,29,8,4372.52,0.2759,true
ST05,CITY4,Mall,2025-05-16,13,false,31,3,3622.22,0.0968,true
ST06,CITY5,High Street,2025-05-17,14,true,24,2,761.33,0.0833,true
ST07,CITY0,Mall,2025-05-18,15,true,32,2,1488.59,0.0625,true
ST08,CITY1,High Street,2025-05-19,16,false,16,2,2772.05,0.125,true
ST09,CITY2,Mall,2025-05-20,17,false,,3,2004.48,,false
ST10,CITY3,High Street,2025-05-21,18,false,45,11,5464.86,0.2444,true
ST11,CITY4,Mall,2025-05-22,19,false,61,11,7553.61,0.1803,true
ST12,CITY5,High Street,2025-05-23,20,false,38,6,2193.08,0.1579,true
ST01,CITY0,Mall,2025-05-24,10,true,55,8,3554.34,0.1455,true
ST02,CITY1,High Street,2025-05-25,11,true,,9,3064.1,,false
ST03,CITY2,Mall,2025-05-26,12,false,26,7,2923.62,0.2692,true
ST04,CITY3,High Street,2025-05-16,13,false,37,10,5219.89,0.2703,true
ST05,CITY4,Mall,2025-05-17,14,true,34,1,97.46,0.0294,true
ST06,CITY5,High Street,2025-05-18,15,true,24,2,566.03,0.0833,true
ST07,CITY0,Mall,2025-05-19,16,false,23,2,1106.35,0.087,true
ST08,CITY1,High Street,2025-05-20,17,false,,7,3877.58,,false
ST09,CITY2,Mall,2025-05-21,18,false,56,5,2352.47,0.0893,true
ST10,CITY3,High Street,2025-05-22,19,false,51,12,5005.37,0.2353,true
ST11,CITY4,Mall,2025-05-23,20,false,43,8,3795.78,0.186,true
ST12,CITY5,High Street,2025-05-24,21,true,49,6,3291.68,0.1224,true
ST01,CITY0,Mall,2025-05-24,11,true,53,8,4151.01,0.1509,true
ST02,CITY1,High Street,2025-05-25,12,true,,9,5826.04,,false
ST03,CITY2,Mall,2025-05-26,13,false,31,8,4233.73,0.2581,true
ST04,CITY3,High Street,2025-05-16,14,false,20,2,705.5,0.1,true
ST05,CITY4,Mall,2025-05-17,15,true,36,2,1537.97,0.0556,true
ST06,CITY5,High Street,2025-05-18,16,true,37,3,3996.4,0.0811,true
ST07,CITY0,Mall,2025-05-19,17,false,34,6,2740.52,0.1765,true
ST08,CITY1,High Street,2025-05-20,18,false,53,14,7081.49,0.2642,true
ST09,CITY2,Mall,2025-05-21,19,false,41,4,1556.91,0.0976,true
ST10,CITY3,High Street,2025-05-22,20,false,70,17,7209.41,0.2429,true
ST11,CITY4,Mall,2025-05-23,21,false,21,4,2302.47,0.1905,true
ST12,CITY5,High Street,2025-05-24,10,true,39,5,1879.8,0.1282,true
ST01,CITY0,Mall,2025-05-24,12,true,41,6,4953.66,0.1463,true
ST02,CITY1,High Street,2025-05-25,13,true,62,13,8391.1,0.2097,true
ST03,CITY2,Mall,2025-05-26,14,false,20,2,434.93,0.1,true
ST04,CITY3,High Street,2025-05-16,15,false,16,2,836.93,0.125,true
ST05,CITY4,Mall,2025-05-17,16,true,22,1,533.95,0.0455,true
ST06,CITY5,High Street,2025-05-18,17,true,48,8,4268.44,0.1667,true
ST07,CITY0,Mall,2025-05-19,18,false,57,10,3824.87,0.1754,true
ST08,CITY1,High Street,2025-05-20,19,false,46,12,6352.49,0.2609,true
ST09,CITY2,Mall,2025-05-21,20,false,45,4,1550.78,0.0889,true
ST10,CITY3,High Street,2025-05-22,21,false,30,7,4360.61,0.2333,true
ST11,CITY4,Mall,2025-05-23,10,false,29,5,3761.58,0.1724,true
ST12,CITY5,High Street,2025-05-24,11,true,43,6,2450.91,0.1395,true
ST01,CITY0,Mall,2025-05-24,13,true,38,6,1519.61,0.1579,true
ST02,CITY1,High Street,2025-05-25,14,true,30,3,1362.15,0.1,true
ST03,CITY2,Mall,2025-05-26,15,false,23,3,2616.26,0.1304,true
ST04,CITY3,High Street,2025-05-16,16,false,20,2,669.37,0.1,true
ST05,CITY4,Mall,2025-05-17,17,true,42,4,1847.21,0.0952,true
ST06,CITY5,High Street,2025-05-18,18,true,68,12,5885.52,0.1765,true
ST07,CITY0,Mall,2025-05-19,19,false,69,12,5302.83,0.1739,true
ST08,CITY1,High Street,2025-05-20,20,false,52,13,6099.95,0.25,true
ST09,CITY2,Mall,2025-05-21,21,false,27,2,1074.55,0.0741,true
ST10,CITY3,High Street,2025-05-22,10,false,37,9,4760.48,0.2432,true
ST11,CITY4,Mall,2025-05-23,11,false,27,5,2481.82,0.1852,true
ST12,CITY5,High Street,2025-05-24,12,true,42,5,1706.19,0.119,true
ST01,CITY0,Mall,2025-05-24,14,true,33,2,1123.84,0.0606,true
ST02,CITY1,High Street,2025-05-25,15,true,30,3,1957.87,0.1,true
ST03,CITY2,Mall,2025-05-26,16,false,23,3,2044.14,0.1304,true
ST04,CITY3,High Street,2025-05-16,17,false,28,8,4427.48,0.2857,true
ST05,CITY4,Mall,2025-05-17,18,true,101,10,4475.65,0.099,true
ST06,CITY5,High Street,2025-05-18,19,true,97,17,7021.33,0.1753,true
ST07,CITY0,Mall,2025-05-19,20,false,50,9,4322.52,0.18,true
ST08,CITY1,High Street,2025-05-20,21,false,35,9,4085.99,0.2571,true
ST09,CITY2,Mall,2025-05-21,10,false,27,2,811.33,0.0741,true
ST10,CITY3,High Street,2025-05-22,11,false,36,9,5451.39,0.25,true
ST11,CITY4,Mall,2025-05-23,12,false,33,6,2163.65,0.1818,true
ST12,CITY5,High Street,2025-05-24,13,true,42,5,1691.37,0.119,true
ST01,CITY0,Mall,2025-05-24,15,true,30,2,618.76,0.0667,true
ST02,CITY1,High Street,2025-05-25,16,true,27,3,1194.04,0.1111,true
ST03,CITY2,Mall,2025-05-26,17,false,21,6,2250.05,0.2857,true
ST04,CITY3,High Street,2025-05-16,18,false,70,19,9719.08,0.2714,true
ST05,CITY4,Mall,2025-05-17,19,true,85,8,2989.16,0.0941,true
ST06,CITY5,High Street,2025-05-18,20,true,88,16,5149.19,0.1818,true
ST07,CITY0,Mall,2025-05-19,21,false,37,6,5648.59,0.1622,true
ST08,CITY1,High Street,2025-05-20,10,false,21,5,3202.69,0.2381,true
ST09,CITY2,Mall,2025-05-21,11,false,30,3,781.9,0.1,true
ST10,CITY3,High Street,2025-05-22,12,false,21,5,2005.34,0.2381,true
ST11,CITY4,Mall,2025-05-23,13,false,29,5,1975.32,0.1724,true
ST12,CITY5,High Street,2025-05-24,14,true,27,2,1042.3,0.0741,true
ST01,CITY0,Mall,2025-05-24,16,true,37,3,2167.91,0.0811,true
ST02,CITY1,High Street,2025-05-25,17,true,61,13,4867.28,0.2131,true
ST03,CITY2,Mall,2025-05-26,18,false,51,14,5189.11,0.2745,true
ST04,CITY3,High Street,2025-05-16,19,false,53,15,8883.07,0.283,true
ST05,CITY4,Mall,2025-05-17,20,true,110,10,6151.84,0.0909,true
ST06,CITY5,High Street,2025-05-18,21,true,61,11,4543.27,0.1803,true
ST07,CITY0,Mall,2025-05-19,10,false,36,6,3951.89,0.1667,true
ST08,CITY1,High Street,2025-05-20,11,false,32,8,4684.2,0.25,true
ST09,CITY2,Mall,2025-05-21,12,false,36,3,1911.7,0.0833,true
ST10,CITY3,High Street,2025-05-22,13,false,36,9,3283.77,0.25,true
ST11,CITY4,Mall,2025-05-23,14,false,23,2,811.74,0.087,true
ST12,CITY5,High Street,2025-05-24,15,true,37,2,980.41,0.0541,true
ST01,CITY0,Mall,2025-05-24,17,true,62,9,5361.17,0.1452,true
ST02,CITY1,High Street,2025-05-25,18,true,111,23,12022.13,0.2072,true
ST03,CITY2,Mall,2025-05-26,19,false,54,15,7604.11,0.2778,true
ST04,CITY3,High Street,2025-05-16,20,false,54,15,10205.6,0.2778,true
ST05,CITY4,Mall,2025-05-17,21,true,40,4,1485.41,0.1,true
ST06,CITY5,High Street,2025-05-18,10,true,37,7,5466.26,0.1892,true
ST07,CITY0,Mall,2025-05-19,11,false,21,4,2443.69,0.1905,true
ST08,CITY1,High Street,2025-05-20,12,false,31,8,3214.63,0.2581,true
ST09,CITY2,Mall,2025-05-21,13,false,26,2,749.11,0.0769,true
ST10,CITY3,High Street,2025-05-22,14,false,16,2,910.78,0.125,true
ST11,CITY4,Mall,2025-05-23,15,false,15,1,224.21,0.0667,true
ST12,CITY5,High Street,2025-05-24,16,true,21,1,319.62,0.0476,true
ST01,CITY0,Mall,2025-05-24,18,true,83,12,3718.43,0.1446,true
ST02,CITY1,High Street,2025-05-25,19,true,93,20,11321.4,0.2151,true
ST03,CITY2,Mall,2025-05-26,20,false,45,12,8422.15,0.2667,true
ST04,CITY3,High Street,2025-05-16,21,false,22,6,3140.33,0.2727,true
ST05,CITY4,Mall,2025-05-17,10,true,50,5,1504.41,0.1,true
ST06,CITY5,High Street,2025-05-18,11,true,43,8,4246.81,0.186,true
ST07,CITY0,Mall,2025-05-19,12,false,36,6,3507.56,0.1667,true
ST08,CITY1,High Street,2025-05-20,13,false,29,7,2385.55,0.2414,true
ST09,CITY2,Mall,2025-05-21,14,false,14,1,145.86,0.0714,true
ST10,CITY3,High Street,2025-05-22,15,false,22,2,371.69,0.0909,true
ST11,CITY4,Mall,2025-05-23,16,false,15,1,124.89,0.0667,true
ST12,CITY5,High Street,2025-05-24,17,true,44,6,8608.42,0.1364,true
ST01,CITY0,Mall,2025-05-24,19,true,61,9,3455.84,0.1475,true
ST02,CITY1,High Street,2025-05-25,20,true,81,17,9470.01,0.2099,true
ST03,CITY2,Mall,2025-05-26,21,false,24,7,3090.19,0.2917,true
ST04,CITY3,High Street,2025-05-16,10,false,,9,6689.59,,false
ST05,CITY4,Mall,2025-05-17,11,true,54,5,1405.81,0.0926,true
ST06,CITY5,High Street,2025-05-18,12,true,45,8,4492.34,0.1778,true
ST07,CITY0,Mall,2025-05-19,13,false,38,7,2716.26,0.1842,true
ST08,CITY1,High Street,2025-05-20,14,false,22,3,1030.13,0.1364,true
ST09,CITY2,Mall,2025-05-21,15,false,13,1,218.97,0.0769,true
ST10,CITY3,High Street,2025-05-22,16,false,13,1,275.08,0.0769,true
ST11,CITY4,Mall,2025-05-23,17,false,37,7,3201.52,0.1892,true
ST12,CITY5,High Street,2025-05-24,18,true,91,12,4052.33,0.1319,true
ST01,CITY0,Mall,2025-05-24,20,true,82,12,6600.95,0.1463,true
ST02,CITY1,High Street,2025-05-25,21,true,55,12,6307.27,0.2182,true
ST03,CITY2,Mall,2025-05-26,10,false,28,8,3457.97,0.2857,true
ST04,CITY3,High Street,2025-05-16,11,false,,9,3689.27,,false
ST05,CITY4,Mall,2025-05-17,12,true,37,3,2976.22,0.0811,true
ST06,CITY5,High Street,2025-05-18,13,true,51,9,6632.65,0.1765,true
ST07,CITY0,Mall,2025-05-19,14,false,14,1,263.46,0.0714,true
ST08,CITY1,High Street,2025-05-20,15,false,21,2,2395.22,0.0952,true
ST09,CITY2,Mall,2025-05-21,16,false,22,1,305.49,0.0455,true
ST10,CITY3,High Street,2025-05-22,17,false,26,6,1829.06,0.2308,true
ST11,CITY4,Mall,2025-05-23,18,false,43,8,4199.3,0.186,true
ST12,CITY5,High Street,2025-05-24,19,true,83,11,6033.42,0.1325,true
ST01,CITY0,Mall,2025-05-24,21,true,41,6,3594.09,0.1463,true
ST02,CITY1,High Street,2025-05-25,10,true,,10,3261.68,,false
ST03,CITY2,Mall,2025-05-26,11,false,22,6,1975.64,0.2727,true
ST04,CITY3,High Street,2025-05-16,12,false,32,9,5162.44,0.2813,true
ST05,CITY4,Mall,2025-05-17,13,true,62,6,2695.54,0.0968,true
ST06,CITY5,High Street,2025-05-18,14,true,28,2,1522.83,0.0714,true
ST07,CITY0,Mall,2025-05-19,15,false,17,1,326.26,0.0588,true
ST08,CITY1,High Street,2025-05-20,16,false,,2,2380.53,,false
ST09,CITY2,Mall,2025-05-21,17,false,23,2,1596.02,0.087,true
ST10,CITY3,High Street,2025-05-22,18,false,62,15,7770.57,0.2419,true
ST11,CITY4,Mall,2025-05-23,19,false,43,8,3802.12,0.186,true
ST12,CITY5,High Street,2025-05-24,20,true,71,9,6411.12,0.1268,true
ST01,CITY0,Mall,2025-05-25,10,true,,6,2438.55,,false
ST02,CITY1,High Street,2025-05-26,11,false,22,5,2018.98,0.2273,true
ST03,CITY2,Mall,2025-05-16,12,false,37,10,5021.89,0.2703,true
ST04,CITY3,High Street,2025-05-17,13,true,49,11,4835.76,0.2245,true
ST05,CITY4,Mall,2025-05-18,14,true,24,1,393.46,0.0417,true
ST06,CITY5,High Street,2025-05-19,15,false,21,2,409.49,0.0952,true
ST07,CITY0,Mall,2025-05-20,16,false,,1,428.92,,false
ST08,CITY1,High Street,2025-05-21,17,false,22,6,3609.96,0.2727,true
ST09,CITY2,Mall,2025-05-22,18,false,41,4,1842.94,0.0976,true
ST10,CITY3,High Street,2025-05-23,19,false,40,10,5198.59,0.25,true
ST11,CITY4,Mall,2025-05-24,20,true,111,17,7878.12,0.1532,true
ST12,CITY5,High Street,2025-05-25,21,true,38,5,1624.04,0.1316,true
ST01,CITY0,Mall,2025-05-25,11,true,,9,4230.92,,false
ST02,CITY1,High Street,2025-05-26,12,false,38,9,4258.91,0.2368,true
ST03,CITY2,Mall,2025-05-16,13,false,26,7,6818.41,0.2692,true
ST04,CITY3,High Street,2025-05-17,14,true,35,4,2163.34,0.1143,true
ST05,CITY4,Mall,2025-05-18,15,true,26,1,179.14,0.0385,true
ST06,CITY5,High Street,2025-05-19,16,false,17,2,653.98,0.1176,true
ST07,CITY0,Mall,2025-05-20,17,false,,6,3148.04,,false
ST08,CITY1,High Street,2025-05-21,18,false,65,17,11047.79,0.2615,true
ST09,CITY2,Mall,2025-05-22,19,false,57,5,2359.79,0.0877,true
ST10,CITY3,High Street,2025-05-23,20,false,60,15,4978.2,0.25,true
ST11,CITY4,Mall,2025-05-24,21,true,43,6,1428.13,0.1395,true
ST12,CITY5,High Street,2025-05-25,10,true,,8,3709.18,,false
ST01,CITY0,Mall,2025-05-25,12,true,,7,3567.54,,false
ST02,CITY1,High Street,2025-05-26,13,false,34,8,5625.63,0.2353,true
ST03,CITY2,Mall,2025-05-16,14,false,15,2,621.22,0.1333,true
ST04,CITY3,High Street,2025-05-17,15,true,23,2,557.51,0.087,true
ST05,CITY4,Mall,2025-05-18,16,true,25,1,248.3,0.04,true
ST06,CITY5,High Street,2025-05-19,17,false,33,7,3788.9,0.2121,true
ST07,CITY0,Mall,2025-05-20,18,false,42,7,3111.06,0.1667,true
ST08,CITY1,High Street,2025-05-21,19,false,65,17,8873.18,0.2615,true
ST09,CITY2,Mall,2025-05-22,20,false,44,4,2182.1,0.0909,true
ST10,CITY3,High Street,2025-05-23,21,false,28,7,6159.92,0.25,true
ST11,CITY4,Mall,2025-05-24,10,true,54,8,3952.98,0.1481,true
ST12,CITY5,High Street,2025-05-25,11,true,,7,2268.4,,false
ST01,CITY0,Mall,2025-05-25,13,true,44,7,6107.51,0.1591,true
ST02,CITY1,High Street,2025-05-26,14,false,17,2,384.57,0.1176,true
ST03,CITY2,Mall,2025-05-16,15,false,23,3,1025.15,0.1304,true
ST04,CITY3,High Street,2025-05-17,16,true,22,2,1900.78,0.0909,true
ST05,CITY4,Mall,2025-05-18,17,true,42,4,2128.73,0.0952,true
ST06,CITY5,High Street,2025-05-19,18,false,38,8,5706.6,0.2105,true
ST07,CITY0,Mall,2025-05-20,19,false,59,10,4874.96,0.1695,true
ST08,CITY1,High Street,2025-05-21,20,false,58,15,8968.32,0.2586,true
ST09,CITY2,Mall,2025-05-22,21,false,33,3,920.23,0.0909,true
ST10,CITY3,High Street,2025-05-23,10,false,37,9,5470.95,0.2432,true
ST11,CITY4,Mall,2025-05-24,11,true,38,6,2711.61,0.1579,true
ST12,CITY5,High Street,2025-05-25,12,true,,5,2450.14,,false
ST01,CITY0,Mall,2025-05-25,14,true,27,2,423.12,0.0741,true
ST02,CITY1,High Street,2025-05-26,15,false,23,3,1218.66,0.1304,true
ST03,CITY2,Mall,2025-05-16,16,false,21,3,1366.4,0.1429,true
ST04,CITY3,High Street,2025-05-17,17,true,42,10,4695.21,0.2381,true
ST05,CITY4,Mall,2025-05-18,18,true,96,9,3998.12,0.0938,true
ST06,CITY5,High Street,2025-05-19,19,false,59,12,6324.7,0.2034,true
ST07,CITY0,Mall,2025-05-20,20,false,55,10,3593.16,0.1818,true
ST08,CITY1,High Street,2025-05-21,21,false,36,9,5312.78,0.25,true
ST09,CITY2,Mall,2025-05-22,10,false,25,2,493.29,0.08,true
ST10,CITY3,High Street,2025-05-23,11,false,36,9,4558.16,0.25,true
ST11,CITY4,Mall,2025-05-24,12,true,62,9,3938.65,0.1452,true
ST12,CITY5,High Street,2025-05-25,13,true,45,6,2637.57,0.1333,true
ST01,CITY0,Mall,2025-05-25,15,true,36,2,1023.0,0.0556,true
ST02,CITY1,High Street,2025-05-26,16,false,14,2,806.51,0.1429,true
ST03,CITY2,Mall,2025-05-16,17,false,31,8,4368.15,0.2581,true
ST04,CITY3,High Street,2025-05-17,18,true,92,22,10351.43,0.2391,true
ST05,CITY4,Mall,2025-05-18,19,true,104,10,9505.18,0.0962,true
ST06,CITY5,High Street,2025-05-19,20,false,42,9,3407.78,0.2143,true
ST07,CITY0,Mall,2025-05-20,21,false,27,5,1879.81,0.1852,true
ST08,CITY1,High Street,2025-05-21,10,false,26,7,3817.49,0.2692,true
ST09,CITY2,Mall,2025-05-22,11,false,22,2,615.34,0.0909,true
ST10,CITY3,High Street,2025-05-23,12,false,27,7,4510.6,0.2593,true
ST11,CITY4,Mall,2025-05-24,13,true,58,9,3517.62,0.1552,true
ST12,CITY5,High Street,2025-05-25,14,true,22,1,358.11,0.0455,true
ST01,CITY0,Mall,2025-05-25,16,true,35,2,672.12,0.0571,true
ST02,CITY1,High Street,2025-05-26,17,false,22,5,4082.45,0.2273,true
ST03,CITY2,Mall,2025-05-16,18,false,50,14,6993.68,0.28,true
ST04,CITY3,High Street,2025-05-17,19,true,108,25,10237.97,0.2315,true
ST05,CITY4,Mall,2025-05-18,20,true,83,8,5500.1,0.0964,true
ST06,CITY5,High Street,2025-05-19,21,false,25,5,1996.61,0.2,true
ST07,CITY0,Mall,2025-05-20,10,false,25,4,2519.3,0.16,true
ST08,CITY1,High Street,2025-05-21,11,false,30,8,3399.05,0.2667,true
ST09,CITY2,Mall,2025-05-22,12,false,34,3,724.62,0.0882,true
ST10,CITY3,High Street,2025-05-23,13,false,23,6,3344.49,0.2609,true
ST11,CITY4,Mall,2025-05-24,14,true,24,2,900.18,0.0833,true
ST12,CITY5,High Street,2025-05-25,15,true,27,2,791.54,0.0741,true
ST01,CITY0,Mall,2025-05-25,17,true,41,6,2610.18,0.1463,true
ST02,CITY1,High Street,2025-05-26,18,false,47,12,5078.78,0.2553,true
ST03,CITY2,Mall,2025-05-16,19,false,46,12,10751.31,0.2609,true
ST04,CITY3,High Street,2025-05-17,20,true,74,17,6683.18,0.2297,true
ST05,CITY4,Mall,2025-05-18,21,true,57,5,3995.26,0.0877,true
ST06,CITY5,High Street,2025-05-19,10,false,39,8,3346.1,0.2051,true
ST07,CITY0,Mall,2025-05-20,11,false,39,7,3813.04,0.1795,true
ST08,CITY1,High Street,2025-05-21,12,false,32,8,3710.66,0.25,true
ST09,CITY2,Mall,2025-05-22,13,false,31,3,1900.28,0.0968,true
ST10,CITY3,High Street,2025-05-23,14,false,19,2,399.64,0.1053,true
ST11,CITY4,Mall,2025-05-24,15,true,34,2,994.11,0.0588,true
ST12,CITY5,High Street,2025-05-25,16,true,28,2,335.99,0.0714,true
ST01,CITY0,Mall,2025-05-25,18,true,89,13,6531.74,0.1461,true
ST02,CITY1,High Street,2025-05-26,19,false,63,16,8390.15,0.254,true
ST03,CITY2,Mall,2025-05-16,20,false,58,16,5728.32,0.2759,true
ST04,CITY3,High Street,2025-05-17,21,true,57,13,5818.6,0.2281,true
ST05,CITY4,Mall,2025-05-18,10,true,44,4,3145.86,0.0909,true
ST06,CITY5,High Street,2025-05-19,11,false,24,5,3195.72,0.2083,true
ST07,CITY0,Mall,2025-05-20,12,false,23,4,4410.09,0.1739,true
ST08,CITY1,High Street,2025-05-21,13,false,26,7,2817.59,0.2692,true
ST09,CITY2,Mall,2025-05-22,14,false,13,1,822.53,0.0769,true
ST10,CITY3,High Street,2025-05-23,15,false,21,2,875.56,0.0952,true
ST11,CITY4,Mall,2025-05-24,16,true,29,2,553.08,0.069,true
ST12,CITY5,High Street,2025-05-25,17,true,46,6,2470.66,0.1304,true
ST01,CITY0,Mall,2025-05-25,19,true,83,12,4353.99,0.1446,true
ST02,CITY1,High Street,2025-05-26,20,false,52,13,5327.53,0.25,true
ST03,CITY2,Mall,2025-05-16,21,false,33,9,5111.42,0.2727,true
ST04,CITY3,High Street,2025-05-17,10,true,42,10,5319.09,0.2381,true
ST05,CITY4,Mall,2025-05-18,11,true,45,4,1297.89,0.0889,true
ST06,CITY5,High Street,2025-05-19,12,false,35,7,4031.59,0.2,true
ST07,CITY0,Mall,2025-05-20,13,false,32,6,3022.95,0.1875,true
ST08,CITY1,High Street,2025-05-21,14,false,17,2,1102.88,0.1176,true
ST09,CITY2,Mall,2025-05-22,15,false,19,1,773.9,0.0526,true
ST10,CITY3,High Street,2025-05-23,16,false,19,2,893.2,0.1053,true
ST11,CITY4,Mall,2025-05-24,17,true,58,9,3847.39,0.1552,true
ST12,CITY5,High Street,2025-05-25,18,true,105,14,5098.51,0.1333,true
ST01,CITY0,Mall,2025-05-25,20,true,61,9,6433.72,0.1475,true
ST02,CITY1,High Street,2025-05-26,21,false,38,9,4932.14,0.2368,true
ST03,CITY2,Mall,2025-05-16,10,false,,8,3926.74,,false
ST04,CITY3,High Street,2025-05-17,11,true,48,11,4954.54,0.2292,true
ST05,CITY4,Mall,2025-05-18,12,true,51,5,2605.21,0.098,true
ST06,CITY5,High Street,2025-05-19,13,false,25,5,1867.93,0.2,true
ST07,CITY0,Mall,2025-05-20,14,false,17,1,578.61,0.0588,true
ST08,CITY1,High Street,2025-05-21,15,false,23,3,1206.51,0.1304,true
ST09,CITY2,Mall,2025-05-22,16,false,19,1,721.64,0.0526,true
ST10,CITY3,High Street,2025-05-23,17,false,35,9,3269.46,0.2571,true
ST11,CITY4,Mall,2025-05-24,18,true,62,9,4559.86,0.1452,true
ST12,CITY5,High Street,2025-05-25,19,true,91,12,5826.14,0.1319,true
ST01,CITY0,Mall,2025-05-25,21,true,55,8,4341.8,0.1455,true
ST02,CITY1,High Street,2025-05-26,10,false,36,9,2895.37,0.25,true
ST03,CITY2,Mall,2025-05-16,11,false,,6,2542.74,,false
ST04,CITY3,High Street,2025-05-17,12,true,53,12,8751.0,0.2264,true
ST05,CITY4,Mall,2025-05-18,13,true,56,5,3851.93,0.0893,true
ST06,CITY5,High Street,2025-05-19,14,false,20,2,1195.1,0.1,true
ST07,CITY0,Mall,2025-05-20,15,false,17,1,774.56,0.0588,true
ST08,CITY1,High Street,2025-05-21,16,false,16,2,844.96,0.125,true
ST09,CITY2,Mall,2025-05-22,17,false,34,3,1956.82,0.0882,true
ST10,CITY3,High Street,2025-05-23,18,false,68,17,8316.79,0.25,true
ST11,CITY4,Mall,2025-05-24,19,true,66,10,4625.2,0.1515,true
ST12,CITY5,High Street,2025-05-25,20,true,106,14,6002.64,0.1321,true
ST01,CITY0,Mall,2025-05-26,10,false,35,6,4875.43,0.1714,true
ST02,CITY1,High Street,2025-05-16,11,false,,6,2603.98,,false
ST03,CITY2,Mall,2025-05-17,12,true,46,11,4880.05,0.2391,true
ST04,CITY3,High Street,2025-05-18,13,true,52,12,7273.51,0.2308,true
ST05,CITY4,Mall,2025-05-19,14,false,21,1,498.34,0.0476,true
ST06,CITY5,High Street,2025-05-20,15,false,14,1,843.3,0.0714,true
ST07,CITY0,Mall,2025-05-21,16,false,17,1,168.18,0.0588,true
ST08,CITY1,High Street,2025-05-22,17,false,24,6,2454.57,0.25,true
ST09,CITY2,Mall,2025-05-23,18,false,65,6,3895.44,0.0923,true
ST10,CITY3,High Street,2025-05-24,19,true,112,23,10755.86,0.2054,true
ST11,CITY4,Mall,2025-05-25,20,true,109,16,6929.83,0.1468,true
ST12,CITY5,High Street,2025-05-26,21,false,25,4,1686.84,0.16,true
ST01,CITY0,Mall,2025-05-26,11,false,22,4,2358.92,0.1818,true
ST02,CITY1,High Street,2025-05-16,12,false,36,9,3992.96,0.25,true
ST03,CITY2,Mall,2025-05-17,13,true,42,10,7344.87,0.2381,true
ST04,CITY3,High Street,2025-05-18,14,true,31,3,1123.63,0.0968,true
ST05,CITY4,Mall,2025-05-19,15,false,18,1,256.8,0.0556,true
ST06,CITY5,High Street,2025-05-20,16,false,,2,769.86,,false
ST07,CITY0,Mall,2025-05-21,17,false,37,6,2205.43,0.1622,true
ST08,CITY1,High Street,2025-05-22,18,false,49,12,4580.29,0.2449,true
ST09,CITY2,Mall,2025-05-23,19,false,50,5,1324.23,0.1,true
ST10,CITY3,High Street,2025-05-24,20,true,77,16,8821.48,0.2078,true
ST11,CITY4,Mall,2025-05-25,21,true,42,6,3554.97,0.1429,true
ST12,CITY5,High Street,2025-05-26,10,false,35,5,2036.99,0.1429,true
ST01,CITY0,Mall,2025-05-26,12,false,33,6,2077.83,0.1818,true
ST02,CITY1,High Street,2025-05-16,13,false,29,7,2867.41,0.2414,true
ST03,CITY2,Mall,2025-05-17,14,true,27,3,845.53,0.1111,true
ST04,CITY3,High Street,2025-05-18,15,true,22,2,1498.02,0.0909,true
ST05,CITY4,Mall,2025-05-19,16,false,14,1,444.58,0.0714,true
ST06,CITY5,High Street,2025-05-20,17,false,,8,5415.09,,false
ST07,CITY0,Mall,2025-05-21,18,false,46,8,6110.98,0.1739,true
ST08,CITY1,High Street,2025-05-22,19,false,50,13,6015.13,0.26,true
ST09,CITY2,Mall,2025-05-23,20,false,64,6,2752.99,0.0938,true
ST10,CITY3,High Street,2025-05-24,21,true,42,9,5249.54,0.2143,true
ST11,CITY4,Mall,2025-05-25,10,true,,6,2310.01,,false
ST12,CITY5,High Street,2025-05-26,11,false,38,6,1868.91,0.1579,true
ST01,CITY0,Mall,2025-05-26,13,false,22,4,1028.11,0.1818,true
ST02,CITY1,High Street,2025-05-16,14,false,23,3,1357.66,0.1304,true
ST03,CITY2,Mall,2025-05-17,15,true,20,2,607.59,0.1,true
ST04,CITY3,High Street,2025-05-18,16,true,34,4,1592.8,0.1176,true
ST05,CITY4,Mall,2025-05-19,17,false,35,4,1350.86,0.1143,true
ST06,CITY5,High Street,2025-05-20,18,false,68,14,5571.83,0.2059,true
ST07,CITY0,Mall,2025-05-21,19,false,58,10,4304.68,0.1724,true
ST08,CITY1,High Street,2025-05-22,20,false,50,13,6609.09,0.26,true
ST09,CITY2,Mall,2025-05-23,21,false,30,3,949.35,0.1,true
ST10,CITY3,High Street,2025-05-24,10,true,49,10,4640.79,0.2041,true
ST11,CITY4,Mall,2025-05-25,11,true,,8,3523.73,,false
ST12,CITY5,High Street,2025-05-26,12,false,33,5,4468.39,0.1515,true
ST01,CITY0,Mall,2025-05-26,14,false,21,2,426.55,0.0952,true
ST02,CITY1,High Street,2025-05-16,15,false,20,2,909.51,0.1,true
ST03,CITY2,Mall,2025-05-17,16,true,33,3,2628.07,0.0909,true
ST04,CITY3,High Street,2025-05-18,17,true,57,13,8202.82,0.2281,true
ST05,CITY4,Mall,2025-05-19,18,false,46,5,1107.49,0.1087,true
ST06,CITY5,High Street,2025-05-20,19,false,52,11,5875.41,0.2115,true
ST07,CITY0,Mall,2025-05-21,20,false,56,10,4453.04,0.1786,true
ST08,CITY1,High Street,2025-05-22,21,false,37,9,3826.63,0.2432,true
ST09,CITY2,Mall,2025-05-23,10,false,26,2,213.84,0.0769,true
ST10,CITY3,High Street,2025-05-24,11,true,49,10,3205.96,0.2041,true
ST11,CITY4,Mall,2025-05-25,12,true,,7,4500.17,,false
ST12,CITY5,High Street,2025-05-26,13,false,30,5,3940.49,0.1667,true
ST01,CITY0,Mall,2025-05-26,15,false,21,2,803.4,0.0952,true
ST02,CITY1,High Street,2025-05-16,16,false,18,2,610.05,0.1111,true
ST03,CITY2,Mall,2025-05-17,17,true,38,9,3172.54,0.2368,true
ST04,CITY3,High Street,2025-05-18,18,true,66,15,7519.23,0.2273,true
ST05,CITY4,Mall,2025-05-19,19,false,54,6,3027.49,0.1111,true
ST06,CITY5,High Street,2025-05-20,20,false,46,10,4230.38,0.2174,true
ST07,CITY0,Mall,2025-05-21,21,false,37,6,6033.25,0.1622,true
ST08,CITY1,High Street,2025-05-22,10,false,34,9,3231.03,0.2647,true
ST09,CITY2,Mall,2025-05-23,11,false,29,3,1034.05,0.1034,true
ST10,CITY3,High Street,2025-05-24,12,true,49,10,5433.33,0.2041,true
ST11,CITY4,Mall,2025-05-25,13,true,50,8,3107.72,0.16,true
ST12,CITY5,High Street,2025-05-26,14,false,18,1,249.62,0.0556,true
ST01,CITY0,Mall,2025-05-26,16,false,14,1,103.32,0.0714,true
ST02,CITY1,High Street,2025-05-16,17,false,35,9,3920.33,0.2571,true
ST03,CITY2,Mall,2025-05-17,18,true,74,17,10104.9,0.2297,true
ST04,CITY3,High Street,2025-05-18,19,true,78,18,8728.93,0.2308,true
ST05,CITY4,Mall,2025-05-19,20,false,40,4,3182.14,0.1,true
ST06,CITY5,High Street,2025-05-20,21,false,27,6,1681.33,0.2222,true
ST07,CITY0,Mall,2025-05-21,10,false,21,4,2596.81,0.1905,true
ST08,CITY1,High Street,2025-05-22,11,false,35,9,3842.49,0.2571,true
ST09,CITY2,Mall,2025-05-23,12,false,36,3,1319.51,0.0833,true
ST10,CITY3,High Street,2025-05-24,13,true,47,10,5464.87,0.2128,true
ST11,CITY4,Mall,2025-05-25,14,true,32,2,1091.07,0.0625,true
ST12,CITY5,High Street,2025-05-26,15,false,18,1,821.05,0.0556,true
ST01,CITY0,Mall,2025-05-26,17,false,28,5,2410.98,0.1786,true
ST02,CITY1,High Street,2025-05-16,18,false,38,9,6221.97,0.2368,true
ST03,CITY2,Mall,2025-05-17,19,true,91,21,12264.78,0.2308,true
ST04,CITY3,High Street,2025-05-18,20,true,109,25,11854.0,0.2294,true
ST05,CITY4,Mall,2025-05-19,21,false,30,3,1129.04,0.1,true
ST06,CITY5,High Street,2025-05-20,10,false,27,6,6768.44,0.2222,true
ST07,CITY0,Mall,2025-05-21,11,false,27,5,2711.57,0.1852,true
ST08,CITY1,High Street,2025-05-22,12,false,24,6,3198.09,0.25,true
ST09,CITY2,Mall,2025-05-23,13,false,36,3,836.63,0.0833,true
ST10,CITY3,High Street,2025-05-24,14,true,32,3,1093.54,0.0938,true
ST11,CITY4,Mall,2025-05-25,15,true,35,2,260.08,0.0571,true
ST12,CITY5,High Street,2025-05-26,16,false,15,1,1027.92,0.0667,true
ST01,CITY0,Mall,2025-05-26,18,false,43,8,4700.39,0.186,true
ST02,CITY1,High Street,2025-05-16,19,false,54,13,6797.96,0.2407,true
ST03,CITY2,Mall,2025-05-17,20,true,82,19,9685.93,0.2317,true
ST04,CITY3,High Street,2025-05-18,21,true,34,8,4592.85,0.2353,true
ST05,CITY4,Mall,2025-05-19,10,false,29,3,712.25,0.1034,true
ST06,CITY5,High Street,2025-05-20,11,false,37,8,3712.36,0.2162,true
ST07,CITY0,Mall,2025-05-21,12,false,29,5,2485.96,0.1724,true
ST08,CITY1,High Street,2025-05-22,13,false,30,8,4109.83,0.2667,true
ST09,CITY2,Mall,2025-05-23,14,false,17,1,535.3,0.0588,true
ST10,CITY3,High Street,2025-05-24,15,true,24,2,860.35,0.0833,true
ST11,CITY4,Mall,2025-05-25,16,true,26,2,669.05,0.0769,true
ST12,CITY5,High Street,2025-05-26,17,false,26,4,1284.22,0.1538,true
ST01,CITY0,Mall,2025-05-26,19,false,63,11,3639.0,0.1746,true
ST02,CITY1,High Street,2025-05-16,20,false,48,12,7074.78,0.25,true
ST03,CITY2,Mall,2025-05-17,21,true,54,12,7482.81,0.2222,true
ST04,CITY3,High Street,2025-05-18,10,true,50,12,5957.84,0.24,true
ST05,CITY4,Mall,2025-05-19,11,false,35,4,2274.29,0.1143,true
ST06,CITY5,High Street,2025-05-20,12,false,25,5,2300.85,0.2,true
ST07,CITY0,Mall,2025-05-21,13,false,22,4,1405.93,0.1818,true
ST08,CITY1,High Street,2025-05-22,14,false,13,1,325.53,0.0769,true
ST09,CITY2,Mall,2025-05-23,15,false,16,1,415.13,0.0625,true
ST10,CITY3,High Street,2025-05-24,16,true,29,3,1214.2,0.1034,true
ST11,CITY4,Mall,2025-05-25,17,true,47,7,3506.35,0.1489,true
ST12,CITY5,High Street,2025-05-26,18,false,47,7,2029.38,0.1489,true
ST01,CITY0,Mall,2025-05-26,20,false,56,10,4832.15,0.1786,true
ST02,CITY1,High Street,2025-05-16,21,false,26,6,2372.6,0.2308,true
ST03,CITY2,Mall,2025-05-17,10,true,38,9,3581.94,0.2368,true
ST04,CITY3,High Street,2025-05-18,11,true,46,11,6496.88,0.2391,true
ST05,CITY4,Mall,2025-05-19,12,false,28,3,1916.18,0.1071,true
ST06,CITY5,High Street,2025-05-20,13,false,30,6,2785.73,0.2,true
ST07,CITY0,Mall,2025-05-21,14,false,13,1,159.04,0.0769,true
ST08,CITY1,High Street,2025-05-22,15,false,19,2,3423.27,0.1053,true
ST09,CITY2,Mall,2025-05-23,16,false,14,1,389.74,0.0714,true
ST10,CITY3,High Street,2025-05-24,17,true,38,8,4219.43,0.2105,true
ST11,CITY4,Mall,2025-05-25,18,true,63,9,4385.2,0.1429,true
ST12,CITY5,High Street,2025-05-26,19,false,50,8,10760.97,0.16,true
ST01,CITY0,Mall,2025-05-26,21,false,34,6,1593.31,0.1765,true
ST02,CITY1,High Street,2025-05-16,10,false,,9,4101.98,,false
ST03,CITY2,Mall,2025-05-17,11,true,37,9,3799.52,0.2432,true
ST04,CITY3,High Street,2025-05-18,12,true,52,12,11004.85,0.2308,true
ST05,CITY4,Mall,2025-05-19,13,false,21,2,2266.0,0.0952,true
ST06,CITY5,High Street,2025-05-20,14,false,13,1,186.36,0.0769,true
ST07,CITY0,Mall,2025-05-21,15,false,22,2,612.52,0.0909,true
ST08,CITY1,High Street,2025-05-22,16,false,13,1,168.89,0.0769,true
ST09,CITY2,Mall,2025-05-23,17,false,31,3,480.64,0.0968,true
ST10,CITY3,High Street,2025-05-24,18,true,76,16,5379.7,0.2105,true
ST11,CITY4,Mall,2025-05-25,19,true,75,11,7123.56,0.1467,true
ST12,CITY5,High Street,2025-05-26,20,false,62,9,6705.13,0.1452,true
ST01,CITY0,Mall,2025-05-27,10,false,36,6,3123.47,0.1667,true
ST02,CITY1,High Street,2025-05-28,11,false,26,6,2868.44,0.2308,true
ST03,CITY2,Mall,2025-05-29,12,false,34,9,4431.17,0.2647,true
ST04,CITY3,High Street,2025-05-30,13,false,35,10,3766.33,0.2857,true
ST05,CITY4,Mall,2025-05-31,14,true,33,1,312.82,0.0303,true
ST06,CITY5,High Street,2025-06-01,15,true,26,2,1270.2,0.0769,true
ST07,CITY0,Mall,2025-06-02,16,false,18,1,1287.78,0.0556,true
ST08,CITY1,High Street,2025-06-03,17,false,37,9,4912.52,0.2432,true
ST09,CITY2,Mall,2025-06-04,18,false,38,3,3694.72,0.0789,true
ST10,CITY3,High Street,2025-06-05,19,false,50,12,4809.65,0.24,true
ST11,CITY4,Mall,2025-06-06,20,false,49,9,4484.64,0.1837,true
ST12,CITY5,High Street,2025-05-27,21,false,35,5,3035.43,0.1429,true
ST01,CITY0,Mall,2025-05-27,11,false,38,7,4074.88,0.1842,true
ST02,CITY1,High Street,2025-05-28,12,false,36,9,4761.58,0.25,true
ST03,CITY2,Mall,2025-05-29,13,false,32,9,4432.24,0.2813,true
ST04,CITY3,High Street,2025-05-30,14,false,17,2,1277.05,0.1176,true
ST05,CITY4,Mall,2025-05-31,15,true,34,1,955.08,0.0294,true
ST06,CITY5,High Street,2025-06-01,16,true,33,3,1785.66,0.0909,true
ST07,CITY0,Mall,2025-06-02,17,false,34,6,2730.07,0.1765,true
ST08,CITY1,High Street,2025-06-03,18,false,59,15,6860.23,0.2542,true
ST09,CITY2,Mall,2025-06-04,19,false,50,5,1741.49,0.1,true
ST10,CITY3,High Street,2025-06-05,20,false,44,11,4883.34,0.25,true
ST11,CITY4,Mall,2025-06-06,21,false,23,4,1295.91,0.1739,true
ST12,CITY5,High Street,2025-05-27,10,false,26,4,2137.27,0.1538,true
ST01,CITY0,Mall,2025-05-27,12,false,38,7,2368.03,0.1842,true
ST02,CITY1,High Street,2025-05-28,13,false,30,7,3823.94,0.2333,true
ST03,CITY2,Mall,2025-05-29,14,false,21,3,2189.65,0.1429,true
ST04,CITY3,High Street,2025-05-30,15,false,16,2,553.77,0.125,true
ST05,CITY4,Mall,2025-05-31,16,true,33,1,1070.08,0.0303,true
ST06,CITY5,High Street,2025-06-01,17,true,59,10,5165.48,0.1695,true
ST07,CITY0,Mall,2025-06-02,18,false,45,8,6894.2,0.1778,true
ST08,CITY1,High Street,2025-06-03,19,false,56,14,5559.96,0.25,true
ST09,CITY2,Mall,2025-06-04,20,false,43,4,3235.89,0.093,true
ST10,CITY3,High Street,2025-06-05,21,false,25,6,3758.73,0.24,true
ST11,CITY4,Mall,2025-06-06,10,false,31,5,1894.99,0.1613,true
ST12,CITY5,High Street,2025-05-27,11,false,26,4,3916.56,0.1538,true
ST01,CITY0,Mall,2025-05-27,13,false,28,5,2786.99,0.1786,true
ST02,CITY1,High Street,2025-05-28,14,false,15,2,948.15,0.1333,true
ST03,CITY2,Mall,2025-05-29,15,false,23,3,1197.37,0.1304,true
ST04,CITY3,High Street,2025-05-30,16,false,15,2,1148.31,0.1333,true
ST05,CITY4,Mall,2025-05-31,17,true,61,6,2790.71,0.0984,true
ST06,CITY5,High Street,2025-06-01,18,true,63,11,7871.43,0.1746,true
ST07,CITY0,Mall,2025-06-02,19,false,39,7,2686.14,0.1795,true
ST08,CITY1,High Street,2025-06-03,20,false,48,12,9207.05,0.25,true
ST09,CITY2,Mall,2025-06-04,21,false,26,2,1109.33,0.0769,true
ST10,CITY3,High Street,2025-06-05,10,false,33,8,3448.56,0.2424,true
ST11,CITY4,Mall,2025-06-06,11,false,32,6,2193.76,0.1875,true
ST12,CITY5,High Street,2025-05-27,12,false,23,4,2311.35,0.1739,true
ST01,CITY0,Mall,2025-05-27,14,false,16,1,988.44,0.0625,true
ST02,CITY1,High Street,2025-05-28,15,false,14,2,545.38,0.1429,true
ST03,CITY2,Mall,2025-05-29,16,false,,2,822.68,,false
ST04,CITY3,High Street,2025-05-30,17,false,25,7,3129.38,0.28,true
ST05,CITY4,Mall,2025-05-31,18,true,69,7,2892.66,0.1014,true
ST06,CITY5,High Street,2025-06-01,19,true,107,19,8528.68,0.1776,true
ST07,CITY0,Mall,2025-06-02,20,false,47,8,4173.18,0.1702,true
ST08,CITY1,High Street,2025-06-03,21,false,32,8,3899.95,0.25,true
ST09,CITY2,Mall,2025-06-04,10,false,32,3,1844.28,0.0938,true
ST10,CITY3,High Street,2025-06-05,11,false,30,7,3280.67,0.2333,true
ST11,CITY4,Mall,2025-06-06,12,false,38,7,7250.4,0.1842,true
ST12,CITY5,High Street,2025-05-27,13,false,23,4,1352.56,0.1739,true
ST01,CITY0,Mall,2025-05-27,15,false,13,1,801.5,0.0769,true
ST02,CITY1,High Street,2025-05-28,16,false,17,2,520.85,0.1176,true
ST03,CITY2,Mall,2025-05-29,17,false,,10,4900.81,,false
ST04,CITY3,High Street,2025-05-30,18,false,65,18,7830.66,0.2769,true
ST05,CITY4,Mall,2025-05-31,19,true,80,8,3767.56,0.1,true
ST06,CITY5,High Street,2025-06-01,20,true,93,16,11062.52,0.172,true
ST07,CITY0,Mall,2025-06-02,21,false,23,4,2250.01,0.1739,true
ST08,CITY1,High Street,2025-06-03,10,false,,6,4822.65,,false
ST09,CITY2,Mall,2025-06-04,11,false,32,3,2092.84,0.0938,true
ST10,CITY3,High Street,2025-06-05,12,false,35,9,4670.42,0.2571,true
ST11,CITY4,Mall,2025-06-06,13,false,29,5,1878.23,0.1724,true
ST12,CITY5,High Street,2025-05-27,14,false,16,1,223.36,0.0625,true
ST01,CITY0,Mall,2025-05-27,16,false,21,2,1047.45,0.0952,true
ST02,CITY1,High Street,2025-05-28,17,false,30,7,3560.51,0.2333,true
ST03,CITY2,Mall,2025-05-29,18,false,48,13,7111.37,0.2708,true
ST04,CITY3,High Street,2025-05-30,19,false,69,19,10532.12,0.2754,true
ST05,CITY4,Mall,2025-05-31,20,true,83,8,4085.85,0.0964,true
ST06,CITY5,High Street,2025-06-01,21,true,57,10,4059.76,0.1754,true
ST07,CITY0,Mall,2025-06-02,10,false,23,4,1739.67,0.1739,true
ST08,CITY1,High Street,2025-06-03,11,false,,5,2255.26,,false
ST09,CITY2,Mall,2025-06-04,12,false,26,2,1502.47,0.0769,true
ST10,CITY3,High Street,2025-06-05,13,false,32,8,4948.53,0.25,true
ST11,CITY4,Mall,2025-06-06,14,false,22,2,833.45,0.0909,true
ST12,CITY5,High Street,2025-05-27,15,false,14,1,485.6,0.0714,true
ST01,CITY0,Mall,2025-05-27,17,false,26,5,2210.31,0.1923,true
ST02,CITY1,High Street,2025-05-28,18,false,56,14,8861.02,0.25,true
ST03,CITY2,Mall,2025-05-29,19,false,51,14,8022.09,0.2745,true
ST04,CITY3,High Street,2025-05-30,20,false,51,14,9076.94,0.2745,true
ST05,CITY4,Mall,2025-05-31,21,true,49,5,2225.27,0.102,true
ST06,CITY5,High Street,2025-06-01,10,true,56,10,3576.41,0.1786,true
ST07,CITY0,Mall,2025-06-02,11,false,37,6,2691.95,0.1622,true
ST08,CITY1,High Street,2025-06-03,12,false,34,9,3264.78,0.2647,true
ST09,CITY2,Mall,2025-06-04,13,false,25,2,2329.69,0.08,true
ST10,CITY3,High Street,2025-06-05,14,false,18,2,472.97,0.1111,true
ST11,CITY4,Mall,2025-06-06,15,false,15,1,262.42,0.0667,true
ST12,CITY5,High Street,2025-05-27,16,false,20,1,515.93,0.05,true
ST01,CITY0,Mall,2025-05-27,18,false,43,8,5153.96,0.186,true
ST02,CITY1,High Street,2025-05-28,19,false,58,14,8014.84,0.2414,true
ST03,CITY2,Mall,2025-05-29,20,false,41,11,5040.62,0.2683,true
ST04,CITY3,High Street,2025-05-30,21,false,33,9,5085.19,0.2727,true
ST05,CITY4,Mall,2025-05-31,10,true,59,6,2123.47,0.1017,true
ST06,CITY5,High Street,2025-06-01,11,true,43,8,2240.64,0.186,true
ST07,CITY0,Mall,2025-06-02,12,false,28,5,2442.72,0.1786,true
ST08,CITY1,High Street,2025-06-03,13,false,33,8,5071.83,0.2424,true
ST09,CITY2,Mall,2025-06-04,14,false,21,1,467.18,0.0476,true
ST10,CITY3,High Street,2025-06-05,15,false,19,2,857.06,0.1053,true
ST11,CITY4,Mall,2025-06-06,16,false,17,1,601.79,0.0588,true
ST12,CITY5,High Street,2025-05-27,17,false,32,5,3182.46,0.1563,true
ST01,CITY0,Mall,2025-05-27,19,false,42,7,4002.02,0.1667,true
ST02,CITY1,High Street,2025-05-28,20,false,50,12,7018.4,0.24,true
ST03,CITY2,Mall,2025-05-29,21,false,29,8,4683.57,0.2759,true
ST04,CITY3,High Street,2025-05-30,10,false,35,10,4422.76,0.2857,true
ST05,CITY4,Mall,2025-05-31,11,true,59,6,3296.0,0.1017,true
ST06,CITY5,High Street,2025-06-01,12,true,41,7,4318.95,0.1707,true
ST07,CITY0,Mall,2025-06-02,13,false,25,4,2577.54,0.16,true
ST08,CITY1,High Street,2025-06-03,14,false,17,2,1200.77,0.1176,true
ST09,CITY2,Mall,2025-06-04,15,false,14,1,283.49,0.0714,true
ST10,CITY3,High Street,2025-06-05,16,false,13,1,300.98,0.0769,true
ST11,CITY4,Mall,2025-06-06,17,false,31,5,3219.71,0.1613,true
ST12,CITY5,High Street,2025-05-27,18,false,65,10,3921.12,0.1538,true
ST01,CITY0,Mall,2025-05-27,20,false,43,8,4360.68,0.186,true
ST02,CITY1,High Street,2025-05-28,21,false,25,6,2502.42,0.24,true
ST03,CITY2,Mall,2025-05-29,10,false,30,8,4328.61,0.2667,true
ST04,CITY3,High Street,2025-05-30,11,false,26,7,4454.69,0.2692,true
ST05,CITY4,Mall,2025-05-31,12,true,41,4,1052.44,0.0976,true
ST06,CITY5,High Street,2025-06-01,13,true,41,7,2998.19,0.1707,true
ST07,CITY0,Mall,2025-06-02,14,false,20,2,2367.65,0.1,true
ST08,CITY1,High Street,2025-06-03,15,false,16,2,2165.92,0.125,true
ST09,CITY2,Mall,2025-06-04,16,false,22,1,504.05,0.0455,true
ST10,CITY3,High Street,2025-06-05,17,false,38,9,5162.94,0.2368,true
ST11,CITY4,Mall,2025-06-06,18,false,61,11,7793.87,0.1803,true
ST12,CITY5,High Street,2025-05-27,19,false,61,9,5297.37,0.1475,true
ST01,CITY0,Mall,2025-05-27,21,false,22,4,1900.93,0.1818,true
ST02,CITY1,High Street,2025-05-28,10,false,36,9,3508.69,0.25,true
ST03,CITY2,Mall,2025-05-29,11,false,36,10,5329.61,0.2778,true
ST04,CITY3,High Street,2025-05-30,12,false,30,8,2688.15,0.2667,true
ST05,CITY4,Mall,2025-05-31,13,true,34,3,2063.6,0.0882,true
ST06,CITY5,High Street,2025-06-01,14,true,24,2,1224.92,0.0833,true
ST07,CITY0,Mall,2025-06-02,15,false,23,2,1958.23,0.087,true
ST08,CITY1,High Street,2025-06-03,16,false,20,2,553.68,0.1,true
ST09,CITY2,Mall,2025-06-04,17,false,36,3,1555.3,0.0833,true
ST10,CITY3,High Street,2025-06-05,18,false,60,15,6765.04,0.25,true
ST11,CITY4,Mall,2025-06-06,19,false,54,10,5118.26,0.1852,true
ST12,CITY5,High Street,2025-05-27,20,false,55,8,2373.51,0.1455,true
ST01,CITY0,Mall,2025-05-28,10,false,29,5,1173.27,0.1724,true
ST02,CITY1,High Street,2025-05-29,11,false,22,5,2229.93,0.2273,true
ST03,CITY2,Mall,2025-05-30,12,false,29,8,3655.9,0.2759,true
ST04,CITY3,High Street,2025-05-31,13,true,59,14,8108.38,0.2373,true
ST05,CITY4,Mall,2025-06-01,14,true,28,1,969.14,0.0357,true
ST06,CITY5,High Street,2025-06-02,15,false,14,1,201.64,0.0714,true
ST07,CITY0,Mall,2025-06-03,16,false,16,1,317.48,0.0625,true
ST08,CITY1,High Street,2025-06-04,17,false,27,7,2395.24,0.2593,true
ST09,CITY2,Mall,2025-06-05,18,false,46,4,1594.8,0.087,true
ST10,CITY3,High Street,2025-06-06,19,false,69,17,10364.87,0.2464,true
ST11,CITY4,Mall,2025-05-27,20,false,65,12,6905.06,0.1846,true
ST12,CITY5,High Street,2025-05-28,21,false,29,4,2236.15,0.1379,true
ST01,CITY0,Mall,2025-05-28,11,false,30,5,3471.63,0.1667,true
ST02,CITY1,High Street,2025-05-29,12,false,24,6,2027.64,0.25,true
ST03,CITY2,Mall,2025-05-30,13,false,31,8,3508.31,0.2581,true
ST04,CITY3,High Street,2025-05-31,14,true,27,3,1153.01,0.1111,true
ST05,CITY4,Mall,2025-06-01,15,true,22,1,230.85,0.0455,true
ST06,CITY5,High Street,2025-06-02,16,false,18,2,770.61,0.1111,true
ST07,CITY0,Mall,2025-06-03,17,false,37,6,3461.25,0.1622,true
ST08,CITY1,High Street,2025-06-04,18,false,38,10,5892.99,0.2632,true
ST09,CITY2,Mall,2025-06-05,19,false,68,6,3187.05,0.0882,true
ST10,CITY3,High Street,2025-06-06,20,false,62,15,7320.53,0.2419,true
ST11,CITY4,Mall,2025-05-27,21,false,24,4,1306.01,0.1667,true
ST12,CITY5,High Street,2025-05-28,10,false,25,4,1446.1,0.16,true
ST01,CITY0,Mall,2025-05-28,12,false,37,7,3202.28,0.1892,true
ST02,CITY1,High Street,2025-05-29,13,false,33,8,4009.79,0.2424,true
ST03,CITY2,Mall,2025-05-30,14,false,13,2,518.43,0.1538,true
ST04,CITY3,High Street,2025-05-31,15,true,23,2,726.06,0.087,true
ST05,CITY4,Mall,2025-06-01,16,true,25,1,423.21,0.04,true
ST06,CITY5,High Street,2025-06-02,17,false,37,8,4241.23,0.2162,true
ST07,CITY0,Mall,2025-06-03,18,false,42,7,3489.09,0.1667,true
ST08,CITY1,High Street,2025-06-04,19,false,50,13,7999.84,0.26,true
ST09,CITY2,Mall,2025-06-05,20,false,43,4,1606.36,0.093,true
ST10,CITY3,High Street,2025-06-06,21,false,24,6,4261.69,0.25,true
ST11,CITY4,Mall,2025-05-27,10,false,22,4,1979.12,0.1818,true
ST12,CITY5,High Street,2025-05-28,11,false,26,4,1334.82,0.1538,true
ST01,CITY0,Mall,2025-05-28,13,false,34,6,2294.12,0.1765,true
ST02,CITY1,High Street,2025-05-29,14,false,20,2,244.57,0.1,true
ST03,CITY2,Mall,2025-05-30,15,false,14,2,619.7,0.1429,true
ST04,CITY3,High Street,2025-05-31,16,true,22,2,3538.91,0.0909,true
ST05,CITY4,Mall,2025-06-01,17,true,47,4,2373.54,0.0851,true
ST06,CITY5,High Street,2025-06-02,18,false,66,14,8288.52,0.2121,true
ST07,CITY0,Mall,2025-06-03,19,false,54,9,5698.58,0.1667,true
ST08,CITY1,High Street,2025-06-04,20,false,47,12,6345.5,0.2553,true
ST09,CITY2,Mall,2025-06-05,21,false,33,3,1655.03,0.0909,true
ST10,CITY3,High Street,2025-06-06,10,false,27,7,3207.44,0.2593,true
ST11,CITY4,Mall,2025-05-27,11,false,31,5,2872.57,0.1613,true
ST12,CITY5,High Street,2025-05-28,12,false,32,5,1738.46,0.1563,true
ST01,CITY0,Mall,2025-05-28,14,false,21,2,637.29,0.0952,true
ST02,CITY1,High Street,2025-05-29,15,false,22,2,523.28,0.0909,true
ST03,CITY2,Mall,2025-05-30,16,false,20,2,619.18,0.1,true
ST04,CITY3,High Street,2025-05-31,17,true,60,14,5464.63,0.2333,true
ST05,CITY4,Mall,2025-06-01,18,true,61,6,3251.23,0.0984,true
ST06,CITY5,High Street,2025-06-02,19,false,41,9,4597.42,0.2195,true
ST07,CITY0,Mall,2025-06-03,20,false,46,8,2983.09,0.1739,true
ST08,CITY1,High Street,2025-06-04,21,false,25,6,2816.01,0.24,true
ST09,CITY2,Mall,2025-06-05,10,false,32,3,1367.52,0.0938,true
ST10,CITY3,High Street,2025-06-06,11,false,25,6,2194.39,0.24,true
ST11,CITY4,Mall,2025-05-27,12,false,33,6,2411.37,0.1818,true
ST12,CITY5,High Street,2025-05-28,13,false,26,4,1393.54,0.1538,true
ST01,CITY0,Mall,2025-05-28,15,false,17,1,906.62,0.0588,true
ST02,CITY1,High Street,2025-05-29,16,false,,2,810.38,,false
ST03,CITY2,Mall,2025-05-30,17,false,27,7,2969.41,0.2593,true
ST04,CITY3,High Street,2025-05-31,18,true,110,26,9709.67,0.2364,true
ST05,CITY4,Mall,2025-06-01,19,true,88,8,2665.22,0.0909,true
ST06,CITY5,High Street,2025-06-02,20,false,43,9,3759.69,0.2093,true
ST07,CITY0,Mall,2025-06-03,21,false,33,6,6955.39,0.1818,true
ST08,CITY1,High Street,2025-06-04,10,false,33,8,3227.85,0.2424,true
ST09,CITY2,Mall,2025-06-05,11,false,24,2,1360.6,0.0833,true
ST10,CITY3,High Street,2025-06-06,12,false,37,9,3169.0,0.2432,true
ST11,CITY4,Mall,2025-05-27,13,false,26,5,1806.39,0.1923,true
ST12,CITY5,High Street,2025-05-28,14,false,14,1,59.2,0.0714,true
ST01,CITY0,Mall,2025-05-28,16,false,19,2,1702.82,0.1053,true
ST02,CITY1,High Street,2025-05-29,17,false,,7,2396.0,,false
ST03,CITY2,Mall,2025-05-30,18,false,54,15,11127.17,0.2778,true
ST04,CITY3,High Street,2025-05-31,19,true,84,20,7039.45,0.2381,true
ST05,CITY4,Mall,2025-06-01,20,true,83,8,2721.36,0.0964,true
ST06,CITY5,High Street,2025-06-02,21,false,31,6,3239.32,0.1935,true
ST07,CITY0,Mall,2025-06-03,10,false,,7,3867.95,,false
ST08,CITY1,High Street,2025-06-04,11,false,23,6,2755.07,0.2609,true
ST09,CITY2,Mall,2025-06-05,12,false,30,3,949.6,0.1,true
ST10,CITY3,High Street,2025-06-06,13,false,25,6,2584.46,0.24,true
ST11,CITY4,Mall,2025-05-27,14,false,21,2,869.98,0.0952,true
ST12,CITY5,High Street,2025-05-28,15,false,17,1,256.1,0.0588,true
ST01,CITY0,Mall,2025-05-28,17,false,26,5,1858.5,0.1923,true
ST02,CITY1,High Street,2025-05-29,18,false,49,12,6542.91,0.2449,true
ST03,CITY2,Mall,2025-05-30,19,false,65,18,6006.76,0.2769,true
ST04,CITY3,High Street,2025-05-31,20,true,93,22,11885.5,0.2366,true
ST05,CITY4,Mall,2025-06-01,21,true,37,3,2433.7,0.0811,true
ST06,CITY5,High Street,2025-06-02,10,false,32,7,2680.11,0.2188,true
ST07,CITY0,Mall,2025-06-03,11,false,,7,3290.94,,false
ST08,CITY1,High Street,2025-06-04,12,false,36,9,4659.35,0.25,true
ST09,CITY2,Mall,2025-06-05,13,false,32,3,1487.18,0.0938,true
ST10,CITY3,High Street,2025-06-06,14,false,15,2,683.32,0.1333,true
ST11,CITY4,Mall,2025-05-27,15,false,14,1,465.44,0.0714,true
ST12,CITY5,High Street,2025-05-28,16,false,21,1,94.8,0.0476,true
ST01,CITY0,Mall,2025-05-28,18,false,61,11,6282.36,0.1803,true
ST02,CITY1,High Street,2025-05-29,19,false,50,12,5174.68,0.24,true
ST03,CITY2,Mall,2025-05-30,20,false,48,13,5514.21,0.2708,true
ST04,CITY3,High Street,2025-05-31,21,true,41,10,4934.12,0.2439,true
ST05,CITY4,Mall,2025-06-01,10,true,34,3,2432.5,0.0882,true
ST06,CITY5,High Street,2025-06-02,11,false,37,8,5126.89,0.2162,true
ST07,CITY0,Mall,2025-06-03,12,false,33,6,1937.19,0.1818,true
ST08,CITY1,High Street,2025-06-04,13,false,29,7,4252.71,0.2414,true
ST09,CITY2,Mall,2025-06-05,14,false,21,1,615.8,0.0476,true
ST10,CITY3,High Street,2025-06-06,15,false,22,2,1180.62,0.0909,true
ST11,CITY4,Mall,2025-05-27,16,false,19,2,1102.53,0.1053,true
ST12,CITY5,High Street,2025-05-28,17,false,22,3,1148.49,0.1364,true
ST01,CITY0,Mall,2025-05-28,19,false,40,7,3155.35,0.175,true
ST02,CITY1,High Street,2025-05-29,20,false,52,13,6009.53,0.25,true
ST03,CITY2,Mall,2025-05-30,21,false,28,8,2884.14,0.2857,true
ST04,CITY3,High Street,2025-05-31,10,true,37,9,6674.0,0.2432,true
ST05,CITY4,Mall,2025-06-01,11,true,52,5,2656.84,0.0962,true
ST06,CITY5,High Street,2025-06-02,12,false,39,8,3900.48,0.2051,true
ST07,CITY0,Mall,2025-06-03,13,false,29,5,3192.78,0.1724,true
ST08,CITY1,High Street,2025-06-04,14,false,22,3,841.92,0.1364,true
ST09,CITY2,Mall,2025-06-05,15,false,23,1,1050.88,0.0435,true
ST10,CITY3,High Street,2025-06-06,16,false,22,2,725.68,0.0909,true
ST11,CITY4,Mall,2025-05-27,17,false,35,6,2182.87,0.1714,true
ST12,CITY5,High Street,2025-05-28,18,false,43,7,3843.52,0.1628,true
ST01,CITY0,Mall,2025-05-28,20,false,49,9,3619.14,0.1837,true
ST02,CITY1,High Street,2025-05-29,21,false,25,6,2362.87,0.24,true
ST03,CITY2,Mall,2025-05-30,10,false,33,9,6081.05,0.2727,true
ST04,CITY3,High Street,2025-05-31,11,true,41,10,6077.66,0.2439,true
ST05,CITY4,Mall,2025-06-01,12,true,45,4,3198.38,0.0889,true
ST06,CITY5,High Street,2025-06-02,13,false,32,7,3420.66,0.2188,true
ST07,CITY0,Mall,2025-06-03,14,false,17,1,312.19,0.0588,true
ST08,CITY1,High Street,2025-06-04,15,false,21,2,430.25,0.0952,true
ST09,CITY2,Mall,2025-06-05,16,false,15,1,316.81,0.0667,true
ST10,CITY3,High Street,2025-06-06,17,false,38,9,7224.63,0.2368,true
ST11,CITY4,Mall,2025-05-27,18,false,52,9,4953.07,0.1731,true
ST12,CITY5,High Street,2025-05-28,19,false,50,8,2773.82,0.16,true
ST01,CITY0,Mall,2025-05-28,21,false,37,7,3410.19,0.1892,true
ST02,CITY1,High Street,2025-05-29,10,false,26,6,4541.4,0.2308,true
ST03,CITY2,Mall,2025-05-30,11,false,29,8,3651.24,0.2759,true
ST04,CITY3,High Street,2025-05-31,12,true,59,14,6415.06,0.2373,true
ST05,CITY4,Mall,2025-06-01,13,true,40,4,1918.63,0.1,true
ST06,CITY5,High Street,2025-06-02,14,false,21,2,883.62,0.0952,true
ST07,CITY0,Mall,2025-06-03,15,false,17,1,279.51,0.0588,true
ST08,CITY1,High Street,2025-06-04,16,false,21,2,866.86,0.0952,true
ST09,CITY2,Mall,2025-06-05,17,false,25,2,635.93,0.08,true
ST10,CITY3,High Street,2025-06-06,18,false,38,9,4262.61,0.2368,true
ST11,CITY4,Mall,2025-05-27,19,false,42,7,2800.89,0.1667,true
ST12,CITY5,High Street,2025-05-28,20,false,42,6,5678.31,0.1429,true
ST01,CITY0,Mall,2025-05-29,10,false,37,7,2541.42,0.1892,true
ST02,CITY1,High Street,2025-05-30,11,false,21,5,3056.52,0.2381,true
ST03,CITY2,Mall,2025-05-31,12,true,55,13,6238.68,0.2364,true
ST04,CITY3,High Street,2025-06-01,13,true,54,13,8092.06,0.2407,true
ST05,CITY4,Mall,2025-06-02,14,false,19,1,268.59,0.0526,true
ST06,CITY5,High Street,2025-06-03,15,false,14,1,372.83,0.0714,true
ST07,CITY0,Mall,2025-06-04,16,false,21,2,600.95,0.0952,true
ST08,CITY1,High Street,2025-06-05,17,false,38,10,6016.9,0.2632,true
ST09,CITY2,Mall,2025-06-06,18,false,42,4,2338.35,0.0952,true
ST10,CITY3,High Street,2025-05-27,19,false,51,12,4980.62,0.2353,true
ST11,CITY4,Mall,2025-05-28,20,false,61,11,8008.56,0.1803,true
ST12,CITY5,High Street,2025-05-29,21,false,28,4,1940.29,0.1429,true
ST01,CITY0,Mall,2025-05-29,11,false,37,7,4606.87,0.1892,true
ST02,CITY1,High Street,2025-05-30,12,false,32,8,5382.58,0.25,true
ST03,CITY2,Mall,2025-05-31,13,true,39,9,4442.0,0.2308,true
ST04,CITY3,High Street,2025-06-01,14,true,21,2,694.02,0.0952,true
ST05,CITY4,Mall,2025-06-02,15,false,19,1,263.28,0.0526,true
ST06,CITY5,High Street,2025-06-03,16,false,13,1,1348.63,0.0769,true
ST07,CITY0,Mall,2025-06-04,17,false,26,4,1629.4,0.1538,true
ST08,CITY1,High Street,2025-06-05,18,false,46,12,5457.54,0.2609,true
ST09,CITY2,Mall,2025-06-06,19,false,59,5,4181.13,0.0847,true
ST10,CITY3,High Street,2025-05-27,20,false,46,11,4889.2,0.2391,true
ST11,CITY4,Mall,2025-05-28,21,false,22,4,2380.12,0.1818,true
ST12,CITY5,High Street,2025-05-29,10,false,37,6,5812.12,0.1622,true
ST01,CITY0,Mall,2025-05-29,12,false,28,5,2130.08,0.1786,true
ST02,CITY1,High Street,2025-05-30,13,false,38,9,2926.33,0.2368,true
ST03,CITY2,Mall,2025-05-31,14,true,37,4,1474.56,0.1081,true
ST04,CITY3,High Street,2025-06-01,15,true,36,4,1391.53,0.1111,true
ST05,CITY4,Mall,2025-06-02,16,false,23,1,225.36,0.0435,true
ST06,CITY5,High Street,2025-06-03,17,false,27,6,3990.68,0.2222,true
ST07,CITY0,Mall,2025-06-04,18,false,58,10,5272.46,0.1724,true
ST08,CITY1,High Street,2025-06-05,19,false,58,15,7090.88,0.2586,true
ST09,CITY2,Mall,2025-06-06,20,false,41,4,1873.54,0.0976,true
ST10,CITY3,High Street,2025-05-27,21,false,22,5,2084.81,0.2273,true
ST11,CITY4,Mall,2025-05-28,10,false,34,6,3952.93,0.1765,true
ST12,CITY5,High Street,2025-05-29,11,false,35,5,1723.22,0.1429,true
ST01,CITY0,Mall,2025-05-29,13,false,36,6,3300.37,0.1667,true
ST02,CITY1,High Street,2025-05-30,14,false,16,2,1090.87,0.125,true
ST03,CITY2,Mall,2025-05-31,15,true,29,3,2060.89,0.1034,true
ST04,CITY3,High Street,2025-06-01,16,true,33,3,3848.88,0.0909,true
ST05,CITY4,Mall,2025-06-02,17,false,38,4,1391.42,0.1053,true
ST06,CITY5,High Street,2025-06-03,18,false,43,9,6205.56,0.2093,true
ST07,CITY0,Mall,2025-06-04,19,false,61,11,3687.95,0.1803,true
ST08,CITY1,High Street,2025-06-05,20,false,67,17,11156.89,0.2537,true
ST09,CITY2,Mall,2025-06-06,21,false,39,4,1888.81,0.1026,true
ST10,CITY3,High Street,2025-05-27,10,false,36,9,3175.94,0.25,true
ST11,CITY4,Mall,2025-05-28,11,false,36,6,2228.0,0.1667,true
ST12,CITY5,High Street,2025-05-29,12,false,30,5,1330.68,0.1667,true
ST01,CITY0,Mall,2025-05-29,14,false,22,2,824.12,0.0909,true
ST02,CITY1,High Street,2025-05-30,15,false,18,2,486.57,0.1111,true
ST03,CITY2,Mall,2025-05-31,16,true,35,4,2290.31,0.1143,true
ST04,CITY3,High Street,2025-06-01,17,true,48,11,5220.21,0.2292,true
ST05,CITY4,Mall,2025-06-02,18,false,62,7,2742.53,0.1129,true
ST06,CITY5,High Street,2025-06-03,19,false,69,14,7147.03,0.2029,true
ST07,CITY0,Mall,2025-06-04,20,false,57,10,3763.22,0.1754,true
ST08,CITY1,High Street,2025-06-05,21,false,32,8,3046.32,0.25,true
ST09,CITY2,Mall,2025-06-06,10,false,35,3,1208.58,0.0857,true
ST10,CITY3,High Street,2025-05-27,11,false,34,8,3323.98,0.2353,true
ST11,CITY4,Mall,2025-05-28,12,false,35,6,2903.92,0.1714,true
ST12,CITY5,High Street,2025-05-29,13,false,36,6,1770.61,0.1667,true
ST01,CITY0,Mall,2025-05-29,15,false,14,1,461.31,0.0714,true
ST02,CITY1,High Street,2025-05-30,16,false,15,2,1069.63,0.1333,true
ST03,CITY2,Mall,2025-05-31,17,true,38,9,3227.4,0.2368,true
ST04,CITY3,High Street,2025-06-01,18,true,103,24,15103.63,0.233,true
ST05,CITY4,Mall,2025-06-02,19,false,61,7,3354.57,0.1148,true
ST06,CITY5,High Street,2025-06-03,20,false,56,12,4868.9,0.2143,true
ST07,CITY0,Mall,2025-06-04,21,false,29,5,1689.72,0.1724,true
ST08,CITY1,High Street,2025-06-05,10,false,38,10,6556.29,0.2632,true
ST09,CITY2,Mall,2025-06-06,11,false,32,3,930.94,0.0938,true
ST10,CITY3,High Street,2025-05-27,12,false,22,5,1521.03,0.2273,true
ST11,CITY4,Mall,2025-05-28,13,false,35,6,1414.62,0.1714,true
ST12,CITY5,High Street,2025-05-29,14,false,13,1,704.41,0.0769,true
ST01,CITY0,Mall,2025-05-29,16,false,,2,1027.48,,false
ST02,CITY1,High Street,2025-05-30,17,false,31,8,2912.2,0.2581,true
ST03,CITY2,Mall,2025-05-31,18,true,76,18,7466.89,0.2368,true
ST04,CITY3,High Street,2025-06-01,19,true,91,21,7437.35,0.2308,true
ST05,CITY4,Mall,2025-06-02,20,false,40,4,1151.66,0.1,true
ST06,CITY5,High Street,2025-06-03,21,false,29,6,2383.83,0.2069,true
ST07,CITY0,Mall,2025-06-04,10,false,33,6,2564.2,0.1818,true
ST08,CITY1,High Street,2025-06-05,11,false,33,8,4975.21,0.2424,true
ST09,CITY2,Mall,2025-06-06,12,false,24,2,1270.29,0.0833,true
ST10,CITY3,High Street,2025-05-27,13,false,31,8,3557.03,0.2581,true
ST11,CITY4,Mall,2025-05-28,14,false,13,1,478.91,0.0769,true
ST12,CITY5,High Street,2025-05-29,15,false,18,1,129.12,0.0556,true
ST01,CITY0,Mall,2025-05-29,17,false,,5,2236.44,,false
ST02,CITY1,High Street,2025-05-30,18,false,43,11,4925.58,0.2558,true
ST03,CITY2,Mall,2025-05-31,19,true,81,19,10746.6,0.2346,true
ST04,CITY3,High Street,2025-06-01,20,true,96,22,14644.88,0.2292,true
ST05,CITY4,Mall,2025-06-02,21,false,34,4,3114.1,0.1176,true
ST06,CITY5,High Street,2025-06-03,10,false,,5,3567.21,,false
ST07,CITY0,Mall,2025-06-04,11,false,29,5,1858.7,0.1724,true
ST08,CITY1,High Street,2025-06-05,12,false,33,8,4535.16,0.2424,true
ST09,CITY2,Mall,2025-06-06,13,false,35,3,1652.76,0.0857,true
ST10,CITY3,High Street,2025-05-27,14,false,18,2,720.68,0.1111,true
ST11,CITY4,Mall,2025-05-28,15,false,16,1,248.75,0.0625,true
ST12,CITY5,High Street,2025-05-29,16,false,,1,224.94,,false
ST01,CITY0,Mall,2025-05-29,18,false,55,10,6399.33,0.1818,true
ST02,CITY1,High Street,2025-05-30,19,false,60,15,9873.98,0.25,true
ST03,CITY2,Mall,2025-05-31,20,true,62,14,4200.25,0.2258,true
ST04,CITY3,High Street,2025-06-01,21,true,44,10,4618.31,0.2273,true
ST05,CITY4,Mall,2025-06-02,10,false,39,4,1186.6,0.1026,true
ST06,CITY5,High Street,2025-06-03,11,false,,6,2541.65,,false
ST07,CITY0,Mall,2025-06-04,12,false,25,4,2230.81,0.16,true
ST08,CITY1,High Street,2025-06-05,13,false,36,9,6308.77,0.25,true
ST09,CITY2,Mall,2025-06-06,14,false,14,1,675.32,0.0714,true
ST10,CITY3,High Street,2025-05-27,15,false,20,2,598.14,0.1,true
ST11,CITY4,Mall,2025-05-28,16,false,15,1,472.57,0.0667,true
ST12,CITY5,High Street,2025-05-29,17,false,,6,2733.61,,false
ST01,CITY0,Mall,2025-05-29,19,false,63,11,5784.65,0.1746,true
ST02,CITY1,High Street,2025-05-30,20,false,57,14,9600.37,0.2456,true
ST03,CITY2,Mall,2025-05-31,21,true,62,14,5776.28,0.2258,true
ST04,CITY3,High Street,2025-06-01,10,true,52,12,10022.86,0.2308,true
ST05,CITY4,Mall,2025-06-02,11,false,29,3,1567.11,0.1034,true
ST06,CITY5,High Street,2025-06-03,12,false,21,4,1917.15,0.1905,true
ST07,CITY0,Mall,2025-06-04,13,false,37,6,1685.57,0.1622,true
ST08,CITY1,High Street,2025-06-05,14,false,23,3,1989.36,0.1304,true
ST09,CITY2,Mall,2025-06-06,15,false,21,1,566.4,0.0476,true
ST10,CITY3,High Street,2025-05-27,16,false,18,2,596.71,0.1111,true
ST11,CITY4,Mall,2025-05-28,17,false,23,4,1595.81,0.1739,true
ST12,CITY5,High Street,2025-05-29,18,false,47,7,4234.87,0.1489,true
ST01,CITY0,Mall,2025-05-29,20,false,40,7,3118.36,0.175,true
ST02,CITY1,High Street,2025-05-30,21,false,30,7,2772.9,0.2333,true
ST03,CITY2,Mall,2025-05-31,10,true,61,14,5969.47,0.2295,true
ST04,CITY3,High Street,2025-06-01,11,true,54,13,5655.83,0.2407,true
ST05,CITY4,Mall,2025-06-02,12,false,24,3,2108.27,0.125,true
ST06,CITY5,High Street,2025-06-03,13,false,24,5,2884.28,0.2083,true
ST07,CITY0,Mall,2025-06-04,14,false,17,1,581.76,0.0588,true
ST08,CITY1,High Street,2025-06-05,15,false,14,2,572.28,0.1429,true
ST09,CITY2,Mall,2025-06-06,16,false,16,1,444.34,0.0625,true
ST10,CITY3,High Street,2025-05-27,17,false,22,5,3001.35,0.2273,true
ST11,CITY4,Mall,2025-05-28,18,false,50,9,3728.34,0.18,true
ST12,CITY5,High Street,2025-05-29,19,false,39,6,4873.76,0.1538,true
ST01,CITY0,Mall,2025-05-29,21,false,31,5,4035.36,0.1613,true
ST02,CITY1,High Street,2025-05-30,10,false,30,7,4196.94,0.2333,true
ST03,CITY2,Mall,2025-05-31,11,true,61,14,9100.06,0.2295,true
ST04,CITY3,High Street,2025-06-01,12,true,54,13,5032.56,0.2407,true
ST05,CITY4,Mall,2025-06-02,13,false,30,3,1636.7,0.1,true
ST06,CITY5,High Street,2025-06-03,14,false,23,2,669.48,0.087,true
ST07,CITY0,Mall,2025-06-04,15,false,22,2,656.37,0.0909,true
ST08,CITY1,High Street,2025-06-05,16,false,20,2,1187.05,0.1,true
ST09,CITY2,Mall,2025-06-06,17,false,22,2,574.62,0.0909,true
ST10,CITY3,High Street,2025-05-27,18,false,47,11,4773.02,0.234,true
ST11,CITY4,Mall,2025-05-28,19,false,56,10,4832.1,0.1786,true
ST12,CITY5,High Street,2025-05-29,20,false,62,9,3074.28,0.1452,true
ST01,CITY0,Mall,2025-05-30,10,false,23,4,1999.13,0.1739,true
ST02,CITY1,High Street,2025-05-31,11,true,39,8,5797.8,0.2051,true
ST03,CITY2,Mall,2025-06-01,12,true,50,12,4945.27,0.24,true
ST04,CITY3,High Street,2025-06-02,13,false,22,6,1991.45,0.2727,true
ST05,CITY4,Mall,2025-06-03,14,false,17,1,110.3,0.0588,true
ST06,CITY5,High Street,2025-06-04,15,false,21,2,1383.75,0.0952,true
ST07,CITY0,Mall,2025-06-05,16,false,14,1,287.15,0.0714,true
ST08,CITY1,High Street,2025-06-06,17,false,38,10,4560.08,0.2632,true
ST09,CITY2,Mall,2025-05-27,18,false,62,6,4815.44,0.0968,true
ST10,CITY3,High Street,2025-05-28,19,false,60,15,8105.89,0.25,true
ST11,CITY4,Mall,2025-05-29,20,false,56,10,5125.13,0.1786,true
ST12,CITY5,High Street,2025-05-30,21,false,31,5,2208.67,0.1613,true
ST01,CITY0,Mall,2025-05-30,11,false,23,4,1664.8,0.1739,true
ST02,CITY1,High Street,2025-05-31,12,true,37,8,4011.3,0.2162,true
ST03,CITY2,Mall,2025-06-01,13,true,52,12,5084.91,0.2308,true
ST04,CITY3,High Street,2025-06-02,14,false,13,2,491.71,0.1538,true
ST05,CITY4,Mall,2025-06-03,15,false,18,1,494.99,0.0556,true
ST06,CITY5,High Street,2025-06-04,16,false,15,1,478.23,0.0667,true
ST07,CITY0,Mall,2025-06-05,17,false,31,5,2601.4,0.1613,true
ST08,CITY1,High Street,2025-06-06,18,false,66,17,9870.7,0.2576,true
ST09,CITY2,Mall,2025-05-27,19,false,41,4,2110.76,0.0976,true
ST10,CITY3,High Street,2025-05-28,20,false,62,15,7330.57,0.2419,true
ST11,CITY4,Mall,2025-05-29,21,false,39,7,3706.53,0.1795,true
ST12,CITY5,High Street,2025-05-30,10,false,25,4,3266.94,0.16,true
ST01,CITY0,Mall,2025-05-30,12,false,29,5,3626.35,0.1724,true
ST02,CITY1,High Street,2025-05-31,13,true,50,11,5851.61,0.22,true
ST03,CITY2,Mall,2025-06-01,14,true,26,3,1296.53,0.1154,true
ST04,CITY3,High Street,2025-06-02,15,false,15,2,293.82,0.1333,true
ST05,CITY4,Mall,2025-06-03,16,false,17,1,345.9,0.0588,true
ST06,CITY5,High Street,2025-06-04,17,false,33,7,3011.08,0.2121,true
ST07,CITY0,Mall,2025-06-05,18,false,66,11,6460.59,0.1667,true
ST08,CITY1,High Street,2025-06-06,19,false,48,12,6846.6,0.25,true
ST09,CITY2,Mall,2025-05-27,20,false,60,6,2472.05,0.1,true
ST10,CITY3,High Street,2025-05-28,21,false,29,7,1996.66,0.2414,true
ST11,CITY4,Mall,2025-05-29,10,false,35,6,2719.45,0.1714,true
ST12,CITY5,High Street,2025-05-30,11,false,21,3,705.68,0.1429,true
ST01,CITY0,Mall,2025-05-30,13,false,23,4,1129.86,0.1739,true
ST02,CITY1,High Street,2025-05-31,14,true,37,4,1339.23,0.1081,true
ST03,CITY2,Mall,2025-06-01,15,true,23,2,556.3,0.087,true
ST04,CITY3,High Street,2025-06-02,16,false,23,3,1330.53,0.1304,true
ST05,CITY4,Mall,2025-06-03,17,false,35,4,2499.39,0.1143,true
ST06,CITY5,High Street,2025-06-04,18,false,38,8,5143.84,0.2105,true
ST07,CITY0,Mall,2025-06-05,19,false,68,12,5864.78,0.1765,true
ST08,CITY1,High Street,2025-06-06,20,false,50,13,5571.95,0.26,true
ST09,CITY2,Mall,2025-05-27,21,false,27,2,1015.63,0.0741,true
ST10,CITY3,High Street,2025-05-28,10,false,32,8,4965.46,0.25,true
ST11,CITY4,Mall,2025-05-29,11,false,23,4,2033.3,0.1739,true
ST12,CITY5,High Street,2025-05-30,12,false,37,6,3131.29,0.1622,true
ST01,CITY0,Mall,2025-05-30,14,false,14,1,345.57,0.0714,true
ST02,CITY1,High Street,2025-05-31,15,true,34,3,1957.03,0.0882,true
ST03,CITY2,Mall,2025-06-01,16,true,21,2,932.74,0.0952,true
ST04,CITY3,High Street,2025-06-02,17,false,27,7,4131.64,0.2593,true
ST05,CITY4,Mall,2025-06-03,18,false,44,5,830.13,0.1136,true
ST06,CITY5,High Street,2025-06-04,19,false,42,9,3450.41,0.2143,true
ST07,CITY0,Mall,2025-06-05,20,false,48,8,3647.08,0.1667,true
ST08,CITY1,High Street,2025-06-06,21,false,25,6,1610.94,0.24,true
ST09,CITY2,Mall,2025-05-27,10,false,35,3,2561.17,0.0857,true
ST10,CITY3,High Street,2025-05-28,11,false,31,8,3682.14,0.2581,true
ST11,CITY4,Mall,2025-05-29,12,false,37,7,2349.92,0.1892,true
ST12,CITY5,High Street,2025-05-30,13,false,32,5,1782.92,0.1563,true
ST01,CITY0,Mall,2025-05-30,15,false,18,1,193.56,0.0556,true
ST02,CITY1,High Street,2025-05-31,16,true,31,3,2081.03,0.0968,true
ST03,CITY2,Mall,2025-06-01,17,true,54,12,4828.87,0.2222,true
ST04,CITY3,High Street,2025-06-02,18,false,42,12,7626.68,0.2857,true
ST05,CITY4,Mall,2025-06-03,19,false,40,4,1066.74,0.1,true
ST06,CITY5,High Street,2025-06-04,20,false,61,13,6668.38,0.2131,true
ST07,CITY0,Mall,2025-06-05,21,false,32,6,2387.29,0.1875,true
ST08,CITY1,High Street,2025-06-06,10,false,36,9,5085.21,0.25,true
ST09,CITY2,Mall,2025-05-27,11,false,26,2,1183.2,0.0769,true
ST10,CITY3,High Street,2025-05-28,12,false,21,5,2778.81,0.2381,true
ST11,CITY4,Mall,2025-05-29,13,false,24,4,1884.97,0.1667,true
ST12,CITY5,High Street,2025-05-30,14,false,22,2,1640.12,0.0909,true
ST01,CITY0,Mall,2025-05-30,16,false,17,1,317.18,0.0588,true
ST02,CITY1,High Street,2025-05-31,17,true,48,10,5059.06,0.2083,true
ST03,CITY2,Mall,2025-06-01,18,true,96,22,11347.58,0.2292,true
ST04,CITY3,High Street,2025-06-02,19,false,54,15,7663.88,0.2778,true
ST05,CITY4,Mall,2025-06-03,20,false,50,6,1447.86,0.12,true
ST06,CITY5,High Street,2025-06-04,21,false,38,8,2825.79,0.2105,true
ST07,CITY0,Mall,2025-06-05,10,false,27,5,2317.39,0.1852,true
ST08,CITY1,High Street,2025-06-06,11,false,35,9,4258.31,0.2571,true
ST09,CITY2,Mall,2025-05-27,12,false,34,3,1278.16,0.0882,true
ST10,CITY3,High Street,2025-05-28,13,false,30,7,4121.37,0.2333,true
ST11,CITY4,Mall,2025-05-29,14,false,19,2,710.7,0.1053,true
ST12,CITY5,High Street,2025-05-30,15,false,17,1,357.49,0.0588,true
ST01,CITY0,Mall,2025-05-30,17,false,32,6,2740.81,0.1875,true
ST02,CITY1,High Street,2025-05-31,18,true,80,17,8754.13,0.2125,true
ST03,CITY2,Mall,2025-06-01,19,true,100,23,11610.19,0.23,true
ST04,CITY3,High Street,2025-06-02,20,false,64,18,8444.27,0.2813,true
ST05,CITY4,Mall,2025-06-03,21,false,38,4,1577.85,0.1053,true
ST06,CITY5,High Street,2025-06-04,10,false,32,7,4230.41,0.2188,true
ST07,CITY0,Mall,2025-06-05,11,false,29,5,2412.71,0.1724,true
ST08,CITY1,High Street,2025-06-06,12,false,28,7,3650.38,0.25,true
ST09,CITY2,Mall,2025-05-27,13,false,32,3,1934.48,0.0938,true
ST10,CITY3,High Street,2025-05-28,14,false,23,3,2141.52,0.1304,true
ST11,CITY4,Mall,2025-05-29,15,false,13,1,147.35,0.0769,true
ST12,CITY5,High Street,2025-05-30,16,false,23,2,1004.39,0.087,true
ST01,CITY0,Mall,2025-05-30,18,false,60,11,4803.5,0.1833,true
ST02,CITY1,High Street,2025-05-31,19,true,109,23,13792.39,0.211,true
ST03,CITY2,Mall,2025-06-01,20,true,83,19,12177.54,0.2289,true
ST04,CITY3,High Street,2025-06-02,21,false,29,8,4673.46,0.2759,true
ST05,CITY4,Mall,2025-06-03,10,false,,3,2188.63,,false
ST06,CITY5,High Street,2025-06-04,11,false,29,6,3628.34,0.2069,true
ST07,CITY0,Mall,2025-06-05,12,false,33,6,3685.16,0.1818,true
ST08,CITY1,High Street,2025-06-06,13,false,34,9,4755.53,0.2647,true
ST09,CITY2,Mall,2025-05-27,14,false,14,1,1236.75,0.0714,true
ST10,CITY3,High Street,2025-05-28,15,false,14,2,892.61,0.1429,true
ST11,CITY4,Mall,2025-05-29,16,false,,1,211.04,,false
ST12,CITY5,High Street,2025-05-30,17,false,28,4,3640.65,0.1429,true
ST01,CITY0,Mall,2025-05-30,19,false,48,8,4870.2,0.1667,true
ST02,CITY1,High Street,2025-05-31,20,true,64,14,6018.49,0.2188,true
ST03,CITY2,Mall,2025-06-01,21,true,41,9,3931.56,0.2195,true
ST04,CITY3,High Street,2025-06-02,10,false,24,7,3449.72,0.2917,true
ST05,CITY4,Mall,2025-06-03,11,false,,4,2033.78,,false
ST06,CITY5,High Street,2025-06-04,12,false,31,6,3228.81,0.1935,true
ST07,CITY0,Mall,2025-06-05,13,false,24,4,1284.61,0.1667,true
ST08,CITY1,High Street,2025-06-06,14,false,19,2,576.82,0.1053,true
ST09,CITY2,Mall,2025-05-27,15,false,16,1,587.13,0.0625,true
ST10,CITY3,High Street,2025-05-28,16,false,18,2,577.64,0.1111,true
ST11,CITY4,Mall,2025-05-29,17,false,,6,2536.34,,false
ST12,CITY5,High Street,2025-05-30,18,false,67,10,5378.17,0.1493,true
ST01,CITY0,Mall,2025-05-30,20,false,64,11,6761.03,0.1719,true
ST02,CITY1,High Street,2025-05-31,21,true,61,13,6265.79,0.2131,true
ST03,CITY2,Mall,2025-06-01,10,true,46,11,7179.97,0.2391,true
ST04,CITY3,High Street,2025-06-02,11,false,38,10,4384.89,0.2632,true
ST05,CITY4,Mall,2025-06-03,12,false,26,3,1147.19,0.1154,true
ST06,CITY5,High Street,2025-06-04,13,false,27,6,2977.71,0.2222,true
ST07,CITY0,Mall,2025-06-05,14,false,19,1,308.22,0.0526,true
ST08,CITY1,High Street,2025-06-06,15,false,21,2,520.28,0.0952,true
ST09,CITY2,Mall,2025-05-27,16,false,22,1,794.46,0.0455,true
ST10,CITY3,High Street,2025-05-28,17,false,37,9,3898.38,0.2432,true
ST11,CITY4,Mall,2025-05-29,18,false,53,9,7160.24,0.1698,true
ST12,CITY5,High Street,2025-05-30,19,false,62,9,5205.66,0.1452,true
ST01,CITY0,Mall,2025-05-30,21,false,38,7,3040.43,0.1842,true
ST02,CITY1,High Street,2025-05-31,10,true,52,11,4534.49,0.2115,true
ST03,CITY2,Mall,2025-06-01,11,true,40,9,6694.15,0.225,true
ST04,CITY3,High Street,2025-06-02,12,false,22,6,2204.22,0.2727,true
ST05,CITY4,Mall,2025-06-03,13,false,37,4,1363.79,0.1081,true
ST06,CITY5,High Street,2025-06-04,14,false,21,2,793.02,0.0952,true
ST07,CITY0,Mall,2025-06-05,15,false,22,2,934.96,0.0909,true
ST08,CITY1,High Street,2025-06-06,16,false,23,3,1509.1,0.1304,true
ST09,CITY2,Mall,2025-05-27,17,false,32,3,3477.47,0.0938,true
ST10,CITY3,High Street,2025-05-28,18,false,69,17,7945.28,0.2464,true
ST11,CITY4,Mall,2025-05-29,19,false,57,10,4907.43,0.1754,true
ST12,CITY5,High Street,2025-05-30,20,false,67,10,5046.64,0.1493,true
ST01,CITY0,Mall,2025-05-31,10,true,52,8,3843.81,0.1538,true
ST02,CITY1,High Street,2025-06-01,11,true,55,12,5208.41,0.2182,true
ST03,CITY2,Mall,2025-06-02,12,false,36,10,7015.11,0.2778,true
ST04,CITY3,High Street,2025-06-03,13,false,32,9,5554.1,0.2813,true
ST05,CITY4,Mall,2025-06-04,14,false,17,1,266.52,0.0588,true
ST06,CITY5,High Street,2025-06-05,15,false,19,2,728.32,0.1053,true
ST07,CITY0,Mall,2025-06-06,16,false,14,1,357.44,0.0714,true
ST08,CITY1,High Street,2025-05-27,17,false,37,9,3973.59,0.2432,true
ST09,CITY2,Mall,2025-05-28,18,false,48,4,1070.77,0.0833,true
ST10,CITY3,High Street,2025-05-29,19,false,68,17,7252.28,0.25,true
ST11,CITY4,Mall,2025-05-30,20,false,63,11,5244.39,0.1746,true
ST12,CITY5,High Street,2025-05-31,21,true,41,5,2134.32,0.122,true
ST01,CITY0,Mall,2025-05-31,11,true,59,9,3063.72,0.1525,true
ST02,CITY1,High Street,2025-06-01,12,true,52,11,5636.73,0.2115,true
ST03,CITY2,Mall,2025-06-02,13,false,38,10,3406.44,0.2632,true
ST04,CITY3,High Street,2025-06-03,14,false,21,3,1328.37,0.1429,true
ST05,CITY4,Mall,2025-06-04,15,false,17,1,1939.04,0.0588,true
ST06,CITY5,High Street,2025-06-05,16,false,17,2,916.59,0.1176,true
ST07,CITY0,Mall,2025-06-06,17,false,38,7,3188.14,0.1842,true
ST08,CITY1,High Street,2025-05-27,18,false,49,12,6268.42,0.2449,true
ST09,CITY2,Mall,2025-05-28,19,false,50,5,3164.67,0.1,true
ST10,CITY3,High Street,2025-05-29,20,false,46,11,5210.37,0.2391,true
ST11,CITY4,Mall,2025-05-30,21,false,32,6,2416.87,0.1875,true
ST12,CITY5,High Street,2025-05-31,10,true,51,7,2495.37,0.1373,true
ST01,CITY0,Mall,2025-05-31,12,true,37,6,1675.5,0.1622,true
ST02,CITY1,High Street,2025-06-01,13,true,57,12,5967.69,0.2105,true
ST03,CITY2,Mall,2025-06-02,14,false,13,2,404.23,0.1538,true
ST04,CITY3,High Street,2025-06-03,15,false,17,2,1070.86,0.1176,true
ST05,CITY4,Mall,2025-06-04,16,false,19,1,615.89,0.0526,true
ST06,CITY5,High Street,2025-06-05,17,false,37,8,5638.7,0.2162,true
ST07,CITY0,Mall,2025-06-06,18,false,43,7,2959.03,0.1628,true
ST08,CITY1,High Street,2025-05-27,19,false,55,14,7253.17,0.2545,true
ST09,CITY2,Mall,2025-05-28,20,false,69,6,3162.36,0.087,true
ST10,CITY3,High Street,2025-05-29,21,false,33,8,6559.02,0.2424,true
ST11,CITY4,Mall,2025-05-30,10,false,22,4,2117.69,0.1818,true
ST12,CITY5,High Street,2025-05-31,11,true,45,6,1888.14,0.1333,true
ST01,CITY0,Mall,2025-05-31,13,true,42,6,2596.66,0.1429,true
ST02,CITY1,High Street,2025-06-01,14,true,31,3,1243.84,0.0968,true
ST03,CITY2,Mall,2025-06-02,15,false,14,2,948.39,0.1429,true
ST04,CITY3,High Street,2025-06-03,16,false,19,2,607.68,0.1053,true
ST05,CITY4,Mall,2025-06-04,17,false,30,3,1674.96,0.1,true
ST06,CITY5,High Street,2025-06-05,18,false,60,12,4734.68,0.2,true
ST07,CITY0,Mall,2025-06-06,19,false,64,11,6707.54,0.1719,true
ST08,CITY1,High Street,2025-05-27,20,false,63,16,6920.81,0.254,true
ST09,CITY2,Mall,2025-05-28,21,false,37,3,1445.12,0.0811,true
ST10,CITY3,High Street,2025-05-29,10,false,32,8,3872.4,0.25,true
ST11,CITY4,Mall,2025-05-30,11,false,35,6,2287.05,0.1714,true
ST12,CITY5,High Street,2025-05-31,12,true,35,5,4597.54,0.1429,true
ST01,CITY0,Mall,2025-05-31,14,true,33,2,576.99,0.0606,true
ST02,CITY1,High Street,2025-06-01,15,true,33,3,2103.13,0.0909,true
ST03,CITY2,Mall,2025-06-02,16,false,16,2,1021.04,0.125,true
ST04,CITY3,High Street,2025-06-03,17,false,27,7,2839.16,0.2593,true
ST05,CITY4,Mall,2025-06-04,18,false,52,6,3792.0,0.1154,true
ST06,CITY5,High Street,2025-06-05,19,false,38,8,7297.95,0.2105,true
ST07,CITY0,Mall,2025-06-06,20,false,56,10,5960.22,0.1786,true
ST08,CITY1,High Street,2025-05-27,21,false,24,6,3109.04,0.25,true
ST09,CITY2,Mall,2025-05-28,10,false,27,2,1273.95,0.0741,true
ST10,CITY3,High Street,2025-05-29,11,false,22,5,4148.79,0.2273,true
ST11,CITY4,Mall,2025-05-30,12,false,33,6,1709.59,0.1818,true
ST12,CITY5,High Street,2025-05-31,13,true,36,5,2418.29,0.1389,true
ST01,CITY0,Mall,2025-05-31,15,true,29,2,1144.53,0.069,true
ST02,CITY1,High Street,2025-06-01,16,true,22,2,1171.02,0.0909,true
ST03,CITY2,Mall,2025-06-02,17,false,33,9,3422.01,0.2727,true
ST04,CITY3,High Street,2025-06-03,18,false,44,12,7339.28,0.2727,true
ST05,CITY4,Mall,2025-06-04,19,false,62,7,2606.57,0.1129,true
ST06,CITY5,High Street,2025-06-05,20,false,63,13,4829.68,0.2063,true
ST07,CITY0,Mall,2025-06-06,21,false,22,4,1759.59,0.1818,true
ST08,CITY1,High Street,2025-05-27,10,false,35,9,4312.75,0.2571,true
ST09,CITY2,Mall,2025-05-28,11,false,27,2,1008.25,0.0741,true
ST10,CITY3,High Street,2025-05-29,12,false,32,8,2766.07,0.25,true
ST11,CITY4,Mall,2025-05-30,13,false,37,7,3135.67,0.1892,true
ST12,CITY5,High Street,2025-05-31,14,true,28,2,791.4,0.0714,true
ST01,CITY0,Mall,2025-05-31,16,true,23,2,1745.46,0.087,true
ST02,CITY1,High Street,2025-06-01,17,true,39,8,4120.04,0.2051,true
ST03,CITY2,Mall,2025-06-02,18,false,58,16,7354.2,0.2759,true
ST04,CITY3,High Street,2025-06-03,19,false,50,14,5345.91,0.28,true
ST05,CITY4,Mall,2025-06-04,20,false,57,6,2928.72,0.1053,true
ST06,CITY5,High Street,2025-06-05,21,false,33,7,5702.57,0.2121,true
ST07,CITY0,Mall,2025-06-06,10,false,31,5,2382.58,0.1613,true
ST08,CITY1,High Street,2025-05-27,11,false,21,5,1001.02,0.2381,true
ST09,CITY2,Mall,2025-05-28,12,false,32,3,833.05,0.0938,true
ST10,CITY3,High Street,2025-05-29,13,false,33,8,4869.24,0.2424,true
ST11,CITY4,Mall,2025-05-30,14,false,22,2,856.35,0.0909,true
ST12,CITY5,High Street,2025-05-31,15,true,32,2,675.94,0.0625,true
ST01,CITY0,Mall,2025-05-31,17,true,50,8,4702.46,0.16,true
ST02,CITY1,High Street,2025-06-01,18,true,83,18,8606.22,0.2169,true
ST03,CITY2,Mall,2025-06-02,19,false,41,11,5694.11,0.2683,true
ST04,CITY3,High Street,2025-06-03,20,false,56,15,9935.1,0.2679,true
ST05,CITY4,Mall,2025-06-04,21,false,24,3,733.6,0.125,true
ST06,CITY5,High Street,2025-06-05,10,false,37,8,2932.68,0.2162,true
ST07,CITY0,Mall,2025-06-06,11,false,27,5,1262.9,0.1852,true
ST08,CITY1,High Street,2025-05-27,12,false,25,6,2006.7,0.24,true
ST09,CITY2,Mall,2025-05-28,13,false,39,4,937.35,0.1026,true
ST10,CITY3,High Street,2025-05-29,14,false,13,1,248.27,0.0769,true
ST11,CITY4,Mall,2025-05-30,15,false,15,1,195.15,0.0667,true
ST12,CITY5,High Street,2025-05-31,16,true,21,1,292.03,0.0476,true
ST01,CITY0,Mall,2025-05-31,18,true,89,13,8754.95,0.1461,true
ST02,CITY1,High Street,2025-06-01,19,true,76,16,7914.22,0.2105,true
ST03,CITY2,Mall,2025-06-02,20,false,40,11,9069.85,0.275,true
ST04,CITY3,High Street,2025-06-03,21,false,25,7,3060.19,0.28,true
ST05,CITY4,Mall,2025-06-04,10,false,33,4,1580.51,0.1212,true
ST06,CITY5,High Street,2025-06-05,11,false,29,6,2003.26,0.2069,true
ST07,CITY0,Mall,2025-06-06,12,false,31,5,1423.12,0.1613,true
ST08,CITY1,High Street,2025-05-27,13,false,34,9,6651.47,0.2647,true
ST09,CITY2,Mall,2025-05-28,14,false,18,1,552.46,0.0556,true
ST10,CITY3,High Street,2025-05-29,15,false,22,2,1119.28,0.0909,true
ST11,CITY4,Mall,2025-05-30,16,false,16,1,1336.97,0.0625,true
ST12,CITY5,High Street,2025-05-31,17,true,51,7,4182.22,0.1373,true
ST01,CITY0,Mall,2025-05-31,19,true,65,10,3925.46,0.1538,true
ST02,CITY1,High Street,2025-06-01,20,true,88,19,9325.74,0.2159,true
ST03,CITY2,Mall,2025-06-02,21,false,23,6,2867.88,0.2609,true
ST04,CITY3,High Street,2025-06-03,10,false,,10,5740.48,,false
ST05,CITY4,Mall,2025-06-04,11,false,32,4,2284.91,0.125,true
ST06,CITY5,High Street,2025-06-05,12,false,27,6,2700.33,0.2222,true
ST07,CITY0,Mall,2025-06-06,13,false,24,4,1708.49,0.1667,true
ST08,CITY1,High Street,2025-05-27,14,false,22,3,1992.84,0.1364,true
ST09,CITY2,Mall,2025-05-28,15,false,17,1,420.02,0.0588,true
ST10,CITY3,High Street,2025-05-29,16,false,,2,578.19,,false
ST11,CITY4,Mall,2025-05-30,17,false,22,4,1182.75,0.1818,true
ST12,CITY5,High Street,2025-05-31,18,true,111,14,7242.41,0.1261,true
ST01,CITY0,Mall,2025-05-31,20,true,84,13,8464.14,0.1548,true
ST02,CITY1,High Street,2025-06-01,21,true,39,8,3690.82,0.2051,true
ST03,CITY2,Mall,2025-06-02,10,false,23,6,3005.53,0.2609,true
ST04,CITY3,High Street,2025-06-03,11,false,,7,3173.04,,false
ST05,CITY4,Mall,2025-06-04,12,false,22,2,669.08,0.0909,true
ST06,CITY5,High Street,2025-06-05,13,false,31,6,2955.97,0.1935,true
ST07,CITY0,Mall,2025-06-06,14,false,23,2,1118.36,0.087,true
ST08,CITY1,High Street,2025-05-27,15,false,21,2,1122.11,0.0952,true
ST09,CITY2,Mall,2025-05-28,16,false,20,1,186.49,0.05,true
ST10,CITY3,High Street,2025-05-29,17,false,,8,4525.3,,false
ST11,CITY4,Mall,2025-05-30,18,false,66,12,8030.88,0.1818,true
ST12,CITY5,High Street,2025-05-31,19,true,111,14,5374.95,0.1261,true
ST01,CITY0,Mall,2025-05-31,21,true,41,6,1451.27,0.1463,true
ST02,CITY1,High Street,2025-06-01,10,true,57,12,5408.02,0.2105,true
ST03,CITY2,Mall,2025-06-02,11,false,28,8,3279.7,0.2857,true
ST04,CITY3,High Street,2025-06-03,12,false,32,9,4543.2,0.2813,true
ST05,CITY4,Mall,2025-06-04,13,false,32,4,982.12,0.125,true
ST06,CITY5,High Street,2025-06-05,14,false,22,2,4822.19,0.0909,true
ST07,CITY0,Mall,2025-06-06,15,false,18,1,439.2,0.0556,true
ST08,CITY1,High Street,2025-05-27,16,false,18,2,486.71,0.1111,true
ST09,CITY2,Mall,2025-05-28,17,false,35,3,1473.41,0.0857,true
ST10,CITY3,High Street,2025-05-29,18,false,64,16,9005.8,0.25,true
ST11,CITY4,Mall,2025-05-30,19,false,69,12,5261.57,0.1739,true
ST12,CITY5,High Street,2025-05-31,20,true,70,9,3789.69,0.1286,true
ST01,CITY0,Mall,2025-06-01,10,true,61,9,6281.9,0.1475,true
ST02,CITY1,High Street,2025-06-02,11,false,38,9,4714.31,0.2368,true
ST03,CITY2,Mall,2025-06-03,12,false,29,8,4641.42,0.2759,true
ST04,CITY3,High Street,2025-06-04,13,false,37,10,5404.6,0.2703,true
ST05,CITY4,Mall,2025-06-05,14,false,16,1,159.52,0.0625,true
ST06,CITY5,High Street,2025-06-06,15,false,14,1,293.85,0.0714,true
ST07,CITY0,Mall,2025-05-27,16,false,20,2,776.25,0.1,true
ST08,CITY1,High Street,2025-05-28,17,false,38,10,4394.17,0.2632,true
ST09,CITY2,Mall,2025-05-29,18,false,51,5,1934.44,0.098,true
ST10,CITY3,High Street,2025-05-30,19,false,42,10,3638.22,0.2381,true
ST11,CITY4,Mall,2025-05-31,20,true,91,14,8615.39,0.1538,true
ST12,CITY5,High Street,2025-06-01,21,true,43,6,4335.25,0.1395,true
ST01,CITY0,Mall,2025-06-01,11,true,60,9,4579.04,0.15,true
ST02,CITY1,High Street,2025-06-02,12,false,38,9,1824.45,0.2368,true
ST03,CITY2,Mall,2025-06-03,13,false,36,10,2222.33,0.2778,true
ST04,CITY3,High Street,2025-06-04,14,false,14,2,445.22,0.1429,true
ST05,CITY4,Mall,2025-06-05,15,false,18,1,298.34,0.0556,true
ST06,CITY5,High Street,2025-06-06,16,false,14,1,185.73,0.0714,true
ST07,CITY0,Mall,2025-05-27,17,false,36,6,3336.0,0.1667,true
ST08,CITY1,High Street,2025-05-28,18,false,62,16,8419.51,0.2581,true
ST09,CITY2,Mall,2025-05-29,19,false,41,4,2702.7,0.0976,true
ST10,CITY3,High Street,2025-05-30,20,false,50,12,5451.78,0.24,true
ST11,CITY4,Mall,2025-05-31,21,true,38,6,2249.16,0.1579,true
ST12,CITY5,High Street,2025-06-01,10,true,37,5,2033.9,0.1351,true
ST01,CITY0,Mall,2025-06-01,12,true,49,7,5107.81,0.1429,true
ST02,CITY1,High Street,2025-06-02,13,false,35,9,4209.29,0.2571,true
ST03,CITY2,Mall,2025-06-03,14,false,17,2,643.04,0.1176,true
ST04,CITY3,High Street,2025-06-04,15,false,18,2,1111.0,0.1111,true
ST05,CITY4,Mall,2025-06-05,16,false,18,1,142.55,0.0556,true
ST06,CITY5,High Street,2025-06-06,17,false,30,6,3432.21,0.2,true
ST07,CITY0,Mall,2025-05-27,18,false,54,9,3350.02,0.1667,true
ST08,CITY1,High Street,2025-05-28,19,false,50,13,6467.26,0.26,true
ST09,CITY2,Mall,2025-05-29,20,false,47,4,2513.38,0.0851,true
ST10,CITY3,High Street,2025-05-30,21,false,24,6,3441.06,0.25,true
ST11,CITY4,Mall,2025-05-31,10,true,61,9,2797.08,0.1475,true
ST12,CITY5,High Street,2025-06-01,11,true,57,7,3078.62,0.1228,true
ST01,CITY0,Mall,2025-06-01,13,true,49,7,3587.58,0.1429,true
ST02,CITY1,High Street,2025-06-02,14,false,17,2,811.8,0.1176,true
ST03,CITY2,Mall,2025-06-03,15,false,17,2,718.84,0.1176,true
ST04,CITY3,High Street,2025-06-04,16,false,21,3,1613.1,0.1429,true
ST05,CITY4,Mall,2025-06-05,17,false,24,3,1593.09,0.125,true
ST06,CITY5,High Street,2025-06-06,18,false,42,9,2770.65,0.2143,true
ST07,CITY0,Mall,2025-05-27,19,false,54,9,4991.88,0.1667,true
ST08,CITY1,High Street,2025-05-28,20,false,48,12,6273.36,0.25,true
ST09,CITY2,Mall,2025-05-29,21,false,23,2,776.2,0.087,true
ST10,CITY3,High Street,2025-05-30,10,false,29,7,2476.6,0.2414,true
ST11,CITY4,Mall,2025-05-31,11,true,47,7,4207.35,0.1489,true
ST12,CITY5,High Street,2025-06-01,12,true,57,7,1576.81,0.1228,true
ST01,CITY0,Mall,2025-06-01,14,true,29,2,1963.73,0.069,true
ST02,CITY1,High Street,2025-06-02,15,false,21,2,633.46,0.0952,true
ST03,CITY2,Mall,2025-06-03,16,false,15,2,892.34,0.1333,true
ST04,CITY3,High Street,2025-06-04,17,false,35,10,5149.54,0.2857,true
ST05,CITY4,Mall,2025-06-05,18,false,68,8,3589.61,0.1176,true
ST06,CITY5,High Street,2025-06-06,19,false,46,10,3945.1,0.2174,true
ST07,CITY0,Mall,2025-05-27,20,false,63,11,7054.02,0.1746,true
ST08,CITY1,High Street,2025-05-28,21,false,23,6,3311.32,0.2609,true
ST09,CITY2,Mall,2025-05-29,10,false,22,2,1288.7,0.0909,true
ST10,CITY3,High Street,2025-05-30,11,false,30,7,3580.72,0.2333,true
ST11,CITY4,Mall,2025-05-31,12,true,52,8,3263.32,0.1538,true
ST12,CITY5,High Street,2025-06-01,13,true,44,6,2523.66,0.1364,true
ST01,CITY0,Mall,2025-06-01,15,true,24,2,2005.65,0.0833,true
ST02,CITY1,High Street,2025-06-02,16,false,17,2,991.78,0.1176,true
ST03,CITY2,Mall,2025-06-03,17,false,33,9,7691.56,0.2727,true
ST04,CITY3,High Street,2025-06-04,18,false,55,15,7321.12,0.2727,true
ST05,CITY4,Mall,2025-06-05,19,false,59,7,3770.46,0.1186,true
ST06,CITY5,High Street,2025-06-06,20,false,57,12,5659.38,0.2105,true
ST07,CITY0,Mall,2025-05-27,21,false,39,7,2351.58,0.1795,true
ST08,CITY1,High Street,2025-05-28,10,false,31,8,5991.81,0.2581,true
ST09,CITY2,Mall,2025-05-29,11,false,25,2,1273.5,0.08,true
ST10,CITY3,High Street,2025-05-30,12,false,38,9,5071.92,0.2368,true
ST11,CITY4,Mall,2025-05-31,13,true,43,6,2632.21,0.1395,true
ST12,CITY5,High Street,2025-06-01,14,true,26,2,1475.81,0.0769,true
ST01,CITY0,Mall,2025-06-01,16,true,36,2,556.45,0.0556,true
ST02,CITY1,High Street,2025-06-02,17,false,22,5,3657.74,0.2273,true
ST03,CITY2,Mall,2025-06-03,18,false,45,12,5175.03,0.2667,true
ST04,CITY3,High Street,2025-06-04,19,false,61,17,11491.68,0.2787,true
ST05,CITY4,Mall,2025-06-05,20,false,69,8,5187.71,0.1159,true
ST06,CITY5,High Street,2025-06-06,21,false,36,7,2556.19,0.1944,true
ST07,CITY0,Mall,2025-05-27,10,false,35,6,1930.09,0.1714,true
ST08,CITY1,High Street,2025-05-28,11,false,26,7,3847.97,0.2692,true
ST09,CITY2,Mall,2025-05-29,12,false,22,2,1073.59,0.0909,true
ST10,CITY3,High Street,2025-05-30,13,false,30,7,2462.85,0.2333,true
ST11,CITY4,Mall,2025-05-31,14,true,30,2,634.29,0.0667,true
ST12,CITY5,High Street,2025-06-01,15,true,35,2,1361.73,0.0571,true
ST01,CITY0,Mall,2025-06-01,17,true,57,9,4269.82,0.1579,true
ST02,CITY1,High Street,2025-06-02,18,false,56,14,6698.96,0.25,true
ST03,CITY2,Mall,2025-06-03,19,false,43,12,7768.0,0.2791,true
ST04,CITY3,High Street,2025-06-04,20,false,48,13,5864.81,0.2708,true
ST05,CITY4,Mall,2025-06-05,21,false,34,4,2565.01,0.1176,true
ST06,CITY5,High Street,2025-06-06,10,false,27,6,3659.35,0.2222,true
ST07,CITY0,Mall,2025-05-27,11,false,35,6,2322.04,0.1714,true
ST08,CITY1,High Street,2025-05-28,12,false,38,10,3923.46,0.2632,true
ST09,CITY2,Mall,2025-05-29,13,false,34,3,1457.69,0.0882,true
ST10,CITY3,High Street,2025-05-30,14,false,18,2,1240.81,0.1111,true
ST11,CITY4,Mall,2025-05-31,15,true,34,2,752.31,0.0588,true
ST12,CITY5,High Street,2025-06-01,16,true,28,2,716.29,0.0714,true
ST01,CITY0,Mall,2025-06-01,18,true,62,9,5241.77,0.1452,true
ST02,CITY1,High Street,2025-06-02,19,false,61,15,7161.17,0.2459,true
ST03,CITY2,Mall,2025-06-03,20,false,43,12,5359.17,0.2791,true
ST04,CITY3,High Street,2025-06-04,21,false,36,10,6559.86,0.2778,true
ST05,CITY4,Mall,2025-06-05,10,false,38,4,2174.51,0.1053,true
ST06,CITY5,High Street,2025-06-06,11,false,22,5,3833.81,0.2273,true
ST07,CITY0,Mall,2025-05-27,12,false,31,5,1876.73,0.1613,true
ST08,CITY1,High Street,2025-05-28,13,false,36,9,4421.66,0.25,true
ST09,CITY2,Mall,2025-05-29,14,false,22,1,511.11,0.0455,true
ST10,CITY3,High Street,2025-05-30,15,false,20,2,715.13,0.1,true
ST11,CITY4,Mall,2025-05-31,16,true,21,1,571.28,0.0476,true
ST12,CITY5,High Street,2025-06-01,17,true,60,8,4226.66,0.1333,true
ST01,CITY0,Mall,2025-06-01,19,true,84,13,4202.63,0.1548,true
ST02,CITY1,High Street,2025-06-02,20,false,65,16,6643.0,0.2462,true
ST03,CITY2,Mall,2025-06-03,21,false,24,7,4024.57,0.2917,true
ST04,CITY3,High Street,2025-06-04,10,false,34,9,4557.44,0.2647,true
ST05,CITY4,Mall,2025-06-05,11,false,34,4,1285.87,0.1176,true
ST06,CITY5,High Street,2025-06-06,12,false,28,6,2897.07,0.2143,true
ST07,CITY0,Mall,2025-05-27,13,false,31,5,2274.74,0.1613,true
ST08,CITY1,High Street,2025-05-28,14,false,15,2,2092.8,0.1333,true
ST09,CITY2,Mall,2025-05-29,15,false,17,1,536.98,0.0588,true
ST10,CITY3,High Street,2025-05-30,16,false,20,2,1186.75,0.1,true
ST11,CITY4,Mall,2025-05-31,17,true,36,5,2850.82,0.1389,true
ST12,CITY5,High Street,2025-06-01,18,true,98,13,6830.87,0.1327,true
ST01,CITY0,Mall,2025-06-01,20,true,85,13,5274.95,0.1529,true
ST02,CITY1,High Street,2025-06-02,21,false,29,7,5200.84,0.2414,true
ST03,CITY2,Mall,2025-06-03,10,false,,8,6354.24,,false
ST04,CITY3,High Street,2025-06-04,11,false,22,6,5716.86,0.2727,true
ST05,CITY4,Mall,2025-06-05,12,false,29,3,1853.21,0.1034,true
ST06,CITY5,High Street,2025-06-06,13,false,34,7,6915.55,0.2059,true
ST07,CITY0,Mall,2025-05-27,14,false,22,2,977.31,0.0909,true
ST08,CITY1,High Street,2025-05-28,15,false,20,2,1586.26,0.1,true
ST09,CITY2,Mall,2025-05-29,16,false,,1,399.69,,false
ST10,CITY3,High Street,2025-05-30,17,false,24,6,2196.52,0.25,true
ST11,CITY4,Mall,2025-05-31,18,true,72,11,4304.14,0.1528,true
ST12,CITY5,High Street,2025-06-01,19,true,79,10,8489.99,0.1266,true
ST01,CITY0,Mall,2025-06-01,21,true,60,9,4294.58,0.15,true
ST02,CITY1,High Street,2025-06-02,10,false,36,9,4710.28,0.25,true
ST03,CITY2,Mall,2025-06-03,11,false,,10,5603.64,,false
ST04,CITY3,High Street,2025-06-04,12,false,24,7,3083.25,0.2917,true
ST05,CITY4,Mall,2025-06-05,13,false,22,2,1337.94,0.0909,true
ST06,CITY5,High Street,2025-06-06,14,false,17,2,887.07,0.1176,true
ST07,CITY0,Mall,2025-05-27,15,false,16,1,483.14,0.0625,true
ST08,CITY1,High Street,2025-05-28,16,false,17,2,1304.66,0.1176,true
ST09,CITY2,Mall,2025-05-29,17,false,,3,1151.18,,false
ST10,CITY3,High Street,2025-05-30,18,false,64,16,7896.6,0.25,true
ST11,CITY4,Mall,2025-05-31,19,true,105,16,8661.95,0.1524,true
ST12,CITY5,High Street,2025-06-01,20,true,62,8,3539.14,0.129,true
ST01,CITY0,Mall,2025-06-02,10,false,22,4,1679.68,0.1818,true
ST02,CITY1,High Street,2025-06-03,11,false,,8,6042.14,,false
ST03,CITY2,Mall,2025-06-04,12,false,26,7,3901.52,0.2692,true
ST04,CITY3,High Street,2025-06-05,13,false,23,6,3453.69,0.2609,true
ST05,CITY4,Mall,2025-06-06,14,false,17,1,558.69,0.0588,true
ST06,CITY5,High Street,2025-05-27,15,false,18,2,934.12,0.1111,true
ST07,CITY0,Mall,2025-05-28,16,false,17,1,820.38,0.0588,true
ST08,CITY1,High Street,2025-05-29,17,false,,6,3778.34,,false
ST09,CITY2,Mall,2025-05-30,18,false,50,5,1803.03,0.1,true
ST10,CITY3,High Street,2025-05-31,19,true,72,15,9109.73,0.2083,true
ST11,CITY4,Mall,2025-06-01,20,true,74,11,7406.2,0.1486,true
ST12,CITY5,High Street,2025-06-02,21,false,35,5,2544.07,0.1429,true
ST01,CITY0,Mall,2025-06-02,11,false,33,6,3316.17,0.1818,true
ST02,CITY1,High Street,2025-06-03,12,false,26,6,3597.95,0.2308,true
ST03,CITY2,Mall,2025-06-04,13,false,27,7,3631.05,0.2593,true
ST04,CITY3,High Street,2025-06-05,14,false,17,2,804.15,0.1176,true
ST05,CITY4,Mall,2025-06-06,15,false,19,1,1234.01,0.0526,true
ST06,CITY5,High Street,2025-05-27,16,false,14,1,711.15,0.0714,true
ST07,CITY0,Mall,2025-05-28,17,false,32,6,2034.23,0.1875,true
ST08,CITY1,High Street,2025-05-29,18,false,59,15,8014.39,0.2542,true
ST09,CITY2,Mall,2025-05-30,19,false,64,6,3307.57,0.0938,true
ST10,CITY3,High Street,2025-05-31,20,true,97,20,7958.98,0.2062,true
ST11,CITY4,Mall,2025-06-01,21,true,38,6,3138.78,0.1579,true
ST12,CITY5,High Street,2025-06-02,10,false,36,6,2891.11,0.1667,true
ST01,CITY0,Mall,2025-06-02,12,false,37,7,5249.06,0.1892,true
ST02,CITY1,High Street,2025-06-03,13,false,26,6,2387.41,0.2308,true
ST03,CITY2,Mall,2025-06-04,14,false,16,2,718.94,0.125,true
ST04,CITY3,High Street,2025-06-05,15,false,15,2,929.1,0.1333,true
ST05,CITY4,Mall,2025-06-06,16,false,20,1,252.51,0.05,true
ST06,CITY5,High Street,2025-05-27,17,false,29,6,1462.89,0.2069,true
ST07,CITY0,Mall,2025-05-28,18,false,62,11,4950.33,0.1774,true
ST08,CITY1,High Street,2025-05-29,19,false,53,14,8459.34,0.2642,true
ST09,CITY2,Mall,2025-05-30,20,false,42,4,1394.16,0.0952,true
ST10,CITY3,High Street,2025-05-31,21,true,56,12,7259.44,0.2143,true
ST11,CITY4,Mall,2025-06-01,10,true,53,8,7278.61,0.1509,true
ST12,CITY5,High Street,2025-06-02,11,false,38,6,1640.17,0.1579,true
ST01,CITY0,Mall,2025-06-02,13,false,34,6,4315.94,0.1765,true
ST02,CITY1,High Street,2025-06-03,14,false,16,2,2576.43,0.125,true
ST03,CITY2,Mall,2025-06-04,15,false,15,2,1672.66,0.1333,true
ST04,CITY3,High Street,2025-06-05,16,false,16,2,1260.01,0.125,true
ST05,CITY4,Mall,2025-06-06,17,false,37,4,2770.75,0.1081,true
ST06,CITY5,High Street,2025-05-27,18,false,55,11,5998.66,0.2,true
ST07,CITY0,Mall,2025-05-28,19,false,51,9,3743.82,0.1765,true
ST08,CITY1,High Street,2025-05-29,20,false,53,14,7796.92,0.2642,true
ST09,CITY2,Mall,2025-05-30,21,false,30,3,1449.53,0.1,true
ST10,CITY3,High Street,2025-05-31,10,true,49,10,4961.47,0.2041,true
ST11,CITY4,Mall,2025-06-01,11,true,57,9,6028.39,0.1579,true
ST12,CITY5,High Street,2025-06-02,12,false,24,4,1549.15,0.1667,true
ST01,CITY0,Mall,2025-06-02,14,false,19,2,468.41,0.1053,true
ST02,CITY1,High Street,2025-06-03,15,false,20,2,1014.5,0.1,true
ST03,CITY2,Mall,2025-06-04,16,false,21,3,377.58,0.1429,true
ST04,CITY3,High Street,2025-06-05,17,false,32,9,4159.65,0.2813,true
ST05,CITY4,Mall,2025-06-06,18,false,40,4,1581.75,0.1,true
ST06,CITY5,High Street,2025-05-27,19,false,38,8,2530.27,0.2105,true
ST07,CITY0,Mall,2025-05-28,20,false,61,11,5566.39,0.1803,true
ST08,CITY1,High Street,2025-05-29,21,false,39,10,5718.85,0.2564,true
ST09,CITY2,Mall,2025-05-30,10,false,26,2,663.63,0.0769,true
ST10,CITY3,High Street,2025-05-31,11,true,53,11,5617.55,0.2075,true
ST11,CITY4,Mall,2025-06-01,12,true,59,9,3731.22,0.1525,true
ST12,CITY5,High Street,2025-06-02,13,false,27,4,1762.64,0.1481,true
ST01,CITY0,Mall,2025-06-02,15,false,21,2,537.68,0.0952,true
ST02,CITY1,High Street,2025-06-03,16,false,19,2,362.18,0.1053,true
ST03,CITY2,Mall,2025-06-04,17,false,21,6,3009.23,0.2857,true
ST04,CITY3,High Street,2025-06-05,18,false,52,14,6950.39,0.2692,true
ST05,CITY4,Mall,2025-06-06,19,false,54,6,3892.02,0.1111,true
ST06,CITY5,High Street,2025-05-27,20,false,53,11,4538.97,0.2075,true
ST07,CITY0,Mall,2025-05-28,21,false,38,7,2585.88,0.1842,true
ST08,CITY1,High Street,2025-05-29,10,false,24,6,1752.48,0.25,true
ST09,CITY2,Mall,2025-05-30,11,false,24,2,1129.24,0.0833,true
ST10,CITY3,High Street,2025-05-31,12,true,59,12,5658.37,0.2034,true
ST11,CITY4,Mall,2025-06-01,13,true,48,7,2339.71,0.1458,true
ST12,CITY5,High Street,2025-06-02,14,false,16,1,162.21,0.0625,true
ST01,CITY0,Mall,2025-06-02,16,false,14,1,110.41,0.0714,true
ST02,CITY1,High Street,2025-06-03,17,false,39,10,4643.6,0.2564,true
ST03,CITY2,Mall,2025-06-04,18,false,60,16,6400.25,0.2667,true
ST04,CITY3,High Street,2025-06-05,19,false,41,11,5295.64,0.2683,true
ST05,CITY4,Mall,2025-06-06,20,false,55,6,3800.47,0.1091,true
ST06,CITY5,High Street,2025-05-27,21,false,35,7,2418.24,0.2,true
ST07,CITY0,Mall,2025-05-28,10,false,24,4,1972.74,0.1667,true
ST08,CITY1,High Street,2025-05-29,11,false,31,8,3394.05,0.2581,true
ST09,CITY2,Mall,2025-05-30,12,false,25,2,815.14,0.08,true
ST10,CITY3,High Street,2025-05-31,13,true,49,10,4791.95,0.2041,true
ST11,CITY4,Mall,2025-06-01,14,true,30,2,328.51,0.0667,true
ST12,CITY5,High Street,2025-06-02,15,false,22,2,827.15,0.0909,true
ST01,CITY0,Mall,2025-06-02,17,false,37,7,3894.7,0.1892,true
ST02,CITY1,High Street,2025-06-03,18,false,67,17,9165.02,0.2537,true
ST03,CITY2,Mall,2025-06-04,19,false,51,14,6255.06,0.2745,true
ST04,CITY3,High Street,2025-06-05,20,false,65,18,10023.55,0.2769,true
ST05,CITY4,Mall,2025-06-06,21,false,37,4,1720.21,0.1081,true
ST06,CITY5,High Street,2025-05-27,10,false,36,7,3178.15,0.1944,true
ST07,CITY0,Mall,2025-05-28,11,false,32,6,2579.9,0.1875,true
ST08,CITY1,High Street,2025-05-29,12,false,29,7,3578.43,0.2414,true
ST09,CITY2,Mall,2025-05-30,13,false,37,3,1261.9,0.0811,true
ST10,CITY3,High Street,2025-05-31,14,true,36,3,1612.63,0.0833,true
ST11,CITY4,Mall,2025-06-01,15,true,35,2,654.49,0.0571,true
ST12,CITY5,High Street,2025-06-02,16,false,14,1,339.52,0.0714,true
ST01,CITY0,Mall,2025-06-02,18,false,65,12,7104.98,0.1846,true
ST02,CITY1,High Street,2025-06-03,19,false,39,10,2941.81,0.2564,true
ST03,CITY2,Mall,2025-06-04,20,false,64,17,9141.11,0.2656,true
ST04,CITY3,High Street,2025-06-05,21,false,21,6,4584.1,0.2857,true
ST05,CITY4,Mall,2025-06-06,10,false,24,3,1520.4,0.125,true
ST06,CITY5,High Street,2025-05-27,11,false,38,8,3306.23,0.2105,true
ST07,CITY0,Mall,2025-05-28,12,false,36,6,6924.18,0.1667,true
ST08,CITY1,High Street,2025-05-29,13,false,25,6,1532.39,0.24,true
ST09,CITY2,Mall,2025-05-30,14,false,15,1,640.14,0.0667,true
ST10,CITY3,High Street,2025-05-31,15,true,24,2,1167.72,0.0833,true
ST11,CITY4,Mall,2025-06-01,16,true,27,2,2345.42,0.0741,true
ST12,CITY5,High Street,2025-06-02,17,false,31,5,1357.53,0.1613,true
ST01,CITY0,Mall,2025-06-02,19,false,51,9,4630.98,0.1765,true
ST02,CITY1,High Street,2025-06-03,20,false,55,14,7179.39,0.2545,true
ST03,CITY2,Mall,2025-06-04,21,false,32,9,4215.88,0.2813,true
ST04,CITY3,High Street,2025-06-05,10,false,24,7,4592.36,0.2917,true
ST05,CITY4,Mall,2025-06-06,11,false,25,3,1586.91,0.12,true
ST06,CITY5,High Street,2025-05-27,12,false,38,8,3716.44,0.2105,true
ST07,CITY0,Mall,2025-05-28,13,false,39,7,3006.57,0.1795,true
ST08,CITY1,High Street,2025-05-29,14,false,14,2,544.97,0.1429,true
ST09,CITY2,Mall,2025-05-30,15,false,16,1,2877.94,0.0625,true
ST10,CITY3,High Street,2025-05-31,16,true,25,2,1675.85,0.08,true
ST11,CITY4,Mall,2025-06-01,17,true,55,8,6740.78,0.1455,true
ST12,CITY5,High Street,2025-06-02,18,false,62,9,3921.8,0.1452,true
ST01,CITY0,Mall,2025-06-02,20,false,44,8,3416.43,0.1818,true
ST02,CITY1,High Street,2025-06-03,21,false,28,7,2613.31,0.25,true
ST03,CITY2,Mall,2025-06-04,10,false,35,9,3801.78,0.2571,true
ST04,CITY3,High Street,2025-06-05,11,false,29,8,3446.55,0.2759,true
ST05,CITY4,Mall,2025-06-06,12,false,29,3,1774.77,0.1034,true
ST06,CITY5,High Street,2025-05-27,13,false,26,5,2081.26,0.1923,true
ST07,CITY0,Mall,2025-05-28,14,false,13,1,322.6,0.0769,true
ST08,CITY1,High Street,2025-05-29,15,false,13,1,563.35,0.0769,true
ST09,CITY2,Mall,2025-05-30,16,false,23,1,675.42,0.0435,true
ST10,CITY3,High Street,2025-05-31,17,true,49,10,5786.41,0.2041,true
ST11,CITY4,Mall,2025-06-01,18,true,111,17,7374.47,0.1532,true
ST12,CITY5,High Street,2025-06-02,19,false,41,6,4074.04,0.1463,true
ST01,CITY0,Mall,2025-06-02,21,false,26,5,1010.0,0.1923,true
ST02,CITY1,High Street,2025-06-03,10,false,,6,2444.62,,false
ST03,CITY2,Mall,2025-06-04,11,false,32,9,4246.03,0.2813,true
ST04,CITY3,High Street,2025-06-05,12,false,31,9,4519.03,0.2903,true
ST05,CITY4,Mall,2025-06-06,13,false,25,3,803.64,0.12,true
ST06,CITY5,High Street,2025-05-27,14,false,18,2,989.72,0.1111,true
ST07,CITY0,Mall,2025-05-28,15,false,18,1,728.76,0.0556,true
ST08,CITY1,High Street,2025-05-29,16,false,,2,1330.08,,false
ST09,CITY2,Mall,2025-05-30,17,false,31,3,1376.47,0.0968,true
ST10,CITY3,High Street,2025-05-31,18,true,69,14,7704.92,0.2029,true
ST11,CITY4,Mall,2025-06-01,19,true,90,14,6658.88,0.1556,true
ST12,CITY5,High Street,2025-06-02,20,false,41,6,2394.59,0.1463,true
ST01,CITY0,Mall,2025-06-03,10,false,,6,2623.64,,false
ST02,CITY1,High Street,2025-06-04,11,false,21,5,4139.31,0.2381,true
ST03,CITY2,Mall,2025-06-05,12,false,30,8,3394.42,0.2667,true
ST04,CITY3,High Street,2025-06-06,13,false,33,9,4384.29,0.2727,true
ST05,CITY4,Mall,2025-05-27,14,false,20,1,642.79,0.05,true
ST06,CITY5,High Street,2025-05-28,15,false,18,2,587.99,0.1111,true
ST07,CITY0,Mall,2025-05-29,16,false,,2,771.77,,false
ST08,CITY1,High Street,2025-05-30,17,false,33,8,5589.88,0.2424,true
ST09,CITY2,Mall,2025-05-31,18,true,76,6,4357.08,0.0789,true
ST10,CITY3,High Street,2025-06-01,19,true,107,22,10735.09,0.2056,true
ST11,CITY4,Mall,2025-06-02,20,false,58,10,4300.37,0.1724,true
ST12,CITY5,High Street,2025-06-03,21,false,38,6,2926.13,0.1579,true
ST01,CITY0,Mall,2025-06-03,11,false,,4,1919.72,,false
ST02,CITY1,High Street,2025-06-04,12,false,27,7,7253.71,0.2593,true
ST03,CITY2,Mall,2025-06-05,13,false,27,7,4819.88,0.2593,true
ST04,CITY3,High Street,2025-06-06,14,false,20,2,1211.21,0.1,true
ST05,CITY4,Mall,2025-05-27,15,false,16,1,302.41,0.0625,true
ST06,CITY5,High Street,2025-05-28,16,false,19,2,923.69,0.1053,true
ST07,CITY0,Mall,2025-05-29,17,false,,5,2459.6,,false
ST08,CITY1,High Street,2025-05-30,18,false,67,17,9375.56,0.2537,true
ST09,CITY2,Mall,2025-05-31,19,true,79,6,3332.87,0.0759,true
ST10,CITY3,High Street,2025-06-01,20,true,73,15,9890.74,0.2055,true
ST11,CITY4,Mall,2025-06-02,21,false,38,7,3016.31,0.1842,true
ST12,CITY5,High Street,2025-06-03,10,false,,6,2881.2,,false
ST01,CITY0,Mall,2025-06-03,12,false,24,4,1563.66,0.1667,true
ST02,CITY1,High Street,2025-06-04,13,false,39,10,7134.76,0.2564,true
ST03,CITY2,Mall,2025-06-05,14,false,13,2,999.2,0.1538,true
ST04,CITY3,High Street,2025-06-06,15,false,13,2,1004.39,0.1538,true
ST05,CITY4,Mall,2025-05-27,16,false,15,1,161.79,0.0667,true
ST06,CITY5,High Street,2025-05-28,17,false,37,8,5314.83,0.2162,true
ST07,CITY0,Mall,2025-05-29,18,false,58,10,6050.56,0.1724,true
ST08,CITY1,High Street,2025-05-30,19,false,40,10,6403.21,0.25,true
ST09,CITY2,Mall,2025-05-31,20,true,74,6,1899.35,0.0811,true
ST10,CITY3,High Street,2025-06-01,21,true,48,10,4564.09,0.2083,true
ST11,CITY4,Mall,2025-06-02,10,false,29,5,7893.01,0.1724,true
ST12,CITY5,High Street,2025-06-03,11,false,,4,1901.01,,false
ST01,CITY0,Mall,2025-06-03,13,false,26,5,2323.63,0.1923,true
ST02,CITY1,High Street,2025-06-04,14,false,23,3,1454.9,0.1304,true
ST03,CITY2,Mall,2025-06-05,15,false,13,2,680.62,0.1538,true
ST04,CITY3,High Street,2025-06-06,16,false,18,2,312.01,0.1111,true
ST05,CITY4,Mall,2025-05-27,17,false,38,4,2648.41,0.1053,true
ST06,CITY5,High Street,2025-05-28,18,false,67,14,7897.12,0.209,true
ST07,CITY0,Mall,2025-05-29,19,false,40,7,2532.75,0.175,true
ST08,CITY1,High Street,2025-05-30,20,false,51,13,7479.56,0.2549,true
ST09,CITY2,Mall,2025-05-31,21,true,35,3,1956.86,0.0857,true
ST10,CITY3,High Street,2025-06-01,10,true,35,7,2991.7,0.2,true
ST11,CITY4,Mall,2025-06-02,11,false,39,7,3961.52,0.1795,true
ST12,CITY5,High Street,2025-06-03,12,false,34,5,2339.06,0.1471,true
ST01,CITY0,Mall,2025-06-03,14,false,17,1,303.79,0.0588,true
ST02,CITY1,High Street,2025-06-04,15,false,14,2,972.08,0.1429,true
ST03,CITY2,Mall,2025-06-05,16,false,13,2,1442.49,0.1538,true
ST04,CITY3,High Street,2025-06-06,17,false,23,6,2953.74,0.2609,true
ST05,CITY4,Mall,2025-05-27,18,false,64,7,4339.46,0.1094,true
ST06,CITY5,High Street,2025-05-28,19,false,41,9,4543.65,0.2195,true
ST07,CITY0,Mall,2025-05-29,20,false,70,12,7226.63,0.1714,true
ST08,CITY1,High Street,2025-05-30,21,false,29,7,2551.19,0.2414,true
ST09,CITY2,Mall,2025-05-31,10,true,44,3,1524.06,0.0682,true
ST10,CITY3,High Street,2025-06-01,11,true,42,9,3618.06,0.2143,true
ST11,CITY4,Mall,2025-06-02,12,false,28,5,1611.6,0.1786,true
ST12,CITY5,High Street,2025-06-03,13,false,30,5,2578.83,0.1667,true
ST01,CITY0,Mall,2025-06-03,15,false,13,1,593.56,0.0769,true
ST02,CITY1,High Street,2025-06-04,16,false,17,2,821.64,0.1176,true
ST03,CITY2,Mall,2025-06-05,17,false,36,10,7815.86,0.2778,true
ST04,CITY3,High Street,2025-06-06,18,false,52,14,10207.12,0.2692,true
ST05,CITY4,Mall,2025-05-27,19,false,51,6,3343.72,0.1176,true
ST06,CITY5,High Street,2025-05-28,20,false,70,15,6298.57,0.2143,true
ST07,CITY0,Mall,2025-05-29,21,false,21,4,3467.83,0.1905,true
ST08,CITY1,High Street,2025-05-30,10,false,31,8,3389.96,0.2581,true
ST09,CITY2,Mall,2025-05-31,11,true,56,4,2069.42,0.0714,true
ST10,CITY3,High Street,2025-06-01,12,true,54,11,6571.41,0.2037,true
ST11,CITY4,Mall,2025-06-02,13,false,24,4,2035.91,0.1667,true
ST12,CITY5,High Street,2025-06-03,14,false,22,2,1494.06,0.0909,true
ST01,CITY0,Mall,2025-06-03,16,false,13,1,378.14,0.0769,true
ST02,CITY1,High Street,2025-06-04,17,false,35,9,4247.19,0.2571,true
ST03,CITY2,Mall,2025-06-05,18,false,59,16,10219.35,0.2712,true
ST04,CITY3,High Street,2025-06-06,19,false,42,12,6121.1,0.2857,true
ST05,CITY4,Mall,2025-05-27,20,false,66,7,2728.52,0.1061,true
ST06,CITY5,High Street,2025-05-28,21,false,34,7,3854.76,0.2059,true
ST07,CITY0,Mall,2025-05-29,10,false,26,4,1780.14,0.1538,true
ST08,CITY1,High Street,2025-05-30,11,false,33,8,3161.19,0.2424,true
ST09,CITY2,Mall,2025-05-31,12,true,47,4,2031.67,0.0851,true
ST10,CITY3,High Street,2025-06-01,13,true,55,11,5141.92,0.2,true
ST11,CITY4,Mall,2025-06-02,14,false,15,1,318.71,0.0667,true
ST12,CITY5,High Street,2025-06-03,15,false,13,1,286.08,0.0769,true
ST01,CITY0,Mall,2025-06-03,17,false,22,4,2424.91,0.1818,true
ST02,CITY1,High Street,2025-06-04,18,false,45,11,7575.28,0.2444,true
ST03,CITY2,Mall,2025-06-05,19,false,48,13,8281.57,0.2708,true
ST04,CITY3,High Street,2025-06-06,20,false,59,16,8859.97,0.2712,true
ST05,CITY4,Mall,2025-05-27,21,false,24,3,1440.72,0.125,true
ST06,CITY5,High Street,2025-05-28,10,false,27,6,4086.13,0.2222,true
ST07,CITY0,Mall,2025-05-29,11,false,34,6,2238.17,0.1765,true
ST08,CITY1,High Street,2025-05-30,12,false,36,9,3241.76,0.25,true
ST09,CITY2,Mall,2025-05-31,13,true,35,3,1079.65,0.0857,true
ST10,CITY3,High Street,2025-06-01,14,true,25,2,1613.65,0.08,true
ST11,CITY4,Mall,2025-06-02,15,false,15,1,773.19,0.0667,true
ST12,CITY5,High Street,2025-06-03,16,false,20,1,219.2,0.05,true
ST01,CITY0,Mall,2025-06-03,18,false,66,12,5786.76,0.1818,true
ST02,CITY1,High Street,2025-06-04,19,false,48,12,6716.65,0.25,true
ST03,CITY2,Mall,2025-06-05,20,false,39,11,5106.52,0.2821,true
ST04,CITY3,High Street,2025-06-06,21,false,34,9,4094.93,0.2647,true
ST05,CITY4,Mall,2025-05-27,10,false,35,4,2474.58,0.1143,true
ST06,CITY5,High Street,2025-05-28,11,false,25,5,1416.88,0.2,true
ST07,CITY0,Mall,2025-05-29,12,false,35,6,4079.82,0.1714,true
ST08,CITY1,High Street,2025-05-30,13,false,30,8,4067.87,0.2667,true
ST09,CITY2,Mall,2025-05-31,14,true,28,1,83.59,0.0357,true
ST10,CITY3,High Street,2025-06-01,15,true,21,2,712.7,0.0952,true
ST11,CITY4,Mall,2025-06-02,16,false,23,2,2523.86,0.087,true
ST12,CITY5,High Street,2025-06-03,17,false,27,4,2375.26,0.1481,true
ST01,CITY0,Mall,2025-06-03,19,false,50,9,7113.72,0.18,true
ST02,CITY1,High Street,2025-06-04,20,false,58,14,7328.67,0.2414,true
ST03,CITY2,Mall,2025-06-05,21,false,32,9,7668.96,0.2813,true
ST04,CITY3,High Street,2025-06-06,10,false,25,7,2005.66,0.28,true
ST05,CITY4,Mall,2025-05-27,11,false,24,3,2018.78,0.125,true
ST06,CITY5,High Street,2025-05-28,12,false,23,5,1298.72,0.2174,true
ST07,CITY0,Mall,2025-05-29,13,false,37,6,2116.78,0.1622,true
ST08,CITY1,High Street,2025-05-30,14,false,14,2,1512.86,0.1429,true
ST09,CITY2,Mall,2025-05-31,15,true,23,1,429.99,0.0435,true
ST10,CITY3,High Street,2025-06-01,16,true,26,2,803.34,0.0769,true
ST11,CITY4,Mall,2025-06-02,17,false,29,5,1649.93,0.1724,true
ST12,CITY5,High Street,2025-06-03,18,false,61,9,4770.33,0.1475,true
ST01,CITY0,Mall,2025-06-03,20,false,51,9,5864.35,0.1765,true
ST02,CITY1,High Street,2025-06-04,21,false,27,7,2129.36,0.2593,true
ST03,CITY2,Mall,2025-06-05,10,false,25,7,2866.55,0.28,true
ST04,CITY3,High Street,2025-06-06,11,false,36,10,6069.71,0.2778,true
ST05,CITY4,Mall,2025-05-27,12,false,23,3,1010.91,0.1304,true
ST06,CITY5,High Street,2025-05-28,13,false,26,5,2711.63,0.1923,true
ST07,CITY0,Mall,2025-05-29,14,false,21,2,627.37,0.0952,true
ST08,CITY1,High Street,2025-05-30,15,false,17,2,824.63,0.1176,true
ST09,CITY2,Mall,2025-05-31,16,true,27,1,225.83,0.037,true
ST10,CITY3,High Street,2025-06-01,17,true,51,11,4606.24,0.2157,true
ST11,CITY4,Mall,2025-06-02,18,false,50,9,5025.11,0.18,true
ST12,CITY5,High Street,2025-06-03,19,false,60,9,2908.7,0.15,true
ST01,CITY0,Mall,2025-06-03,21,false,33,6,5883.68,0.1818,true
ST02,CITY1,High Street,2025-06-04,10,false,23,6,2067.32,0.2609,true
ST03,CITY2,Mall,2025-06-05,11,false,35,9,2872.28,0.2571,true
ST04,CITY3,High Street,2025-06-06,12,false,30,8,3531.67,0.2667,true
ST05,CITY4,Mall,2025-05-27,13,false,28,3,1243.3,0.1071,true
ST06,CITY5,High Street,2025-05-28,14,false,19,2,591.66,0.1053,true
ST07,CITY0,Mall,2025-05-29,15,false,23,2,473.33,0.087,true
ST08,CITY1,High Street,2025-05-30,16,false,15,2,641.85,0.1333,true
ST09,CITY2,Mall,2025-05-31,17,true,35,3,1785.01,0.0857,true
ST10,CITY3,High Street,2025-06-01,18,true,106,22,19637.2,0.2075,true
ST11,CITY4,Mall,2025-06-02,19,false,53,9,4238.22,0.1698,true
ST12,CITY5,High Street,2025-06-03,20,false,50,8,5063.42,0.16,true
ST01,CITY0,Mall,2025-06-04,10,false,33,6,5092.88,0.1818,true
ST02,CITY1,High Street,2025-06-05,11,false,25,6,3223.81,0.24,true
ST03,CITY2,Mall,2025-06-06,12,false,25,7,2106.52,0.28,true
ST04,CITY3,High Street,2025-05-27,13,false,37,10,6014.52,0.2703,true
ST05,CITY4,Mall,2025-05-28,14,false,15,1,441.77,0.0667,true
ST06,CITY5,High Street,2025-05-29,15,false,16,1,900.17,0.0625,true
ST07,CITY0,Mall,2025-05-30,16,false,16,1,267.26,0.0625,true
ST08,CITY1,High Street,2025-05-31,17,true,62,13,8165.89,0.2097,true
ST09,CITY2,Mall,2025-06-01,18,true,64,5,3267.76,0.0781,true
ST10,CITY3,High Street,2025-06-02,19,false,50,12,5637.47,0.24,true
ST11,CITY4,Mall,2025-06-03,20,false,64,11,6583.37,0.1719,true
ST12,CITY5,High Street,2025-06-04,21,false,27,4,1782.02,0.1481,true
ST01,CITY0,Mall,2025-06-04,11,false,26,5,2584.23,0.1923,true
ST02,CITY1,High Street,2025-06-05,12,false,35,9,5215.08,0.2571,true
ST03,CITY2,Mall,2025-06-06,13,false,33,9,4460.21,0.2727,true
ST04,CITY3,High Street,2025-05-27,14,false,17,2,1016.2,0.1176,true
ST05,CITY4,Mall,2025-05-28,15,false,20,1,4294.69,0.05,true
ST06,CITY5,High Street,2025-05-29,16,false,,1,880.99,,false
ST07,CITY0,Mall,2025-05-30,17,false,28,5,1933.3,0.1786,true
ST08,CITY1,High Street,2025-05-31,18,true,100,22,13267.56,0.22,true
ST09,CITY2,Mall,2025-06-01,19,true,104,8,4513.56,0.0769,true
ST10,CITY3,High Street,2025-06-02,20,false,53,13,4804.42,0.2453,true
ST11,CITY4,Mall,2025-06-03,21,false,27,5,2440.4,0.1852,true
ST12,CITY5,High Street,2025-06-04,10,false,26,4,852.56,0.1538,true
ST01,CITY0,Mall,2025-06-04,12,false,24,4,3320.04,0.1667,true
ST02,CITY1,High Street,2025-06-05,13,false,34,8,4421.92,0.2353,true
ST03,CITY2,Mall,2025-06-06,14,false,16,2,2470.01,0.125,true
ST04,CITY3,High Street,2025-05-27,15,false,17,2,1412.65,0.1176,true
ST05,CITY4,Mall,2025-05-28,16,false,13,1,185.47,0.0769,true
ST06,CITY5,High Street,2025-05-29,17,false,,6,4353.78,,false
ST07,CITY0,Mall,2025-05-30,18,false,64,11,4865.89,0.1719,true
ST08,CITY1,High Street,2025-05-31,19,true,72,16,5980.51,0.2222,true
ST09,CITY2,Mall,2025-06-01,20,true,103,8,5017.58,0.0777,true
ST10,CITY3,High Street,2025-06-02,21,false,38,9,3468.29,0.2368,true
ST11,CITY4,Mall,2025-06-03,10,false,,5,2998.73,,false
ST12,CITY5,High Street,2025-06-04,11,false,24,4,1871.37,0.1667,true
ST01,CITY0,Mall,2025-06-04,13,false,35,6,2479.39,0.1714,true
ST02,CITY1,High Street,2025-06-05,14,false,21,2,1150.95,0.0952,true
ST03,CITY2,Mall,2025-06-06,15,false,18,2,1737.19,0.1111,true
ST04,CITY3,High Street,2025-05-27,16,false,17,2,1335.21,0.1176,true
ST05,CITY4,Mall,2025-05-28,17,false,26,3,1358.32,0.1154,true
ST06,CITY5,High Street,2025-05-29,18,false,52,11,5719.62,0.2115,true
ST07,CITY0,Mall,2025-05-30,19,false,57,10,3717.1,0.1754,true
ST08,CITY1,High Street,2025-05-31,20,true,70,15,8136.97,0.2143,true
ST09,CITY2,Mall,2025-06-01,21,true,44,3,1782.97,0.0682,true
ST10,CITY3,High Street,2025-06-02,10,false,37,9,5674.0,0.2432,true
ST11,CITY4,Mall,2025-06-03,11,false,,5,2153.39,,false
ST12,CITY5,High Street,2025-06-04,12,false,30,5,2602.7,0.1667,true
ST01,CITY0,Mall,2025-06-04,14,false,15,1,1188.73,0.0667,true
ST02,CITY1,High Street,2025-06-05,15,false,22,2,466.26,0.0909,true
ST03,CITY2,Mall,2025-06-06,16,false,18,2,1380.87,0.1111,true
ST04,CITY3,High Street,2025-05-27,17,false,31,9,4448.06,0.2903,true
ST05,CITY4,Mall,2025-05-28,18,false,46,5,2826.25,0.1087,true
ST06,CITY5,High Street,2025-05-29,19,false,59,12,5209.46,0.2034,true
ST07,CITY0,Mall,2025-05-30,20,false,59,10,6703.64,0.1695,true
ST08,CITY1,High Street,2025-05-31,21,true,53,11,4932.92,0.2075,true
ST09,CITY2,Mall,2025-06-01,10,true,57,4,1637.57,0.0702,true
ST10,CITY3,High Street,2025-06-02,11,false,34,8,9286.43,0.2353,true
ST11,CITY4,Mall,2025-06-03,12,false,34,6,1490.07,0.1765,true
ST12,CITY5,High Street,2025-06-04,13,false,22,3,987.84,0.1364,true
ST01,CITY0,Mall,2025-06-04,15,false,19,2,541.3,0.1053,true
ST02,CITY1,High Street,2025-06-05,16,false,18,2,1890.1,0.1111,true
ST03,CITY2,Mall,2025-06-06,17,false,24,7,4370.32,0.2917,true
ST04,CITY3,High Street,2025-05-27,18,false,52,14,7000.87,0.2692,true
ST05,CITY4,Mall,2025-05-28,19,false,61,7,3568.95,0.1148,true
ST06,CITY5,High Street,2025-05-29,20,false,46,10,5565.75,0.2174,true
ST07,CITY0,Mall,2025-05-30,21,false,25,4,1570.37,0.16,true
ST08,CITY1,High Street,2025-05-31,10,true,34,7,3098.32,0.2059,true
ST09,CITY2,Mall,2025-06-01,11,true,40,3,862.62,0.075,true
ST10,CITY3,High Street,2025-06-02,12,false,28,7,4229.55,0.25,true
ST11,CITY4,Mall,2025-06-03,13,false,39,7,2707.95,0.1795,true
ST12,CITY5,High Street,2025-06-04,14,false,19,1,293.01,0.0526,true
ST01,CITY0,Mall,2025-06-04,16,false,21,2,1563.49,0.0952,true
ST02,CITY1,High Street,2025-06-05,17,false,38,9,5540.71,0.2368,true
ST03,CITY2,Mall,2025-06-06,18,false,38,10,6020.99,0.2632,true
ST04,CITY3,High Street,2025-05-27,19,false,57,16,8437.69,0.2807,true
ST05,CITY4,Mall,2025-05-28,20,false,64,7,4073.18,0.1094,true
ST06,CITY5,High Street,2025-05-29,21,false,22,5,1681.56,0.2273,true
ST07,CITY0,Mall,2025-05-30,10,false,29,5,2205.49,0.1724,true
ST08,CITY1,High Street,2025-05-31,11,true,61,13,7108.76,0.2131,true
ST09,CITY2,Mall,2025-06-01,12,true,48,4,2444.02,0.0833,true
ST10,CITY3,High Street,2025-06-02,13,false,35,9,6983.04,0.2571,true
ST11,CITY4,Mall,2025-06-03,14,false,15,1,162.95,0.0667,true
ST12,CITY5,High Street,2025-06-04,15,false,18,1,363.37,0.0556,true
ST01,CITY0,Mall,2025-06-04,17,false,24,4,3936.97,0.1667,true
ST02,CITY1,High Street,2025-06-05,18,false,62,15,5998.88,0.2419,true
ST03,CITY2,Mall,2025-06-06,19,false,38,10,6072.29,0.2632,true
ST04,CITY3,High Street,2025-05-27,20,false,47,13,5622.93,0.2766,true
ST05,CITY4,Mall,2025-05-28,21,false,27,3,1956.08,0.1111,true
ST06,CITY5,High Street,2025-05-29,10,false,37,8,4129.97,0.2162,true
ST07,CITY0,Mall,2025-05-30,11,false,32,6,3553.75,0.1875,true
ST08,CITY1,High Street,2025-05-31,12,true,52,11,5424.71,0.2115,true
ST09,CITY2,Mall,2025-06-01,13,true,39,3,472.8,0.0769,true
ST10,CITY3,High Street,2025-06-02,14,false,18,2,969.55,0.1111,true
ST11,CITY4,Mall,2025-06-03,15,false,16,1,1027.8,0.0625,true
ST12,CITY5,High Street,2025-06-04,16,false,16,1,1282.32,0.0625,true
ST01,CITY0,Mall,2025-06-04,18,false,59,10,5145.39,0.1695,true
ST02,CITY1,High Street,2025-06-05,19,false,51,13,6216.05,0.2549,true
ST03,CITY2,Mall,2025-06-06,20,false,44,12,6704.04,0.2727,true
ST04,CITY3,High Street,2025-05-27,21,false,28,8,3363.8,0.2857,true
ST05,CITY4,Mall,2025-05-28,10,false,26,3,1600.25,0.1154,true
ST06,CITY5,High Street,2025-05-29,11,false,35,7,3188.0,0.2,true
ST07,CITY0,Mall,2025-05-30,12,false,26,4,4654.15,0.1538,true
ST08,CITY1,High Street,2025-05-31,13,true,59,13,7285.86,0.2203,true
ST09,CITY2,Mall,2025-06-01,14,true,21,1,537.91,0.0476,true
ST10,CITY3,High Street,2025-06-02,15,false,14,2,1251.29,0.1429,true
ST11,CITY4,Mall,2025-06-03,16,false,21,2,1104.62,0.0952,true
ST12,CITY5,High Street,2025-06-04,17,false,34,5,1718.97,0.1471,true
ST01,CITY0,Mall,2025-06-04,19,false,55,10,4494.49,0.1818,true
ST02,CITY1,High Street,2025-06-05,20,false,62,15,7503.96,0.2419,true
ST03,CITY2,Mall,2025-06-06,21,false,32,9,4441.48,0.2813,true
ST04,CITY3,High Street,2025-05-27,10,false,32,9,3743.21,0.2813,true
ST05,CITY4,Mall,2025-05-28,11,false,37,4,1629.06,0.1081,true
ST06,CITY5,High Street,2025-05-29,12,false,27,6,2408.54,0.2222,true
ST07,CITY0,Mall,2025-05-30,13,false,35,6,2112.64,0.1714,true
ST08,CITY1,High Street,2025-05-31,14,true,28,3,1256.18,0.1071,true
ST09,CITY2,Mall,2025-06-01,15,true,27,1,142.78,0.037,true
ST10,CITY3,High Street,2025-06-02,16,false,13,1,525.72,0.0769,true
ST11,CITY4,Mall,2025-06-03,17,false,30,5,2185.45,0.1667,true
ST12,CITY5,High Street,2025-06-04,18,false,40,6,2106.66,0.15,true
ST01,CITY0,Mall,2025-06-04,20,false,63,11,4798.43,0.1746,true
ST02,CITY1,High Street,2025-06-05,21,false,30,7,2107.46,0.2333,true
ST03,CITY2,Mall,2025-06-06,10,false,30,8,3073.57,0.2667,true
ST04,CITY3,High Street,2025-05-27,11,false,26,7,3353.05,0.2692,true
ST05,CITY4,Mall,2025-05-28,12,false,26,3,1207.82,0.1154,true
ST06,CITY5,High Street,2025-05-29,13,false,27,6,1210.4,0.2222,true
ST07,CITY0,Mall,2025-05-30,14,false,19,1,414.57,0.0526,true
ST08,CITY1,High Street,2025-05-31,15,true,29,3,809.48,0.1034,true
ST09,CITY2,Mall,2025-06-01,16,true,36,1,1001.1,0.0278,true
ST10,CITY3,High Street,2025-06-02,17,false,24,6,2920.14,0.25,true
ST11,CITY4,Mall,2025-06-03,18,false,54,10,5940.73,0.1852,true
ST12,CITY5,High Street,2025-06-04,19,false,50,8,2085.76,0.16,true
ST01,CITY0,Mall,2025-06-04,21,false,39,7,4084.62,0.1795,true
ST02,CITY1,High Street,2025-06-05,10,false,23,6,4794.28,0.2609,true
ST03,CITY2,Mall,2025-06-06,11,false,23,6,2779.96,0.2609,true
ST04,CITY3,High Street,2025-05-27,12,false,29,8,3854.82,0.2759,true
ST05,CITY4,Mall,2025-05-28,13,false,35,4,4540.04,0.1143,true
ST06,CITY5,High Street,2025-05-29,14,false,20,2,1626.54,0.1,true
ST07,CITY0,Mall,2025-05-30,15,false,15,1,1250.46,0.0667,true
ST08,CITY1,High Street,2025-05-31,16,true,21,2,1351.42,0.0952,true
ST09,CITY2,Mall,2025-06-01,17,true,42,3,844.57,0.0714,true
ST10,CITY3,High Street,2025-06-02,18,false,67,16,6760.95,0.2388,true
ST11,CITY4,Mall,2025-06-03,19,false,50,9,4252.39,0.18,true
ST12,CITY5,High Street,2025-06-04,20,false,69,11,8170.41,0.1594,true
ST01,CITY0,Mall,2025-06-05,10,false,39,7,4562.18,0.1795,true
ST02,CITY1,High Street,2025-06-06,11,false,32,8,3734.3,0.25,true
ST03,CITY2,Mall,2025-05-27,12,false,34,9,2953.94,0.2647,true
ST04,CITY3,High Street,2025-05-28,13,false,27,7,2656.39,0.2593,true
ST05,CITY4,Mall,2025-05-29,14,false,22,1,265.26,0.0455,true
ST06,CITY5,High Street,2025-05-30,15,false,19,2,711.93,0.1053,true
ST07,CITY0,Mall,2025-05-31,16,true,23,2,802.15,0.087,true
ST08,CITY1,High Street,2025-06-01,17,true,36,8,4970.58,0.2222,true
ST09,CITY2,Mall,2025-06-02,18,false,46,4,1162.54,0.087,true
ST10,CITY3,High Street,2025-06-03,19,false,44,11,3837.02,0.25,true
ST11,CITY4,Mall,2025-06-04,20,false,60,11,7947.73,0.1833,true
ST12,CITY5,High Street,2025-06-05,21,false,27,4,1695.65,0.1481,true
ST01,CITY0,Mall,2025-06-05,11,false,32,6,3976.98,0.1875,true
ST02,CITY1,High Street,2025-06-06,12,false,35,9,4354.51,0.2571,true
ST03,CITY2,Mall,2025-05-27,13,false,35,9,3449.49,0.2571,true
ST04,CITY3,High Street,2025-05-28,14,false,19,2,1123.63,0.1053,true
ST05,CITY4,Mall,2025-05-29,15,false,20,1,505.7,0.05,true
ST06,CITY5,High Street,2025-05-30,16,false,23,2,632.31,0.087,true
ST07,CITY0,Mall,2025-05-31,17,true,53,8,3466.09,0.1509,true
ST08,CITY1,High Street,2025-06-01,18,true,105,23,13282.06,0.219,true
ST09,CITY2,Mall,2025-06-02,19,false,66,6,3345.54,0.0909,true
ST10,CITY3,High Street,2025-06-03,20,false,43,10,5663.48,0.2326,true
ST11,CITY4,Mall,2025-06-04,21,false,23,4,1811.88,0.1739,true
ST12,CITY5,High Street,2025-06-05,10,false,33,5,1155.02,0.1515,true
ST01,CITY0,Mall,2025-06-05,12,false,29,5,2214.42,0.1724,true
ST02,CITY1,High Street,2025-06-06,13,false,33,8,3795.7,0.2424,true
ST03,CITY2,Mall,2025-05-27,14,false,19,2,1676.42,0.1053,true
ST04,CITY3,High Street,2025-05-28,15,false,20,2,864.84,0.1,true
ST05,CITY4,Mall,2025-05-29,16,false,,1,755.24,,false
ST06,CITY5,High Street,2025-05-30,17,false,26,5,2754.13,0.1923,true
ST07,CITY0,Mall,2025-05-31,18,true,64,9,4378.49,0.1406,true
ST08,CITY1,High Street,2025-06-01,19,true,67,15,5791.56,0.2239,true
ST09,CITY2,Mall,2025-06-02,20,false,59,5,2950.89,0.0847,true
ST10,CITY3,High Street,2025-06-03,21,false,36,9,5235.72,0.25,true
ST11,CITY4,Mall,2025-06-04,10,false,35,6,3176.75,0.1714,true
ST12,CITY5,High Street,2025-06-05,11,false,26,4,1236.05,0.1538,true
ST01,CITY0,Mall,2025-06-05,13,false,34,6,3293.71,0.1765,true
ST02,CITY1,High Street,2025-06-06,14,false,17,2,2564.79,0.1176,true
ST03,CITY2,Mall,2025-05-27,15,false,17,2,1111.61,0.1176,true
ST04,CITY3,High Street,2025-05-28,16,false,23,3,1300.3,0.1304,true
ST05,CITY4,Mall,2025-05-29,17,false,,4,1738.52,,false
ST06,CITY5,High Street,2025-05-30,18,false,58,12,5587.5,0.2069,true
ST07,CITY0,Mall,2025-05-31,19,true,81,12,4046.39,0.1481,true
ST08,CITY1,High Street,2025-06-01,20,true,93,20,11416.08,0.2151,true
ST09,CITY2,Mall,2025-06-02,21,false,37,3,1082.48,0.0811,true
ST10,CITY3,High Street,2025-06-03,10,false,,10,6232.48,,false
ST11,CITY4,Mall,2025-06-04,11,false,38,7,5006.84,0.1842,true
ST12,CITY5,High Street,2025-06-05,12,false,27,4,2693.33,0.1481,true
ST01,CITY0,Mall,2025-06-05,14,false,19,2,422.71,0.1053,true
ST02,CITY1,High Street,2025-06-06,15,false,17,2,1406.16,0.1176,true
ST03,CITY2,Mall,2025-05-27,16,false,14,2,1000.3,0.1429,true
ST04,CITY3,High Street,2025-05-28,17,false,21,6,2292.01,0.2857,true
ST05,CITY4,Mall,2025-05-29,18,false,49,5,1661.51,0.102,true
ST06,CITY5,High Street,2025-05-30,19,false,57,12,5886.62,0.2105,true
ST07,CITY0,Mall,2025-05-31,20,true,74,11,4702.95,0.1486,true
ST08,CITY1,High Street,2025-06-01,21,true,39,8,4851.43,0.2051,true
ST09,CITY2,Mall,2025-06-02,10,false,24,2,415.01,0.0833,true
ST10,CITY3,High Street,2025-06-03,11,false,,6,5679.57,,false
ST11,CITY4,Mall,2025-06-04,12,false,36,6,2885.89,0.1667,true
ST12,CITY5,High Street,2025-06-05,13,false,35,5,2950.83,0.1429,true
ST01,CITY0,Mall,2025-06-05,15,false,16,1,125.84,0.0625,true
ST02,CITY1,High Street,2025-06-06,16,false,13,1,210.79,0.0769,true
ST03,CITY2,Mall,2025-05-27,17,false,28,8,5786.16,0.2857,true
ST04,CITY3,High Street,2025-05-28,18,false,57,16,8950.16,0.2807,true
ST05,CITY4,Mall,2025-05-29,19,false,41,5,2274.13,0.122,true
ST06,CITY5,High Street,2025-05-30,20,false,48,10,3766.96,0.2083,true
ST07,CITY0,Mall,2025-05-31,21,true,55,8,2828.71,0.1455,true
ST08,CITY1,High Street,2025-06-01,10,true,42,9,7116.96,0.2143,true
ST09,CITY2,Mall,2025-06-02,11,false,36,3,553.04,0.0833,true
ST10,CITY3,High Street,2025-06-03,12,false,37,9,6271.75,0.2432,true
ST11,CITY4,Mall,2025-06-04,13,false,30,5,1113.87,0.1667,true
ST12,CITY5,High Street,2025-06-05,14,false,14,1,286.6,0.0714,true
ST01,CITY0,Mall,2025-06-05,16,false,22,2,819.89,0.0909,true
ST02,CITY1,High Street,2025-06-06,17,false,24,6,4613.7,0.25,true
ST03,CITY2,Mall,2025-05-27,18,false,63,17,7322.25,0.2698,true
ST04,CITY3,High Street,2025-05-28,19,false,56,15,7200.94,0.2679,true
ST05,CITY4,Mall,2025-05-29,20,false,41,5,2838.05,0.122,true
ST06,CITY5,High Street,2025-05-30,21,false,37,8,3332.94,0.2162,true
ST07,CITY0,Mall,2025-05-31,10,true,57,8,3090.54,0.1404,true
ST08,CITY1,High Street,2025-06-01,11,true,51,11,4420.19,0.2157,true
ST09,CITY2,Mall,2025-06-02,12,false,25,2,1683.04,0.08,true
ST10,CITY3,High Street,2025-06-03,13,false,32,8,4612.84,0.25,true
ST11,CITY4,Mall,2025-06-04,14,false,16,1,1039.37,0.0625,true
ST12,CITY5,High Street,2025-06-05,15,false,17,1,1525.09,0.0588,true
ST01,CITY0,Mall,2025-06-05,17,false,35,6,2233.6,0.1714,true
ST02,CITY1,High Street,2025-06-06,18,false,40,10,4311.78,0.25,true
ST03,CITY2,Mall,2025-05-27,19,false,41,11,7926.77,0.2683,true
ST04,CITY3,High Street,2025-05-28,20,false,50,14,4999.84,0.28,true
ST05,CITY4,Mall,2025-05-29,21,false,21,2,1298.55,0.0952,true
ST06,CITY5,High Street,2025-05-30,10,false,26,5,1666.13,0.1923,true
ST07,CITY0,Mall,2025-05-31,11,true,48,7,3344.97,0.1458,true
ST08,CITY1,High Street,2025-06-01,12,true,49,11,6140.03,0.2245,true
ST09,CITY2,Mall,2025-06-02,13,false,24,2,432.01,0.0833,true
ST10,CITY3,High Street,2025-06-03,14,false,22,2,1536.69,0.0909,true
ST11,CITY4,Mall,2025-06-04,15,false,17,1,153.53,0.0588,true
ST12,CITY5,High Street,2025-06-05,16,false,21,1,315.06,0.0476,true
ST01,CITY0,Mall,2025-06-05,18,false,58,10,5221.23,0.1724,true
ST02,CITY1,High Street,2025-06-06,19,false,44,11,5527.04,0.25,true
ST03,CITY2,Mall,2025-05-27,20,false,56,15,7468.94,0.2679,true
ST04,CITY3,High Street,2025-05-28,21,false,22,6,4293.25,0.2727,true
ST05,CITY4,Mall,2025-05-29,10,false,35,4,4640.58,0.1143,true
ST06,CITY5,High Street,2025-05-30,11,false,22,5,3762.7,0.2273,true
ST07,CITY0,Mall,2025-05-31,12,true,39,6,3723.78,0.1538,true
ST08,CITY1,High Street,2025-06-01,13,true,58,13,6135.85,0.2241,true
ST09,CITY2,Mall,2025-06-02,14,false,19,1,540.57,0.0526,true
ST10,CITY3,High Street,2025-06-03,15,false,22,2,700.84,0.0909,true
ST11,CITY4,Mall,2025-06-04,16,false,14,1,300.81,0.0714,true
ST12,CITY5,High Street,2025-06-05,17,false,26,4,2435.65,0.1538,true
ST01,CITY0,Mall,2025-06-05,19,false,68,12,7266.71,0.1765,true
ST02,CITY1,High Street,2025-06-06,20,false,61,15,7075.71,0.2459,true
ST03,CITY2,Mall,2025-05-27,21,false,32,9,4050.16,0.2813,true
ST04,CITY3,High Street,2025-05-28,10,false,34,9,3683.72,0.2647,true
ST05,CITY4,Mall,2025-05-29,11,false,35,4,3639.04,0.1143,true
ST06,CITY5,High Street,2025-05-30,12,false,29,6,2269.21,0.2069,true
ST07,CITY0,Mall,2025-05-31,13,true,49,7,4026.19,0.1429,true
ST08,CITY1,High Street,2025-06-01,14,true,27,3,781.15,0.1111,true
ST09,CITY2,Mall,2025-06-02,15,false,20,1,254.2,0.05,true
ST10,CITY3,High Street,2025-06-03,16,false,20,2,1742.96,0.1,true
ST11,CITY4,Mall,2025-06-04,17,false,38,7,5632.42,0.1842,true
ST12,CITY5,High Street,2025-06-05,18,false,52,8,2585.11,0.1538,true
ST01,CITY0,Mall,2025-06-05,20,false,45,8,3016.25,0.1778,true
ST02,CITY1,High Street,2025-06-06,21,false,25,6,2871.71,0.24,true
ST03,CITY2,Mall,2025-05-27,10,false,31,8,4564.77,0.2581,true
ST04,CITY3,High Street,2025-05-28,11,false,36,10,4426.14,0.2778,true
ST05,CITY4,Mall,2025-05-29,12,false,23,3,1377.0,0.1304,true
ST06,CITY5,High Street,2025-05-30,13,false,22,5,3141.76,0.2273,true
ST07,CITY0,Mall,2025-05-31,14,true,35,2,397.39,0.0571,true
ST08,CITY1,High Street,2025-06-01,15,true,29,3,1589.81,0.1034,true
ST09,CITY2,Mall,2025-06-02,16,false,15,1,384.57,0.0667,true
ST10,CITY3,High Street,2025-06-03,17,false,32,8,4459.12,0.25,true
ST11,CITY4,Mall,2025-06-04,18,false,41,7,4988.04,0.1707,true
ST12,CITY5,High Street,2025-06-05,19,false,49,7,2790.53,0.1429,true
ST01,CITY0,Mall,2025-06-05,21,false,24,4,2333.48,0.1667,true
ST02,CITY1,High Street,2025-06-06,10,false,38,9,5231.47,0.2368,true
ST03,CITY2,Mall,2025-05-27,11,false,25,7,3645.44,0.28,true
ST04,CITY3,High Street,2025-05-28,12,false,38,10,6298.95,0.2632,true
ST05,CITY4,Mall,2025-05-29,13,false,24,3,2096.78,0.125,true
ST06,CITY5,High Street,2025-05-30,14,false,20,2,2422.67,0.1,true
ST07,CITY0,Mall,2025-05-31,15,true,32,2,912.69,0.0625,true
ST08,CITY1,High Street,2025-06-01,16,true,32,3,2393.79,0.0938,true
ST09,CITY2,Mall,2025-06-02,17,false,36,3,1219.37,0.0833,true
ST10,CITY3,High Street,2025-06-03,18,false,55,13,6067.75,0.2364,true
ST11,CITY4,Mall,2025-06-04,19,false,62,11,5534.87,0.1774,true
ST12,CITY5,High Street,2025-06-05,20,false,60,9,5612.8,0.15,true
ST01,CITY0,Mall,2025-06-06,10,false,33,6,1988.33,0.1818,true
ST02,CITY1,High Street,2025-05-27,11,false,27,7,6982.46,0.2593,true
ST03,CITY2,Mall,2025-05-28,12,false,31,8,4112.72,0.2581,true
ST04,CITY3,High Street,2025-05-29,13,false,22,6,3541.75,0.2727,true
ST05,CITY4,Mall,2025-05-30,14,false,22,1,370.31,0.0455,true
ST06,CITY5,High Street,2025-05-31,15,true,29,2,361.92,0.069,true
ST07,CITY0,Mall,2025-06-01,16,true,25,2,963.66,0.08,true
ST08,CITY1,High Street,2025-06-02,17,false,23,6,2691.46,0.2609,true
ST09,CITY2,Mall,2025-06-03,18,false,54,5,3006.63,0.0926,true
ST10,CITY3,High Street,2025-06-04,19,false,70,17,8264.45,0.2429,true
ST11,CITY4,Mall,2025-06-05,20,false,44,8,5081.9,0.1818,true
ST12,CITY5,High Street,2025-06-06,21,false,37,6,2677.69,0.1622,true
ST01,CITY0,Mall,2025-06-06,11,false,35,6,2855.27,0.1714,true
ST02,CITY1,High Street,2025-05-27,12,false,31,8,4814.2,0.2581,true
ST03,CITY2,Mall,2025-05-28,13,false,31,8,3131.47,0.2581,true
ST04,CITY3,High Street,2025-05-29,14,false,13,2,1190.29,0.1538,true
ST05,CITY4,Mall,2025-05-30,15,false,23,1,188.39,0.0435,true
ST06,CITY5,High Street,2025-05-31,16,true,35,3,1079.69,0.0857,true
ST07,CITY0,Mall,2025-06-01,17,true,49,7,4345.26,0.1429,true
ST08,CITY1,High Street,2025-06-02,18,false,46,12,6168.14,0.2609,true
ST09,CITY2,Mall,2025-06-03,19,false,52,5,2517.53,0.0962,true
ST10,CITY3,High Street,2025-06-04,20,false,38,9,3352.34,0.2368,true
ST11,CITY4,Mall,2025-06-05,21,false,24,4,2934.58,0.1667,true
ST12,CITY5,High Street,2025-06-06,10,false,35,5,1924.67,0.1429,true
ST01,CITY0,Mall,2025-06-06,12,false,28,5,3108.98,0.1786,true
ST02,CITY1,High Street,2025-05-27,13,false,35,9,4504.27,0.2571,true
ST03,CITY2,Mall,2025-05-28,14,false,18,2,296.61,0.1111,true
ST04,CITY3,High Street,2025-05-29,15,false,15,2,1366.47,0.1333,true
ST05,CITY4,Mall,2025-05-30,16,false,15,1,964.44,0.0667,true
ST06,CITY5,High Street,2025-05-31,17,true,46,8,3879.45,0.1739,true
ST07,CITY0,Mall,2025-06-01,18,true,75,11,6156.76,0.1467,true
ST08,CITY1,High Street,2025-06-02,19,false,52,13,6787.65,0.25,true
ST09,CITY2,Mall,2025-06-03,20,false,58,5,2724.22,0.0862,true
ST10,CITY3,High Street,2025-06-04,21,false,35,9,3991.36,0.2571,true
ST11,CITY4,Mall,2025-06-05,10,false,33,6,4863.14,0.1818,true
ST12,CITY5,High Street,2025-06-06,11,false,32,5,2214.48,0.1563,true
ST01,CITY0,Mall,2025-06-06,13,false,23,4,1383.35,0.1739,true
ST02,CITY1,High Street,2025-05-27,14,false,15,2,267.52,0.1333,true
ST03,CITY2,Mall,2025-05-28,15,false,14,2,2060.43,0.1429,true
ST04,CITY3,High Street,2025-05-29,16,false,,3,1593.91,,false
ST05,CITY4,Mall,2025-05-30,17,false,21,2,847.4,0.0952,true
ST06,CITY5,High Street,2025-05-31,18,true,89,16,7104.08,0.1798,true
ST07,CITY0,Mall,2025-06-01,19,true,91,13,5539.41,0.1429,true
ST08,CITY1,High Street,2025-06-02,20,false,62,16,8299.83,0.2581,true
ST09,CITY2,Mall,2025-06-03,21,false,39,4,1416.94,0.1026,true
ST10,CITY3,High Street,2025-06-04,10,false,36,9,4273.55,0.25,true
ST11,CITY4,Mall,2025-06-05,11,false,33,6,2473.61,0.1818,true
ST12,CITY5,High Street,2025-06-06,12,false,37,6,1932.39,0.1622,true
ST01,CITY0,Mall,2025-06-06,14,false,22,2,667.39,0.0909,true
ST02,CITY1,High Street,2025-05-27,15,false,16,2,1803.59,0.125,true
ST03,CITY2,Mall,2025-05-28,16,false,19,2,1771.35,0.1053,true
ST04,CITY3,High Street,2025-05-29,17,false,,7,2736.67,,false
ST05,CITY4,Mall,2025-05-30,18,false,51,6,4441.06,0.1176,true
ST06,CITY5,High Street,2025-05-31,19,true,94,17,6275.44,0.1809,true
ST07,CITY0,Mall,2025-06-01,20,true,93,14,9975.28,0.1505,true
ST08,CITY1,High Street,2025-06-02,21,false,24,6,2592.87,0.25,true
ST09,CITY2,Mall,2025-06-03,10,false,,2,1061.85,,false
ST10,CITY3,High Street,2025-06-04,11,false,39,10,5166.67,0.2564,true
ST11,CITY4,Mall,2025-06-05,12,false,28,5,4045.16,0.1786,true
ST12,CITY5,High Street,2025-06-06,13,false,38,6,4327.63,0.1579,true
ST01,CITY0,Mall,2025-06-06,15,false,13,1,1233.99,0.0769,true
ST02,CITY1,High Street,2025-05-27,16,false,14,2,769.3,0.1429,true
ST03,CITY2,Mall,2025-05-28,17,false,23,6,1707.3,0.2609,true
ST04,CITY3,High Street,2025-05-29,18,false,57,16,10994.24,0.2807,true
ST05,CITY4,Mall,2025-05-30,19,false,42,5,2244.05,0.119,true
ST06,CITY5,High Street,2025-05-31,20,true,104,18,10661.2,0.1731,true
ST07,CITY0,Mall,2025-06-01,21,true,48,7,5690.52,0.1458,true
ST08,CITY1,High Street,2025-06-02,10,false,38,10,4053.42,0.2632,true
ST09,CITY2,Mall,2025-06-03,11,false,,2,1134.8,,false
ST10,CITY3,High Street,2025-06-04,12,false,33,8,5319.47,0.2424,true
ST11,CITY4,Mall,2025-06-05,13,false,32,6,2286.58,0.1875,true
ST12,CITY5,High Street,2025-06-06,14,false,13,1,351.29,0.0769,true
ST01,CITY0,Mall,2025-06-06,16,false,13,1,1020.03,0.0769,true
ST02,CITY1,High Street,2025-05-27,17,false,37,9,5656.39,0.2432,true
ST03,CITY2,Mall,2025-05-28,18,false,39,11,5596.99,0.2821,true
ST04,CITY3,High Street,2025-05-29,19,false,68,19,7810.3,0.2794,true
ST05,CITY4,Mall,2025-05-30,20,false,50,6,1505.37,0.12,true
ST06,CITY5,High Street,2025-05-31,21,true,60,11,7543.29,0.1833,true
ST07,CITY0,Mall,2025-06-01,10,true,36,5,2948.43,0.1389,true
ST08,CITY1,High Street,2025-06-02,11,false,26,7,3618.17,0.2692,true
ST09,CITY2,Mall,2025-06-03,12,false,32,3,1171.45,0.0938,true
ST10,CITY3,High Street,2025-06-04,13,false,25,6,2490.73,0.24,true
ST11,CITY4,Mall,2025-06-05,14,false,23,2,546.5,0.087,true
ST12,CITY5,High Street,2025-06-06,15,false,19,1,393.01,0.0526,true
ST01,CITY0,Mall,2025-06-06,17,false,32,6,5259.83,0.1875,true
ST02,CITY1,High Street,2025-05-27,18,false,44,11,11404.41,0.25,true
ST03,CITY2,Mall,2025-05-28,19,false,43,12,5640.25,0.2791,true
ST04,CITY3,High Street,2025-05-29,20,false,46,13,6546.8,0.2826,true
ST05,CITY4,Mall,2025-05-30,21,false,28,3,1013.2,0.1071,true
ST06,CITY5,High Street,2025-05-31,10,true,53,9,4543.76,0.1698,true
ST07,CITY0,Mall,2025-06-01,11,true,61,9,3172.28,0.1475,true
ST08,CITY1,High Street,2025-06-02,12,false,26,7,3562.14,0.2692,true
ST09,CITY2,Mall,2025-06-03,13,false,28,3,2434.24,0.1071,true
ST10,CITY3,High Street,2025-06-04,14,false,13,1,1097.75,0.0769,true
ST11,CITY4,Mall,2025-06-05,15,false,22,2,1168.3,0.0909,true
ST12,CITY5,High Street,2025-06-06,16,false,18,1,101.99,0.0556,true
ST01,CITY0,Mall,2025-06-06,18,false,48,8,1946.18,0.1667,true
ST02,CITY1,High Street,2025-05-27,19,false,39,10,6136.39,0.2564,true
ST03,CITY2,Mall,2025-05-28,20,false,65,18,10675.49,0.2769,true
ST04,CITY3,High Street,2025-05-29,21,false,22,6,2421.71,0.2727,true
ST05,CITY4,Mall,2025-05-30,10,false,25,3,1073.5,0.12,true
ST06,CITY5,High Street,2025-05-31,11,true,58,10,6284.25,0.1724,true
ST07,CITY0,Mall,2025-06-01,12,true,54,8,3898.28,0.1481,true
ST08,CITY1,High Street,2025-06-02,13,false,31,8,4843.67,0.2581,true
ST09,CITY2,Mall,2025-06-03,14,false,17,1,207.69,0.0588,true
ST10,CITY3,High Street,2025-06-04,15,false,16,2,551.11,0.125,true
ST11,CITY4,Mall,2025-06-05,16,false,16,1,195.91,0.0625,true
ST12,CITY5,High Street,2025-06-06,17,false,34,5,2240.22,0.1471,true
ST01,CITY0,Mall,2025-06-06,19,false,70,12,4061.34,0.1714,true
ST02,CITY1,High Street,2025-05-27,20,false,40,10,4771.95,0.25,true
ST03,CITY2,Mall,2025-05-28,21,false,25,7,4737.07,0.28,true
ST04,CITY3,High Street,2025-05-29,10,false,27,7,3106.18,0.2593,true
ST05,CITY4,Mall,2025-05-30,11,false,31,3,809.48,0.0968,true
ST06,CITY5,High Street,2025-05-31,12,true,41,7,3818.2,0.1707,true
ST07,CITY0,Mall,2025-06-01,13,true,47,7,3174.81,0.1489,true
ST08,CITY1,High Street,2025-06-02,14,false,17,2,850.44,0.1176,true
ST09,CITY2,Mall,2025-06-03,15,false,18,1,176.23,0.0556,true
ST10,CITY3,High Street,2025-06-04,16,false,20,2,1244.22,0.1,true
ST11,CITY4,Mall,2025-06-05,17,false,38,7,3070.37,0.1842,true
ST12,CITY5,High Street,2025-06-06,18,false,49,7,4262.29,0.1429,true
ST01,CITY0,Mall,2025-06-06,20,false,47,8,4378.27,0.1702,true
ST02,CITY1,High Street,2025-05-27,21,false,36,9,5502.98,0.25,true
ST03,CITY2,Mall,2025-05-28,10,false,39,11,4712.45,0.2821,true
ST04,CITY3,High Street,2025-05-29,11,false,35,10,5544.49,0.2857,true
ST05,CITY4,Mall,2025-05-30,12,false,34,4,2430.88,0.1176,true
ST06,CITY5,High Street,2025-05-31,13,true,43,8,4666.96,0.186,true
ST07,CITY0,Mall,2025-06-01,14,true,25,2,530.73,0.08,true
ST08,CITY1,High Street,2025-06-02,15,false,23,3,939.82,0.1304,true
ST09,CITY2,Mall,2025-06-03,16,false,13,1,562.46,0.0769,true
ST10,CITY3,High Street,2025-06-04,17,false,30,7,3270.23,0.2333,true
ST11,CITY4,Mall,2025-06-05,18,false,64,11,5754.21,0.1719,true
ST12,CITY5,High Street,2025-06-06,19,false,53,8,5574.41,0.1509,true
ST01,CITY0,Mall,2025-06-06,21,false,27,5,2403.56,0.1852,true
ST02,CITY1,High Street,2025-05-27,10,false,33,8,6346.75,0.2424,true
ST03,CITY2,Mall,2025-05-28,11,false,33,9,4531.79,0.2727,true
ST04,CITY3,High Street,2025-05-29,12,false,38,10,5475.04,0.2632,true
ST05,CITY4,Mall,2025-05-30,13,false,39,4,2414.26,0.1026,true
ST06,CITY5,High Street,2025-05-31,14,true,27,2,617.39,0.0741,true
ST07,CITY0,Mall,2025-06-01,15,true,36,2,1779.82,0.0556,true
ST08,CITY1,High Street,2025-06-02,16,false,20,2,618.93,0.1,true
ST09,CITY2,Mall,2025-06-03,17,false,38,3,3497.07,0.0789,true
ST10,CITY3,High Street,2025-06-04,18,false,43,10,3682.65,0.2326,true
ST11,CITY4,Mall,2025-06-05,19,false,62,11,5743.05,0.1774,true
ST12,CITY5,High Street,2025-06-06,20,false,39,6,1799.41,0.1538,true
ST01,CITY0,Mall,2025-06-07,10,true,48,7,4014.03,0.1458,true
ST02,CITY1,High Street,2025-06-08,11,true,44,9,2714.14,0.2045,true
ST03,CITY2,Mall,2025-06-09,12,false,34,9,4716.25,0.2647,true
ST04,CITY3,High Street,2025-06-10,13,false,23,6,3106.67,0.2609,true
ST05,CITY4,Mall,2025-06-11,14,false,22,1,153.75,0.0455,true
ST06,CITY5,High Street,2025-06-12,15,false,20,2,927.17,0.1,true
ST07,CITY0,Mall,2025-06-13,16,false,18,1,382.05,0.0556,true
ST08,CITY1,High Street,2025-06-14,17,true,49,11,4192.43,0.2245,true
ST09,CITY2,Mall,2025-06-15,18,true,85,7,3944.41,0.0824,true
ST10,CITY3,High Street,2025-06-16,19,false,39,10,8871.12,0.2564,true
ST11,CITY4,Mall,2025-06-17,20,false,68,12,6374.79,0.1765,true
ST12,CITY5,High Street,2025-06-07,21,true,46,6,3722.65,0.1304,true
ST01,CITY0,Mall,2025-06-07,11,true,59,9,4012.55,0.1525,true
ST02,CITY1,High Street,2025-06-08,12,true,62,13,6350.51,0.2097,true
ST03,CITY2,Mall,2025-06-09,13,false,29,8,3952.12,0.2759,true
ST04,CITY3,High Street,2025-06-10,14,false,13,2,5071.05,0.1538,true
ST05,CITY4,Mall,2025-06-11,15,false,20,1,425.19,0.05,true
ST06,CITY5,High Street,2025-06-12,16,false,15,1,507.17,0.0667,true
ST07,CITY0,Mall,2025-06-13,17,false,24,4,1698.32,0.1667,true
ST08,CITY1,High Street,2025-06-14,18,true,91,20,9420.82,0.2198,true
ST09,CITY2,Mall,2025-06-15,19,true,111,9,3635.36,0.0811,true
ST10,CITY3,High Street,2025-06-16,20,false,56,14,5541.06,0.25,true
ST11,CITY4,Mall,2025-06-17,21,false,32,6,2638.11,0.1875,true
ST12,CITY5,High Street,2025-06-07,10,true,35,5,1843.88,0.1429,true
ST01,CITY0,Mall,2025-06-07,12,true,41,6,1953.42,0.1463,true
ST02,CITY1,High Street,2025-06-08,13,true,58,12,7388.36,0.2069,true
ST03,CITY2,Mall,2025-06-09,14,false,13,2,720.78,0.1538,true
ST04,CITY3,High Street,2025-06-10,15,false,17,2,1729.56,0.1176,true
ST05,CITY4,Mall,2025-06-11,16,false,18,1,551.08,0.0556,true
ST06,CITY5,High Street,2025-06-12,17,false,36,7,2371.06,0.1944,true
ST07,CITY0,Mall,2025-06-13,18,false,46,8,5408.61,0.1739,true
ST08,CITY1,High Street,2025-06-14,19,true,101,22,8911.27,0.2178,true
ST09,CITY2,Mall,2025-06-15,20,true,110,9,5224.29,0.0818,true
ST10,CITY3,High Street,2025-06-16,21,false,33,8,5374.26,0.2424,true
ST11,CITY4,Mall,2025-06-17,10,false,34,6,3959.7,0.1765,true
ST12,CITY5,High Street,2025-06-07,11,true,54,7,2707.01,0.1296,true
ST01,CITY0,Mall,2025-06-07,13,true,61,9,7332.99,0.1475,true
ST02,CITY1,High Street,2025-06-08,14,true,24,2,403.92,0.0833,true
ST03,CITY2,Mall,2025-06-09,15,false,16,2,1650.62,0.125,true
ST04,CITY3,High Street,2025-06-10,16,false,15,2,425.31,0.1333,true
ST05,CITY4,Mall,2025-06-11,17,false,27,3,1503.09,0.1111,true
ST06,CITY5,High Street,2025-06-12,18,false,39,8,5134.95,0.2051,true
ST07,CITY0,Mall,2025-06-13,19,false,59,10,5079.55,0.1695,true
ST08,CITY1,High Street,2025-06-14,20,true,100,22,11715.63,0.22,true
ST09,CITY2,Mall,2025-06-15,21,true,58,5,2188.8,0.0862,true
ST10,CITY3,High Street,2025-06-16,10,false,22,5,3732.8,0.2273,true
ST11,CITY4,Mall,2025-06-17,11,false,30,5,3333.02,0.1667,true
ST12,CITY5,High Street,2025-06-07,12,true,49,6,3598.73,0.1224,true
ST01,CITY0,Mall,2025-06-07,14,true,21,1,346.2,0.0476,true
ST02,CITY1,High Street,2025-06-08,15,true,23,2,826.53,0.087,true
ST03,CITY2,Mall,2025-06-09,16,false,19,2,1345.51,0.1053,true
ST04,CITY3,High Street,2025-06-10,17,false,30,8,2907.25,0.2667,true
ST05,CITY4,Mall,2025-06-11,18,false,56,6,3054.12,0.1071,true
ST06,CITY5,High Street,2025-06-12,19,false,68,14,7457.43,0.2059,true
ST07,CITY0,Mall,2025-06-13,20,false,46,8,4066.92,0.1739,true
ST08,CITY1,High Street,2025-06-14,21,true,54,12,4014.93,0.2222,true
ST09,CITY2,Mall,2025-06-15,10,true,61,5,2378.09,0.082,true
ST10,CITY3,High Street,2025-06-16,11,false,36,9,5058.39,0.25,true
ST11,CITY4,Mall,2025-06-17,12,false,23,4,1850.94,0.1739,true
ST12,CITY5,High Street,2025-06-07,13,true,37,5,1618.26,0.1351,true
ST01,CITY0,Mall,2025-06-07,15,true,25,2,1948.07,0.08,true
ST02,CITY1,High Street,2025-06-08,16,true,31,3,765.62,0.0968,true
ST03,CITY2,Mall,2025-06-09,17,false,29,8,3393.68,0.2759,true
ST04,CITY3,High Street,2025-06-10,18,false,40,11,8749.32,0.275,true
ST05,CITY4,Mall,2025-06-11,19,false,38,4,500.72,0.1053,true
ST06,CITY5,High Street,2025-06-12,20,false,51,11,4921.36,0.2157,true
ST07,CITY0,Mall,2025-06-13,21,false,22,4,1592.46,0.1818,true
ST08,CITY1,High Street,2025-06-14,10,true,53,11,5389.0,0.2075,true
ST09,CITY2,Mall,2025-06-15,11,true,53,4,5117.91,0.0755,true
ST10,CITY3,High Street,2025-06-16,12,false,37,9,7052.6,0.2432,true
ST11,CITY4,Mall,2025-06-17,13,false,26,5,1933.45,0.1923,true
ST12,CITY5,High Street,2025-06-07,14,true,24,1,271.36,0.0417,true
ST01,CITY0,Mall,2025-06-07,16,true,,2,182.26,,false
ST02,CITY1,High Street,2025-06-08,17,true,43,9,4812.42,0.2093,true
ST03,CITY2,Mall,2025-06-09,18,false,45,12,6251.66,0.2667,true
ST04,CITY3,High Street,2025-06-10,19,false,61,17,8304.77,0.2787,true
ST05,CITY4,Mall,2025-06-11,20,false,54,6,2014.82,0.1111,true
ST06,CITY5,High Street,2025-06-12,21,false,29,6,3576.71,0.2069,true
ST07,CITY0,Mall,2025-06-13,10,false,26,4,2987.42,0.1538,true
ST08,CITY1,High Street,2025-06-14,11,true,42,9,5658.92,0.2143,true
ST09,CITY2,Mall,2025-06-15,12,true,52,4,2766.48,0.0769,true
ST10,CITY3,High Street,2025-06-16,13,false,37,9,3839.29,0.2432,true
ST11,CITY4,Mall,2025-06-17,14,false,17,1,1336.37,0.0588,true
ST12,CITY5,High Street,2025-06-07,15,true,33,2,1282.63,0.0606,true
ST01,CITY0,Mall,2025-06-07,17,true,,6,2949.02,,false
ST02,CITY1,High Street,2025-06-08,18,true,86,18,6617.04,0.2093,true
ST03,CITY2,Mall,2025-06-09,19,false,60,16,10048.82,0.2667,true
ST04,CITY3,High Street,2025-06-10,20,false,68,19,10567.93,0.2794,true
ST05,CITY4,Mall,2025-06-11,21,false,27,3,1679.72,0.1111,true
ST06,CITY5,High Street,2025-06-12,10,false,,8,3974.07,,false
ST07,CITY0,Mall,2025-06-13,11,false,24,4,744.0,0.1667,true
ST08,CITY1,High Street,2025-06-14,12,true,42,9,5954.88,0.2143,true
ST09,CITY2,Mall,2025-06-15,13,true,58,5,2446.53,0.0862,true
ST10,CITY3,High Street,2025-06-16,14,false,14,2,522.04,0.1429,true
ST11,CITY4,Mall,2025-06-17,15,false,18,1,488.99,0.0556,true
ST12,CITY5,High Street,2025-06-07,16,true,,2,450.31,,false
ST01,CITY0,Mall,2025-06-07,18,true,91,14,5341.81,0.1538,true
ST02,CITY1,High Street,2025-06-08,19,true,111,23,9184.68,0.2072,true
ST03,CITY2,Mall,2025-06-09,20,false,40,11,5489.9,0.275,true
ST04,CITY3,High Street,2025-06-10,21,false,27,7,3965.15,0.2593,true
ST05,CITY4,Mall,2025-06-11,10,false,35,4,2615.17,0.1143,true
ST06,CITY5,High Street,2025-06-12,11,false,,5,1827.72,,false
ST07,CITY0,Mall,2025-06-13,12,false,38,7,2937.46,0.1842,true
ST08,CITY1,High Street,2025-06-14,13,true,46,10,5512.42,0.2174,true
ST09,CITY2,Mall,2025-06-15,14,true,33,1,753.42,0.0303,true
ST10,CITY3,High Street,2025-06-16,15,false,21,2,3318.95,0.0952,true
ST11,CITY4,Mall,2025-06-17,16,false,19,2,1574.85,0.1053,true
ST12,CITY5,High Street,2025-06-07,17,true,,4,4189.36,,false
ST01,CITY0,Mall,2025-06-07,19,true,100,15,9057.57,0.15,true
ST02,CITY1,High Street,2025-06-08,20,true,104,22,8963.13,0.2115,true
ST03,CITY2,Mall,2025-06-09,21,false,28,8,4708.13,0.2857,true
ST04,CITY3,High Street,2025-06-10,10,false,22,6,1873.96,0.2727,true
ST05,CITY4,Mall,2025-06-11,11,false,31,3,1136.51,0.0968,true
ST06,CITY5,High Street,2025-06-12,12,false,,6,3635.29,,false
ST07,CITY0,Mall,2025-06-13,13,false,23,4,3692.98,0.1739,true
ST08,CITY1,High Street,2025-06-14,14,true,28,3,1309.72,0.1071,true
ST09,CITY2,Mall,2025-06-15,15,true,36,1,218.33,0.0278,true
ST10,CITY3,High Street,2025-06-16,16,false,,1,539.94,,false
ST11,CITY4,Mall,2025-06-17,17,false,34,6,3331.33,0.1765,true
ST12,CITY5,High Street,2025-06-07,18,true,101,13,5016.75,0.1287,true
ST01,CITY0,Mall,2025-06-07,20,true,66,10,4864.01,0.1515,true
ST02,CITY1,High Street,2025-06-08,21,true,34,7,3040.22,0.2059,true
ST03,CITY2,Mall,2025-06-09,10,false,28,8,5090.92,0.2857,true
ST04,CITY3,High Street,2025-06-10,11,false,29,8,4388.25,0.2759,true
ST05,CITY4,Mall,2025-06-11,12,false,39,4,1968.97,0.1026,true
ST06,CITY5,High Street,2025-06-12,13,false,26,5,2462.72,0.1923,true
ST07,CITY0,Mall,2025-06-13,14,false,19,1,451.67,0.0526,true
ST08,CITY1,High Street,2025-06-14,15,true,30,3,1023.22,0.1,true
ST09,CITY2,Mall,2025-06-15,16,true,26,1,274.18,0.0385,true
ST10,CITY3,High Street,2025-06-16,17,false,,6,5190.71,,false
ST11,CITY4,Mall,2025-06-17,18,false,58,10,4397.64,0.1724,true
ST12,CITY5,High Street,2025-06-07,19,true,86,11,7390.71,0.1279,true
ST01,CITY0,Mall,2025-06-07,21,true,60,9,5813.19,0.15,true
ST02,CITY1,High Street,2025-06-08,10,true,36,8,2946.58,0.2222,true
ST03,CITY2,Mall,2025-06-09,11,false,36,10,5043.78,0.2778,true
ST04,CITY3,High Street,2025-06-10,12,false,31,9,3638.07,0.2903,true
ST05,CITY4,Mall,2025-06-11,13,false,32,4,3867.52,0.125,true
ST06,CITY5,High Street,2025-06-12,14,false,14,1,261.74,0.0714,true
ST07,CITY0,Mall,2025-06-13,15,false,15,1,458.53,0.0667,true
ST08,CITY1,High Street,2025-06-14,16,true,28,3,1621.73,0.1071,true
ST09,CITY2,Mall,2025-06-15,17,true,36,3,1548.82,0.0833,true
ST10,CITY3,High Street,2025-06-16,18,false,39,10,4389.86,0.2564,true
ST11,CITY4,Mall,2025-06-17,19,false,67,12,6283.82,0.1791,true
ST12,CITY5,High Street,2025-06-07,20,true,90,12,7919.74,0.1333,true
ST01,CITY0,Mall,2025-06-08,10,true,39,6,2951.24,0.1538,true
ST02,CITY1,High Street,2025-06-09,11,false,33,8,9868.02,0.2424,true
ST03,CITY2,Mall,2025-06-10,12,false,22,6,6355.16,0.2727,true
ST04,CITY3,High Street,2025-06-11,13,false,36,10,5882.12,0.2778,true
ST05,CITY4,Mall,2025-06-12,14,false,13,1,742.03,0.0769,true
ST06,CITY5,High Street,2025-06-13,15,false,20,2,973.42,0.1,true
ST07,CITY0,Mall,2025-06-14,16,true,28,2,1234.58,0.0714,true
ST08,CITY1,High Street,2025-06-15,17,true,41,9,3743.06,0.2195,true
ST09,CITY2,Mall,2025-06-16,18,false,60,6,3424.42,0.1,true
ST10,CITY3,High Street,2025-06-17,19,false,65,16,8713.68,0.2462,true
ST11,CITY4,Mall,2025-06-07,20,true,89,13,10344.83,0.1461,true
ST12,CITY5,High Street,2025-06-08,21,true,35,5,2238.51,0.1429,true
ST01,CITY0,Mall,2025-06-08,11,true,34,5,1769.72,0.1471,true
ST02,CITY1,High Street,2025-06-09,12,false,21,5,2123.22,0.2381,true
ST03,CITY2,Mall,2025-06-10,13,false,24,7,3571.61,0.2917,true
ST04,CITY3,High Street,2025-06-11,14,false,18,2,2159.39,0.1111,true
ST05,CITY4,Mall,2025-06-12,15,false,21,1,254.65,0.0476,true
ST06,CITY5,High Street,2025-06-13,16,false,20,2,778.1,0.1,true
ST07,CITY0,Mall,2025-06-14,17,true,52,8,2978.24,0.1538,true
ST08,CITY1,High Street,2025-06-15,18,true,112,24,9359.37,0.2143,true
ST09,CITY2,Mall,2025-06-16,19,false,52,5,2070.7,0.0962,true
ST10,CITY3,High Street,2025-06-17,20,false,41,10,6252.44,0.2439,true
ST11,CITY4,Mall,2025-06-07,21,true,44,7,5497.72,0.1591,true
ST12,CITY5,High Street,2025-06-08,10,true,41,5,2365.93,0.122,true
ST01,CITY0,Mall,2025-06-08,12,true,59,9,5539.56,0.1525,true
ST02,CITY1,High Street,2025-06-09,13,false,36,9,6446.81,0.25,true
ST03,CITY2,Mall,2025-06-10,14,false,22,3,2117.07,0.1364,true
ST04,CITY3,High Street,2025-06-11,15,false,15,2,1314.0,0.1333,true
ST05,CITY4,Mall,2025-06-12,16,false,20,1,96.6,0.05,true
ST06,CITY5,High Street,2025-06-13,17,false,30,6,2674.47,0.2,true
ST07,CITY0,Mall,2025-06-14,18,true,98,14,9929.16,0.1429,true
ST08,CITY1,High Street,2025-06-15,19,true,87,19,12035.72,0.2184,true
ST09,CITY2,Mall,2025-06-16,20,false,54,5,3029.82,0.0926,true
ST10,CITY3,High Street,2025-06-17,21,false,34,8,3074.22,0.2353,true
ST11,CITY4,Mall,2025-06-07,10,true,57,9,3931.91,0.1579,true
ST12,CITY5,High Street,2025-06-08,11,true,55,7,3537.44,0.1273,true
ST01,CITY0,Mall,2025-06-08,13,true,52,8,4574.66,0.1538,true
ST02,CITY1,High Street,2025-06-09,14,false,17,2,755.54,0.1176,true
ST03,CITY2,Mall,2025-06-10,15,false,22,3,1479.18,0.1364,true
ST04,CITY3,High Street,2025-06-11,16,false,23,3,2727.81,0.1304,true
ST05,CITY4,Mall,2025-06-12,17,false,38,4,1924.5,0.1053,true
ST06,CITY5,High Street,2025-06-13,18,false,45,9,3967.99,0.2,true
ST07,CITY0,Mall,2025-06-14,19,true,103,15,8544.44,0.1456,true
ST08,CITY1,High Street,2025-06-15,20,true,73,16,9902.68,0.2192,true
ST09,CITY2,Mall,2025-06-16,21,false,30,3,1009.03,0.1,true
ST10,CITY3,High Street,2025-06-17,10,false,28,7,2576.48,0.25,true
ST11,CITY4,Mall,2025-06-07,11,true,52,8,4927.2,0.1538,true
ST12,CITY5,High Street,2025-06-08,12,true,46,6,2685.79,0.1304,true
ST01,CITY0,Mall,2025-06-08,14,true,25,2,746.12,0.08,true
ST02,CITY1,High Street,2025-06-09,15,false,22,2,1749.73,0.0909,true
ST03,CITY2,Mall,2025-06-10,16,false,21,3,1462.8,0.1429,true
ST04,CITY3,High Street,2025-06-11,17,false,28,8,3241.82,0.2857,true
ST05,CITY4,Mall,2025-06-12,18,false,68,8,6812.86,0.1176,true
ST06,CITY5,High Street,2025-06-13,19,false,51,11,4694.0,0.2157,true
ST07,CITY0,Mall,2025-06-14,20,true,86,13,8047.51,0.1512,true
ST08,CITY1,High Street,2025-06-15,21,true,40,9,5371.56,0.225,true
ST09,CITY2,Mall,2025-06-16,10,false,23,2,457.58,0.087,true
ST10,CITY3,High Street,2025-06-17,11,false,37,9,6589.86,0.2432,true
ST11,CITY4,Mall,2025-06-07,12,true,53,8,3218.23,0.1509,true
ST12,CITY5,High Street,2025-06-08,13,true,60,8,4122.41,0.1333,true
ST01,CITY0,Mall,2025-06-08,15,true,31,2,1095.94,0.0645,true
ST02,CITY1,High Street,2025-06-09,16,false,21,2,1109.68,0.0952,true
ST03,CITY2,Mall,2025-06-10,17,false,30,8,3825.24,0.2667,true
ST04,CITY3,High Street,2025-06-11,18,false,47,13,6962.79,0.2766,true
ST05,CITY4,Mall,2025-06-12,19,false,44,5,4047.91,0.1136,true
ST06,CITY5,High Street,2025-06-13,20,false,39,8,2599.5,0.2051,true
ST07,CITY0,Mall,2025-06-14,21,true,49,7,3519.18,0.1429,true
ST08,CITY1,High Street,2025-06-15,10,true,53,11,6416.47,0.2075,true
ST09,CITY2,Mall,2025-06-16,11,false,39,4,1442.13,0.1026,true
ST10,CITY3,High Street,2025-06-17,12,false,32,8,6165.22,0.25,true
ST11,CITY4,Mall,2025-06-07,13,true,54,8,4308.94,0.1481,true
ST12,CITY5,High Street,2025-06-08,14,true,25,1,856.09,0.04,true
ST01,CITY0,Mall,2025-06-08,16,true,25,2,811.16,0.08,true
ST02,CITY1,High Street,2025-06-09,17,false,34,8,2630.24,0.2353,true
ST03,CITY2,Mall,2025-06-10,18,false,58,16,8395.75,0.2759,true
ST04,CITY3,High Street,2025-06-11,19,false,66,18,6865.27,0.2727,true
ST05,CITY4,Mall,2025-06-12,20,false,42,5,2869.08,0.119,true
ST06,CITY5,High Street,2025-06-13,21,false,30,6,1952.35,0.2,true
ST07,CITY0,Mall,2025-06-14,10,true,59,9,3774.96,0.1525,true
ST08,CITY1,High Street,2025-06-15,11,true,54,12,5136.79,0.2222,true
ST09,CITY2,Mall,2025-06-16,12,false,22,2,505.73,0.0909,true
ST10,CITY3,High Street,2025-06-17,13,false,33,8,3522.16,0.2424,true
ST11,CITY4,Mall,2025-06-07,14,true,23,2,2487.53,0.087,true
ST12,CITY5,High Street,2025-06-08,15,true,27,2,792.59,0.0741,true
ST01,CITY0,Mall,2025-06-08,17,true,40,6,4005.48,0.15,true
ST02,CITY1,High Street,2025-06-09,18,false,53,13,7983.23,0.2453,true
ST03,CITY2,Mall,2025-06-10,19,false,50,14,7499.04,0.28,true
ST04,CITY3,High Street,2025-06-11,20,false,59,16,8434.75,0.2712,true
ST05,CITY4,Mall,2025-06-12,21,false,33,4,969.12,0.1212,true
ST06,CITY5,High Street,2025-06-13,10,false,29,6,2495.01,0.2069,true
ST07,CITY0,Mall,2025-06-14,11,true,40,6,3034.61,0.15,true
ST08,CITY1,High Street,2025-06-15,12,true,39,8,6258.92,0.2051,true
ST09,CITY2,Mall,2025-06-16,13,false,30,3,1226.15,0.1,true
ST10,CITY3,High Street,2025-06-17,14,false,14,2,1000.81,0.1429,true
ST11,CITY4,Mall,2025-06-07,15,true,29,2,452.15,0.069,true
ST12,CITY5,High Street,2025-06-08,16,true,34,2,561.25,0.0588,true
ST01,CITY0,Mall,2025-06-08,18,true,102,15,12129.91,0.1471,true
ST02,CITY1,High Street,2025-06-09,19,false,44,11,9428.09,0.25,true
ST03,CITY2,Mall,2025-06-10,20,false,69,19,7397.46,0.2754,true
ST04,CITY3,High Street,2025-06-11,21,false,24,7,2668.93,0.2917,true
ST05,CITY4,Mall,2025-06-12,10,false,,3,1526.27,,false
ST06,CITY5,High Street,2025-06-13,11,false,36,7,1894.25,0.1944,true
ST07,CITY0,Mall,2025-06-14,12,true,53,8,4514.19,0.1509,true
ST08,CITY1,High Street,2025-06-15,13,true,46,10,3807.63,0.2174,true
ST09,CITY2,Mall,2025-06-16,14,false,18,1,885.38,0.0556,true
ST10,CITY3,High Street,2025-06-17,15,false,17,2,614.42,0.1176,true
ST11,CITY4,Mall,2025-06-07,16,true,,2,363.1,,false
ST12,CITY5,High Street,2025-06-08,17,true,47,6,2867.41,0.1277,true
ST01,CITY0,Mall,2025-06-08,19,true,110,17,9739.44,0.1545,true
ST02,CITY1,High Street,2025-06-09,20,false,44,11,5772.12,0.25,true
ST03,CITY2,Mall,2025-06-10,21,false,34,9,5712.45,0.2647,true
ST04,CITY3,High Street,2025-06-11,10,false,38,10,6001.24,0.2632,true
ST05,CITY4,Mall,2025-06-12,11,false,,4,1601.45,,false
ST06,CITY5,High Street,2025-06-13,12,false,37,8,3870.83,0.2162,true
ST07,CITY0,Mall,2025-06-14,13,true,55,8,4917.06,0.1455,true
ST08,CITY1,High Street,2025-06-15,14,true,30,3,1747.17,0.1,true
ST09,CITY2,Mall,2025-06-16,15,false,15,1,203.4,0.0667,true
ST10,CITY3,High Street,2025-06-17,16,false,15,2,534.38,0.1333,true
ST11,CITY4,Mall,2025-06-07,17,true,,6,2829.27,,false
ST12,CITY5,High Street,2025-06-08,18,true,99,13,5649.94,0.1313,true
ST01,CITY0,Mall,2025-06-08,20,true,112,17,9862.67,0.1518,true
ST02,CITY1,High Street,2025-06-09,21,false,30,7,4146.44,0.2333,true
ST03,CITY2,Mall,2025-06-10,10,false,25,7,3347.34,0.28,true
ST04,CITY3,High Street,2025-06-11,11,false,36,10,4647.25,0.2778,true
ST05,CITY4,Mall,2025-06-12,12,false,,3,1867.48,,false
ST06,CITY5,High Street,2025-06-13,13,false,26,5,1462.01,0.1923,true
ST07,CITY0,Mall,2025-06-14,14,true,21,1,298.11,0.0476,true
ST08,CITY1,High Street,2025-06-15,15,true,27,3,2095.93,0.1111,true
ST09,CITY2,Mall,2025-06-16,16,false,,1,914.03,,false
ST10,CITY3,High Street,2025-06-17,17,false,38,9,4339.85,0.2368,true
ST11,CITY4,Mall,2025-06-07,18,true,93,14,5317.47,0.1505,true
ST12,CITY5,High Street,2025-06-08,19,true,73,9,4816.48,0.1233,true
ST01,CITY0,Mall,2025-06-08,21,true,60,9,4172.64,0.15,true
ST02,CITY1,High Street,2025-06-09,10,false,28,7,3935.69,0.25,true
ST03,CITY2,Mall,2025-06-10,11,false,29,8,6205.49,0.2759,true
ST04,CITY3,High Street,2025-06-11,12,false,38,10,3067.18,0.2632,true
ST05,CITY4,Mall,2025-06-12,13,false,25,3,1194.23,0.12,true
ST06,CITY5,High Street,2025-06-13,14,false,23,2,2640.18,0.087,true
ST07,CITY0,Mall,2025-06-14,15,true,37,2,853.52,0.0541,true
ST08,CITY1,High Street,2025-06-15,16,true,28,3,3361.95,0.1071,true
ST09,CITY2,Mall,2025-06-16,17,false,,2,239.16,,false
ST10,CITY3,High Street,2025-06-17,18,false,53,13,5456.97,0.2453,true
ST11,CITY4,Mall,2025-06-07,19,true,105,16,8546.58,0.1524,true
ST12,CITY5,High Street,2025-06-08,20,true,106,14,8278.76,0.1321,true
ST01,CITY0,Mall,2025-06-09,10,false,31,5,3197.73,0.1613,true
ST02,CITY1,High Street,2025-06-10,11,false,22,5,5684.95,0.2273,true
ST03,CITY2,Mall,2025-06-11,12,false,32,9,3889.48,0.2813,true
ST04,CITY3,High Street,2025-06-12,13,false,26,7,2830.89,0.2692,true
ST05,CITY4,Mall,2025-06-13,14,false,23,1,439.06,0.0435,true
ST06,CITY5,High Street,2025-06-14,15,true,36,3,1229.45,0.0833,true
ST07,CITY0,Mall,2025-06-15,16,true,25,2,1602.58,0.08,true
ST08,CITY1,High Street,2025-06-16,17,false,,8,3077.78,,false
ST09,CITY2,Mall,2025-06-17,18,false,45,4,4043.65,0.0889,true
ST10,CITY3,High Street,2025-06-07,19,true,93,19,11084.9,0.2043,true
ST11,CITY4,Mall,2025-06-08,20,true,83,12,7593.88,0.1446,true
ST12,CITY5,High Street,2025-06-09,21,false,39,6,3957.23,0.1538,true
ST01,CITY0,Mall,2025-06-09,11,false,27,5,2977.95,0.1852,true
ST02,CITY1,High Street,2025-06-10,12,false,32,8,2742.41,0.25,true
ST03,CITY2,Mall,2025-06-11,13,false,31,8,5139.86,0.2581,true
ST04,CITY3,High Street,2025-06-12,14,false,19,2,1589.9,0.1053,true
ST05,CITY4,Mall,2025-06-13,15,false,15,1,284.47,0.0667,true
ST06,CITY5,High Street,2025-06-14,16,true,35,3,1208.37,0.0857,true
ST07,CITY0,Mall,2025-06-15,17,true,58,9,3310.21,0.1552,true
ST08,CITY1,High Street,2025-06-16,18,false,59,15,5362.9,0.2542,true
ST09,CITY2,Mall,2025-06-17,19,false,54,5,2221.21,0.0926,true
ST10,CITY3,High Street,2025-06-07,20,true,82,17,8839.87,0.2073,true
ST11,CITY4,Mall,2025-06-08,21,true,47,7,2795.45,0.1489,true
ST12,CITY5,High Street,2025-06-09,10,false,37,6,3145.61,0.1622,true
ST01,CITY0,Mall,2025-06-09,12,false,23,4,2241.46,0.1739,true
ST02,CITY1,High Street,2025-06-10,13,false,38,9,4539.11,0.2368,true
ST03,CITY2,Mall,2025-06-11,14,false,17,2,485.77,0.1176,true
ST04,CITY3,High Street,2025-06-12,15,false,23,3,1826.82,0.1304,true
ST05,CITY4,Mall,2025-06-13,16,false,23,1,501.28,0.0435,true
ST06,CITY5,High Street,2025-06-14,17,true,60,11,7332.81,0.1833,true
ST07,CITY0,Mall,2025-06-15,18,true,82,12,5010.03,0.1463,true
ST08,CITY1,High Street,2025-06-16,19,false,47,12,6146.92,0.2553,true
ST09,CITY2,Mall,2025-06-17,20,false,52,5,4631.89,0.0962,true
ST10,CITY3,High Street,2025-06-07,21,true,43,9,3111.89,0.2093,true
ST11,CITY4,Mall,2025-06-08,10,true,54,8,3859.68,0.1481,true
ST12,CITY5,High Street,2025-06-09,11,false,23,4,1857.78,0.1739,true
ST01,CITY0,Mall,2025-06-09,13,false,25,4,1600.82,0.16,true
ST02,CITY1,High Street,2025-06-10,14,false,17,2,244.22,0.1176,true
ST03,CITY2,Mall,2025-06-11,15,false,16,2,2159.29,0.125,true
ST04,CITY3,High Street,2025-06-12,16,false,21,3,878.69,0.1429,true
ST05,CITY4,Mall,2025-06-13,17,false,29,3,1709.89,0.1034,true
ST06,CITY5,High Street,2025-06-14,18,true,108,19,7518.89,0.1759,true
ST07,CITY0,Mall,2025-06-15,19,true,80,12,8231.55,0.15,true
ST08,CITY1,High Street,2025-06-16,20,false,44,11,4662.86,0.25,true
ST09,CITY2,Mall,2025-06-17,21,false,24,2,867.66,0.0833,true
ST10,CITY3,High Street,2025-06-07,10,true,45,9,4102.11,0.2,true
ST11,CITY4,Mall,2025-06-08,11,true,56,8,9375.36,0.1429,true
ST12,CITY5,High Street,2025-06-09,12,false,24,4,2313.58,0.1667,true
ST01,CITY0,Mall,2025-06-09,14,false,23,2,2353.32,0.087,true
ST02,CITY1,High Street,2025-06-10,15,false,22,2,476.99,0.0909,true
ST03,CITY2,Mall,2025-06-11,16,false,22,3,2751.83,0.1364,true
ST04,CITY3,High Street,2025-06-12,17,false,26,7,4395.93,0.2692,true
ST05,CITY4,Mall,2025-06-13,18,false,54,6,3797.26,0.1111,true
ST06,CITY5,High Street,2025-06-14,19,true,76,13,4154.44,0.1711,true
ST07,CITY0,Mall,2025-06-15,20,true,103,15,8343.06,0.1456,true
ST08,CITY1,High Street,2025-06-16,21,false,28,7,6548.62,0.25,true
ST09,CITY2,Mall,2025-06-17,10,false,30,3,1467.47,0.1,true
ST10,CITY3,High Street,2025-06-07,11,true,41,9,5389.27,0.2195,true
ST11,CITY4,Mall,2025-06-08,12,true,34,5,3348.87,0.1471,true
ST12,CITY5,High Street,2025-06-09,13,false,25,4,2661.87,0.16,true
ST01,CITY0,Mall,2025-06-09,15,false,23,2,590.55,0.087,true
ST02,CITY1,High Street,2025-06-10,16,false,16,2,708.55,0.125,true
ST03,CITY2,Mall,2025-06-11,17,false,37,10,4551.94,0.2703,true
ST04,CITY3,High Street,2025-06-12,18,false,68,19,11401.5,0.2794,true
ST05,CITY4,Mall,2025-06-13,19,false,53,6,2735.28,0.1132,true
ST06,CITY5,High Street,2025-06-14,20,true,105,19,7564.39,0.181,true
ST07,CITY0,Mall,2025-06-15,21,true,51,7,3574.07,0.1373,true
ST08,CITY1,High Street,2025-06-16,10,false,35,9,3745.89,0.2571,true
ST09,CITY2,Mall,2025-06-17,11,false,25,2,716.47,0.08,true
ST10,CITY3,High Street,2025-06-07,12,true,59,12,6478.22,0.2034,true
ST11,CITY4,Mall,2025-06-08,13,true,39,6,2884.02,0.1538,true
ST12,CITY5,High Street,2025-06-09,14,false,14,1,224.49,0.0714,true
ST01,CITY0,Mall,2025-06-09,16,false,22,2,1930.36,0.0909,true
ST02,CITY1,High Street,2025-06-10,17,false,38,9,4271.19,0.2368,true
ST03,CITY2,Mall,2025-06-11,18,false,66,18,7019.63,0.2727,true
ST04,CITY3,High Street,2025-06-12,19,false,47,13,5347.67,0.2766,true
ST05,CITY4,Mall,2025-06-13,20,false,63,7,4280.55,0.1111,true
ST06,CITY5,High Street,2025-06-14,21,true,54,10,6936.02,0.1852,true
ST07,CITY0,Mall,2025-06-15,10,true,40,6,2968.19,0.15,true
ST08,CITY1,High Street,2025-06-16,11,false,36,9,3588.18,0.25,true
ST09,CITY2,Mall,2025-06-17,12,false,22,2,712.24,0.0909,true
ST10,CITY3,High Street,2025-06-07,13,true,44,9,3046.89,0.2045,true
ST11,CITY4,Mall,2025-06-08,14,true,37,3,3016.73,0.0811,true
ST12,CITY5,High Street,2025-06-09,15,false,16,1,615.87,0.0625,true
ST01,CITY0,Mall,2025-06-09,17,false,22,4,3097.73,0.1818,true
ST02,CITY1,High Street,2025-06-10,18,false,60,15,8876.12,0.25,true
ST03,CITY2,Mall,2025-06-11,19,false,60,16,7426.32,0.2667,true
ST04,CITY3,High Street,2025-06-12,20,false,66,18,7278.25,0.2727,true
ST05,CITY4,Mall,2025-06-13,21,false,27,3,1004.95,0.1111,true
ST06,CITY5,High Street,2025-06-14,10,true,51,9,4146.24,0.1765,true
ST07,CITY0,Mall,2025-06-15,11,true,38,6,5272.54,0.1579,true
ST08,CITY1,High Street,2025-06-16,12,false,26,7,3353.85,0.2692,true
ST09,CITY2,Mall,2025-06-17,13,false,35,3,789.69,0.0857,true
ST10,CITY3,High Street,2025-06-07,14,true,26,2,887.28,0.0769,true
ST11,CITY4,Mall,2025-06-08,15,true,25,2,815.39,0.08,true
ST12,CITY5,High Street,2025-06-09,16,false,19,1,481.61,0.0526,true
ST01,CITY0,Mall,2025-06-09,18,false,58,10,4023.66,0.1724,true
ST02,CITY1,High Street,2025-06-10,19,false,48,12,6678.27,0.25,true
ST03,CITY2,Mall,2025-06-11,20,false,44,12,4979.76,0.2727,true
ST04,CITY3,High Street,2025-06-12,21,false,31,9,5093.91,0.2903,true
ST05,CITY4,Mall,2025-06-13,10,false,27,3,2529.73,0.1111,true
ST06,CITY5,High Street,2025-06-14,11,true,48,8,6249.08,0.1667,true
ST07,CITY0,Mall,2025-06-15,12,true,45,7,2763.21,0.1556,true
ST08,CITY1,High Street,2025-06-16,13,false,34,9,3730.88,0.2647,true
ST09,CITY2,Mall,2025-06-17,14,false,21,1,776.56,0.0476,true
ST10,CITY3,High Street,2025-06-07,15,true,34,3,1235.4,0.0882,true
ST11,CITY4,Mall,2025-06-08,16,true,22,1,848.35,0.0455,true
ST12,CITY5,High Street,2025-06-09,17,false,26,4,1470.56,0.1538,true
ST01,CITY0,Mall,2025-06-09,19,false,60,11,4471.92,0.1833,true
ST02,CITY1,High Street,2025-06-10,20,false,51,13,5432.19,0.2549,true
ST03,CITY2,Mall,2025-06-11,21,false,37,10,3418.54,0.2703,true
ST04,CITY3,High Street,2025-06-12,10,false,,8,2889.36,,false
ST05,CITY4,Mall,2025-06-13,11,false,24,3,1402.98,0.125,true
ST06,CITY5,High Street,2025-06-14,12,true,39,7,3391.84,0.1795,true
ST07,CITY0,Mall,2025-06-15,13,true,37,5,2065.02,0.1351,true
ST08,CITY1,High Street,2025-06-16,14,false,14,2,993.99,0.1429,true
ST09,CITY2,Mall,2025-06-17,15,false,18,1,666.4,0.0556,true
ST10,CITY3,High Street,2025-06-07,16,true,,2,1127.45,,false
ST11,CITY4,Mall,2025-06-08,17,true,48,7,2352.99,0.1458,true
ST12,CITY5,High Street,2025-06-09,18,false,42,6,3771.74,0.1429,true
ST01,CITY0,Mall,2025-06-09,20,false,52,9,4022.92,0.1731,true
ST02,CITY1,High Street,2025-06-10,21,false,24,6,3172.62,0.25,true
ST03,CITY2,Mall,2025-06-11,10,false,23,6,3397.88,0.2609,true
ST04,CITY3,High Street,2025-06-12,11,false,,9,3351.93,,false
ST05,CITY4,Mall,2025-06-13,12,false,38,4,2066.81,0.1053,true
ST06,CITY5,High Street,2025-06-14,13,true,59,10,5358.58,0.1695,true
ST07,CITY0,Mall,2025-06-15,14,true,20,1,232.29,0.05,true
ST08,CITY1,High Street,2025-06-16,15,false,16,2,2271.41,0.125,true
ST09,CITY2,Mall,2025-06-17,16,false,20,1,528.68,0.05,true
ST10,CITY3,High Street,2025-06-07,17,true,,8,4968.78,,false
ST11,CITY4,Mall,2025-06-08,18,true,68,10,5013.36,0.1471,true
ST12,CITY5,High Street,2025-06-09,19,false,44,7,2862.77,0.1591,true
ST01,CITY0,Mall,2025-06-09,21,false,29,5,1687.96,0.1724,true
ST02,CITY1,High Street,2025-06-10,10,false,27,7,3898.35,0.2593,true
ST03,CITY2,Mall,2025-06-11,11,false,30,8,4265.25,0.2667,true
ST04,CITY3,High Street,2025-06-12,12,false,,7,2073.56,,false
ST05,CITY4,Mall,2025-06-13,13,false,26,3,2277.64,0.1154,true
ST06,CITY5,High Street,2025-06-14,14,true,25,2,1687.1,0.08,true
ST07,CITY0,Mall,2025-06-15,15,true,36,2,1640.09,0.0556,true
ST08,CITY1,High Street,2025-06-16,16,false,,2,682.53,,false
ST09,CITY2,Mall,2025-06-17,17,false,39,4,1689.17,0.1026,true
ST10,CITY3,High Street,2025-06-07,18,true,84,17,8770.95,0.2024,true
ST11,CITY4,Mall,2025-06-08,19,true,76,11,6773.0,0.1447,true
ST12,CITY5,High Street,2025-06-09,20,false,56,9,3859.2,0.1607,true
ST01,CITY0,Mall,2025-06-10,10,false,33,6,4012.82,0.1818,true
ST02,CITY1,High Street,2025-06-11,11,false,21,5,1861.05,0.2381,true
ST03,CITY2,Mall,2025-06-12,12,false,,6,4571.3,,false
ST04,CITY3,High Street,2025-06-13,13,false,31,9,4351.59,0.2903,true
ST05,CITY4,Mall,2025-06-14,14,true,27,1,442.92,0.037,true
ST06,CITY5,High Street,2025-06-15,15,true,32,3,1438.81,0.0938,true
ST07,CITY0,Mall,2025-06-16,16,false,,2,738.12,,false
ST08,CITY1,High Street,2025-06-17,17,false,22,6,2637.51,0.2727,true
ST09,CITY2,Mall,2025-06-07,18,true,110,9,3479.49,0.0818,true
ST10,CITY3,High Street,2025-06-08,19,true,90,19,7229.77,0.2111,true
ST11,CITY4,Mall,2025-06-09,20,false,46,8,2548.91,0.1739,true
ST12,CITY5,High Street,2025-06-10,21,false,23,4,2745.85,0.1739,true
ST01,CITY0,Mall,2025-06-10,11,false,22,4,1776.29,0.1818,true
ST02,CITY1,High Street,2025-06-11,12,false,26,6,2493.53,0.2308,true
ST03,CITY2,Mall,2025-06-12,13,false,36,10,5010.49,0.2778,true
ST04,CITY3,High Street,2025-06-13,14,false,15,2,610.88,0.1333,true
ST05,CITY4,Mall,2025-06-14,15,true,33,1,329.48,0.0303,true
ST06,CITY5,High Street,2025-06-15,16,true,29,2,412.82,0.069,true
ST07,CITY0,Mall,2025-06-16,17,false,,5,3007.68,,false
ST08,CITY1,High Street,2025-06-17,18,false,44,11,5136.92,0.25,true
ST09,CITY2,Mall,2025-06-07,19,true,112,9,3636.77,0.0804,true
ST10,CITY3,High Street,2025-06-08,20,true,87,18,8261.54,0.2069,true
ST11,CITY4,Mall,2025-06-09,21,false,22,4,1705.1,0.1818,true
ST12,CITY5,High Street,2025-06-10,10,false,30,5,1995.09,0.1667,true
ST01,CITY0,Mall,2025-06-10,12,false,26,5,2560.18,0.1923,true
ST02,CITY1,High Street,2025-06-11,13,false,31,8,2191.18,0.2581,true
ST03,CITY2,Mall,2025-06-12,14,false,18,2,542.76,0.1111,true
ST04,CITY3,High Street,2025-06-13,15,false,19,2,1541.46,0.1053,true
ST05,CITY4,Mall,2025-06-14,16,true,37,2,1520.94,0.0541,true
ST06,CITY5,High Street,2025-06-15,17,true,56,10,5082.19,0.1786,true
ST07,CITY0,Mall,2025-06-16,18,false,43,7,3734.55,0.1628,true
ST08,CITY1,High Street,2025-06-17,19,false,40,10,5846.99,0.25,true
ST09,CITY2,Mall,2025-06-07,20,true,93,7,3538.63,0.0753,true
ST10,CITY3,High Street,2025-06-08,21,true,48,10,5949.61,0.2083,true
ST11,CITY4,Mall,2025-06-09,10,false,28,5,1678.17,0.1786,true
ST12,CITY5,High Street,2025-06-10,11,false,31,5,1833.53,0.1613,true
ST01,CITY0,Mall,2025-06-10,13,false,28,5,2306.62,0.1786,true
ST02,CITY1,High Street,2025-06-11,14,false,17,2,1249.54,0.1176,true
ST03,CITY2,Mall,2025-06-12,15,false,21,3,1801.18,0.1429,true
ST04,CITY3,High Street,2025-06-13,16,false,15,2,783.14,0.1333,true
ST05,CITY4,Mall,2025-06-14,17,true,41,4,2617.73,0.0976,true
ST06,CITY5,High Street,2025-06-15,18,true,87,15,8105.07,0.1724,true
ST07,CITY0,Mall,2025-06-16,19,false,66,11,4449.01,0.1667,true
ST08,CITY1,High Street,2025-06-17,20,false,64,16,8938.33,0.25,true
ST09,CITY2,Mall,2025-06-07,21,true,40,3,1088.06,0.075,true
ST10,CITY3,High Street,2025-06-08,10,true,45,9,2933.36,0.2,true
ST11,CITY4,Mall,2025-06-09,11,false,26,5,1710.29,0.1923,true
ST12,CITY5,High Street,2025-06-10,12,false,29,4,1682.92,0.1379,true
ST01,CITY0,Mall,2025-06-10,14,false,18,1,154.05,0.0556,true
ST02,CITY1,High Street,2025-06-11,15,false,13,1,525.12,0.0769,true
ST03,CITY2,Mall,2025-06-12,16,false,14,2,1832.82,0.1429,true
ST04,CITY3,High Street,2025-06-13,17,false,37,10,4827.04,0.2703,true
ST05,CITY4,Mall,2025-06-14,18,true,104,10,4996.6,0.0962,true
ST06,CITY5,High Street,2025-06-15,19,true,92,16,5605.83,0.1739,true
ST07,CITY0,Mall,2025-06-16,20,false,64,11,5739.9,0.1719,true
ST08,CITY1,High Street,2025-06-17,21,false,38,10,4394.81,0.2632,true
ST09,CITY2,Mall,2025-06-07,10,true,37,3,2852.08,0.0811,true
ST10,CITY3,High Street,2025-06-08,11,true,47,10,6488.08,0.2128,true
ST11,CITY4,Mall,2025-06-09,12,false,30,5,2530.27,0.1667,true
ST12,CITY5,High Street,2025-06-10,13,false,26,4,1506.71,0.1538,true
ST01,CITY0,Mall,2025-06-10,15,false,13,1,527.86,0.0769,true
ST02,CITY1,High Street,2025-06-11,16,false,20,2,3256.11,0.1,true
ST03,CITY2,Mall,2025-06-12,17,false,30,8,6461.25,0.2667,true
ST04,CITY3,High Street,2025-06-13,18,false,58,16,8303.69,0.2759,true
ST05,CITY4,Mall,2025-06-14,19,true,63,6,2557.87,0.0952,true
ST06,CITY5,High Street,2025-06-15,20,true,76,13,8035.98,0.1711,true
ST07,CITY0,Mall,2025-06-16,21,false,30,5,1808.52,0.1667,true
ST08,CITY1,High Street,2025-06-17,10,false,31,8,5610.12,0.2581,true
ST09,CITY2,Mall,2025-06-07,11,true,41,3,1256.1,0.0732,true
ST10,CITY3,High Street,2025-06-08,12,true,47,10,3663.23,0.2128,true
ST11,CITY4,Mall,2025-06-09,13,false,29,5,3177.77,0.1724,true
ST12,CITY5,High Street,2025-06-10,14,false,19,1,484.33,0.0526,true
ST01,CITY0,Mall,2025-06-10,16,false,22,2,1184.95,0.0909,true
ST02,CITY1,High Street,2025-06-11,17,false,24,6,3796.55,0.25,true
ST03,CITY2,Mall,2025-06-12,18,false,46,12,6288.6,0.2609,true
ST04,CITY3,High Street,2025-06-13,19,false,50,14,5394.68,0.28,true
ST05,CITY4,Mall,2025-06-14,20,true,75,7,1971.51,0.0933,true
ST06,CITY5,High Street,2025-06-15,21,true,37,7,3027.64,0.1892,true
ST07,CITY0,Mall,2025-06-16,10,false,32,6,4404.41,0.1875,true
ST08,CITY1,High Street,2025-06-17,11,false,30,8,4924.18,0.2667,true
ST09,CITY2,Mall,2025-06-07,12,true,62,5,2832.51,0.0806,true
ST10,CITY3,High Street,2025-06-08,13,true,56,12,5764.06,0.2143,true
ST11,CITY4,Mall,2025-06-09,14,false,16,1,625.35,0.0625,true
ST12,CITY5,High Street,2025-06-10,15,false,14,1,295.4,0.0714,true
ST01,CITY0,Mall,2025-06-10,17,false,37,7,5336.87,0.1892,true
ST02,CITY1,High Street,2025-06-11,18,false,62,15,5326.59,0.2419,true
ST03,CITY2,Mall,2025-06-12,19,false,68,18,11890.28,0.2647,true
ST04,CITY3,High Street,2025-06-13,20,false,65,18,7377.5,0.2769,true
ST05,CITY4,Mall,2025-06-14,21,true,52,5,2740.63,0.0962,true
ST06,CITY5,High Street,2025-06-15,10,true,46,8,6009.85,0.1739,true
ST07,CITY0,Mall,2025-06-16,11,false,36,6,2291.8,0.1667,true
ST08,CITY1,High Street,2025-06-17,12,false,34,9,4166.51,0.2647,true
ST09,CITY2,Mall,2025-06-07,13,true,58,5,2009.62,0.0862,true
ST10,CITY3,High Street,2025-06-08,14,true,37,3,1074.45,0.0811,true
ST11,CITY4,Mall,2025-06-09,15,false,20,2,816.54,0.1,true
ST12,CITY5,High Street,2025-06-10,16,false,18,1,558.18,0.0556,true
ST01,CITY0,Mall,2025-06-10,18,false,55,10,4993.37,0.1818,true
ST02,CITY1,High Street,2025-06-11,19,false,40,10,4917.4,0.25,true
ST03,CITY2,Mall,2025-06-12,20,false,54,15,8804.17,0.2778,true
ST04,CITY3,High Street,2025-06-13,21,false,22,6,3360.27,0.2727,true
ST05,CITY4,Mall,2025-06-14,10,true,49,5,3499.94,0.102,true
ST06,CITY5,High Street,2025-06-15,11,true,35,6,2532.81,0.1714,true
ST07,CITY0,Mall,2025-06-16,12,false,23,4,2143.53,0.1739,true
ST08,CITY1,High Street,2025-06-17,13,false,37,9,3028.99,0.2432,true
ST09,CITY2,Mall,2025-06-07,14,true,37,1,273.32,0.027,true
ST10,CITY3,High Street,2025-06-08,15,true,21,2,437.19,0.0952,true
ST11,CITY4,Mall,2025-06-09,16,false,18,1,201.9,0.0556,true
ST12,CITY5,High Street,2025-06-10,17,false,27,4,2392.95,0.1481,true
ST01,CITY0,Mall,2025-06-10,19,false,53,9,5910.28,0.1698,true
ST02,CITY1,High Street,2025-06-11,20,false,50,12,7262.41,0.24,true
ST03,CITY2,Mall,2025-06-12,21,false,27,7,2505.93,0.2593,true
ST04,CITY3,High Street,2025-06-13,10,false,38,10,4161.2,0.2632,true
ST05,CITY4,Mall,2025-06-14,11,true,60,6,2136.71,0.1,true
ST06,CITY5,High Street,2025-06-15,12,true,54,10,5531.53,0.1852,true
ST07,CITY0,Mall,2025-06-16,13,false,26,4,2118.61,0.1538,true
ST08,CITY1,High Street,2025-06-17,14,false,16,2,421.12,0.125,true
ST09,CITY2,Mall,2025-06-07,15,true,32,1,487.54,0.0313,true
ST10,CITY3,High Street,2025-06-08,16,true,29,3,2726.28,0.1034,true
ST11,CITY4,Mall,2025-06-09,17,false,32,6,4638.6,0.1875,true
ST12,CITY5,High Street,2025-06-10,18,false,52,8,4767.33,0.1538,true
ST01,CITY0,Mall,2025-06-10,20,false,52,9,3672.57,0.1731,true
ST02,CITY1,High Street,2025-06-11,21,false,38,9,6936.1,0.2368,true
ST03,CITY2,Mall,2025-06-12,10,false,,8,3477.59,,false
ST04,CITY3,High Street,2025-06-13,11,false,38,10,6114.61,0.2632,true
ST05,CITY4,Mall,2025-06-14,12,true,52,5,3840.54,0.0962,true
ST06,CITY5,High Street,2025-06-15,13,true,46,8,4987.51,0.1739,true
ST07,CITY0,Mall,2025-06-16,14,false,18,1,417.78,0.0556,true
ST08,CITY1,High Street,2025-06-17,15,false,16,2,914.74,0.125,true
ST09,CITY2,Mall,2025-06-07,16,true,,1,686.77,,false
ST10,CITY3,High Street,2025-06-08,17,true,48,10,5865.24,0.2083,true
ST11,CITY4,Mall,2025-06-09,18,false,39,7,4855.72,0.1795,true
ST12,CITY5,High Street,2025-06-10,19,false,51,8,4743.57,0.1569,true
ST01,CITY0,Mall,2025-06-10,21,false,28,5,3670.5,0.1786,true
ST02,CITY1,High Street,2025-06-11,10,false,30,7,6981.66,0.2333,true
ST03,CITY2,Mall,2025-06-12,11,false,,8,4119.61,,false
ST04,CITY3,High Street,2025-06-13,12,false,23,6,3547.86,0.2609,true
ST05,CITY4,Mall,2025-06-14,13,true,62,6,2195.48,0.0968,true
ST06,CITY5,High Street,2025-06-15,14,true,37,3,2624.94,0.0811,true
ST07,CITY0,Mall,2025-06-16,15,false,21,2,563.06,0.0952,true
ST08,CITY1,High Street,2025-06-17,16,false,20,2,1212.33,0.1,true
ST09,CITY2,Mall,2025-06-07,17,true,,5,1778.08,,false
ST10,CITY3,High Street,2025-06-08,18,true,96,20,10252.91,0.2083,true
ST11,CITY4,Mall,2025-06-09,19,false,54,10,3606.38,0.1852,true
ST12,CITY5,High Street,2025-06-10,20,false,47,7,3425.55,0.1489,true
ST01,CITY0,Mall,2025-06-11,10,false,36,6,2183.43,0.1667,true
ST02,CITY1,High Street,2025-06-12,11,false,,7,3560.81,,false
ST03,CITY2,Mall,2025-06-13,12,false,22,6,3086.55,0.2727,true
ST04,CITY3,High Street,2025-06-14,13,true,62,14,5956.9,0.2258,true
ST05,CITY4,Mall,2025-06-15,14,true,34,1,1535.2,0.0294,true
ST06,CITY5,High Street,2025-06-16,15,false,14,1,369.66,0.0714,true
ST07,CITY0,Mall,2025-06-17,16,false,19,1,813.05,0.0526,true
ST08,CITY1,High Street,2025-06-07,17,true,,13,8150.5,,false
ST09,CITY2,Mall,2025-06-08,18,true,83,6,3327.17,0.0723,true
ST10,CITY3,High Street,2025-06-09,19,false,42,10,3704.23,0.2381,true
ST11,CITY4,Mall,2025-06-10,20,false,70,12,5457.21,0.1714,true
ST12,CITY5,High Street,2025-06-11,21,false,24,4,1884.41,0.1667,true
ST01,CITY0,Mall,2025-06-11,11,false,29,5,2831.3,0.1724,true
ST02,CITY1,High Street,2025-06-12,12,false,,6,2098.47,,false
ST03,CITY2,Mall,2025-06-13,13,false,37,10,4726.76,0.2703,true
ST04,CITY3,High Street,2025-06-14,14,true,20,2,901.61,0.1,true
ST05,CITY4,Mall,2025-06-15,15,true,25,1,949.92,0.04,true
ST06,CITY5,High Street,2025-06-16,16,false,,2,1068.14,,false
ST07,CITY0,Mall,2025-06-17,17,false,38,7,4602.79,0.1842,true
ST08,CITY1,High Street,2025-06-07,18,true,84,18,10935.65,0.2143,true
ST09,CITY2,Mall,2025-06-08,19,true,98,8,4569.67,0.0816,true
ST10,CITY3,High Street,2025-06-09,20,false,44,11,7115.0,0.25,true
ST11,CITY4,Mall,2025-06-10,21,false,28,5,2621.61,0.1786,true
ST12,CITY5,High Street,2025-06-11,10,false,31,5,1805.73,0.1613,true
ST01,CITY0,Mall,2025-06-11,12,false,23,4,1754.29,0.1739,true
ST02,CITY1,High Street,2025-06-12,13,false,28,7,6023.53,0.25,true
ST03,CITY2,Mall,2025-06-13,14,false,15,2,763.1,0.1333,true
ST04,CITY3,High Street,2025-06-14,15,true,26,3,839.09,0.1154,true
ST05,CITY4,Mall,2025-06-15,16,true,29,1,474.36,0.0345,true
ST06,CITY5,High Street,2025-06-16,17,false,,7,5728.63,,false
ST07,CITY0,Mall,2025-06-17,18,false,57,10,5208.27,0.1754,true
ST08,CITY1,High Street,2025-06-07,19,true,106,23,10902.96,0.217,true
ST09,CITY2,Mall,2025-06-08,20,true,110,9,4470.69,0.0818,true
ST10,CITY3,High Street,2025-06-09,21,false,32,8,6919.76,0.25,true
ST11,CITY4,Mall,2025-06-10,10,false,31,5,3445.3,0.1613,true
ST12,CITY5,High Street,2025-06-11,11,false,24,4,2616.88,0.1667,true
ST01,CITY0,Mall,2025-06-11,13,false,22,4,4023.1,0.1818,true
ST02,CITY1,High Street,2025-06-12,14,false,14,2,859.83,0.1429,true
ST03,CITY2,Mall,2025-06-13,15,false,21,3,1839.16,0.1429,true
ST04,CITY3,High Street,2025-06-14,16,true,21,2,857.21,0.0952,true
ST05,CITY4,Mall,2025-06-15,17,true,49,5,1598.0,0.102,true
ST06,CITY5,High Street,2025-06-16,18,false,58,12,4590.44,0.2069,true
ST07,CITY0,Mall,2025-06-17,19,false,39,7,4505.07,0.1795,true
ST08,CITY1,High Street,2025-06-07,20,true,98,21,13270.77,0.2143,true
ST09,CITY2,Mall,2025-06-08,21,true,38,3,915.36,0.0789,true
ST10,CITY3,High Street,2025-06-09,10,false,32,8,4879.68,0.25,true
ST11,CITY4,Mall,2025-06-10,11,false,36,6,3366.83,0.1667,true
ST12,CITY5,High Street,2025-06-11,12,false,33,5,2006.42,0.1515,true
ST01,CITY0,Mall,2025-06-11,14,false,13,1,461.89,0.0769,true
ST02,CITY1,High Street,2025-06-12,15,false,20,2,979.73,0.1,true
ST03,CITY2,Mall,2025-06-13,16,false,17,2,1045.49,0.1176,true
ST04,CITY3,High Street,2025-06-14,17,true,60,14,6424.4,0.2333,true
ST05,CITY4,Mall,2025-06-15,18,true,63,6,2266.12,0.0952,true
ST06,CITY5,High Street,2025-06-16,19,false,57,12,5749.14,0.2105,true
ST07,CITY0,Mall,2025-06-17,20,false,39,7,2757.96,0.1795,true
ST08,CITY1,High Street,2025-06-07,21,true,55,12,6180.59,0.2182,true
ST09,CITY2,Mall,2025-06-08,10,true,41,3,1077.59,0.0732,true
ST10,CITY3,High Street,2025-06-09,11,false,37,9,4629.6,0.2432,true
ST11,CITY4,Mall,2025-06-10,12,false,38,7,4286.14,0.1842,true
ST12,CITY5,High Street,2025-06-11,13,false,32,5,1573.21,0.1563,true
ST01,CITY0,Mall,2025-06-11,15,false,18,1,422.29,0.0556,true
ST02,CITY1,High Street,2025-06-12,16,false,23,3,779.85,0.1304,true
ST03,CITY2,Mall,2025-06-13,17,false,25,7,2720.46,0.28,true
ST04,CITY3,High Street,2025-06-14,18,true,94,22,12257.96,0.234,true
ST05,CITY4,Mall,2025-06-15,19,true,94,9,3037.29,0.0957,true
ST06,CITY5,High Street,2025-06-16,20,false,66,14,8083.55,0.2121,true
ST07,CITY0,Mall,2025-06-17,21,false,31,5,3311.26,0.1613,true
ST08,CITY1,High Street,2025-06-07,10,true,40,9,4041.03,0.225,true
ST09,CITY2,Mall,2025-06-08,11,true,44,3,2493.45,0.0682,true
ST10,CITY3,High Street,2025-06-09,12,false,36,9,3566.87,0.25,true
ST11,CITY4,Mall,2025-06-10,13,false,27,5,1087.68,0.1852,true
ST12,CITY5,High Street,2025-06-11,14,false,19,1,730.27,0.0526,true
ST01,CITY0,Mall,2025-06-11,16,false,17,1,4298.86,0.0588,true
ST02,CITY1,High Street,2025-06-12,17,false,37,9,2599.27,0.2432,true
ST03,CITY2,Mall,2025-06-13,18,false,68,18,11233.51,0.2647,true
ST04,CITY3,High Street,2025-06-14,19,true,65,15,9370.57,0.2308,true
ST05,CITY4,Mall,2025-06-15,20,true,97,9,4441.35,0.0928,true
ST06,CITY5,High Street,2025-06-16,21,false,38,8,5335.89,0.2105,true
ST07,CITY0,Mall,2025-06-17,10,false,28,5,2027.57,0.1786,true
ST08,CITY1,High Street,2025-06-07,11,true,35,8,6987.42,0.2286,true
ST09,CITY2,Mall,2025-06-08,12,true,62,5,1622.98,0.0806,true
ST10,CITY3,High Street,2025-06-09,13,false,24,6,3021.61,0.25,true
ST11,CITY4,Mall,2025-06-10,14,false,21,2,643.93,0.0952,true
ST12,CITY5,High Street,2025-06-11,15,false,20,1,107.08,0.05,true
ST01,CITY0,Mall,2025-06-11,17,false,27,5,1454.18,0.1852,true
ST02,CITY1,High Street,2025-06-12,18,false,39,10,5575.45,0.2564,true
ST03,CITY2,Mall,2025-06-13,19,false,38,10,6967.67,0.2632,true
ST04,CITY3,High Street,2025-06-14,20,true,68,16,8898.2,0.2353,true
ST05,CITY4,Mall,2025-06-15,21,true,35,3,1341.46,0.0857,true
ST06,CITY5,High Street,2025-06-16,10,false,25,5,2187.28,0.2,true
ST07,CITY0,Mall,2025-06-17,11,false,33,6,3933.55,0.1818,true
ST08,CITY1,High Street,2025-06-07,12,true,59,13,5557.38,0.2203,true
ST09,CITY2,Mall,2025-06-08,13,true,51,4,1892.16,0.0784,true
ST10,CITY3,High Street,2025-06-09,14,false,15,2,1140.72,0.1333,true
ST11,CITY4,Mall,2025-06-10,15,false,22,2,598.09,0.0909,true
ST12,CITY5,High Street,2025-06-11,16,false,19,1,318.47,0.0526,true
ST01,CITY0,Mall,2025-06-11,18,false,61,11,5366.97,0.1803,true
ST02,CITY1,High Street,2025-06-12,19,false,49,12,5273.71,0.2449,true
ST03,CITY2,Mall,2025-06-13,20,false,69,19,11194.99,0.2754,true
ST04,CITY3,High Street,2025-06-14,21,true,50,12,6406.22,0.24,true
ST05,CITY4,Mall,2025-06-15,10,true,55,5,3286.95,0.0909,true
ST06,CITY5,High Street,2025-06-16,11,false,31,6,3419.19,0.1935,true
ST07,CITY0,Mall,2025-06-17,12,false,36,6,2955.22,0.1667,true
ST08,CITY1,High Street,2025-06-07,13,true,59,13,8392.3,0.2203,true
ST09,CITY2,Mall,2025-06-08,14,true,32,1,969.33,0.0313,true
ST10,CITY3,High Street,2025-06-09,15,false,23,3,2625.33,0.1304,true
ST11,CITY4,Mall,2025-06-10,16,false,21,2,946.13,0.0952,true
ST12,CITY5,High Street,2025-06-11,17,false,27,4,1379.23,0.1481,true
ST01,CITY0,Mall,2025-06-11,19,false,60,11,6131.48,0.1833,true
ST02,CITY1,High Street,2025-06-12,20,false,63,16,7448.41,0.254,true
ST03,CITY2,Mall,2025-06-13,21,false,26,7,2762.34,0.2692,true
ST04,CITY3,High Street,2025-06-14,10,true,42,10,3138.75,0.2381,true
ST05,CITY4,Mall,2025-06-15,11,true,57,5,3090.01,0.0877,true
ST06,CITY5,High Street,2025-06-16,12,false,27,6,3658.59,0.2222,true
ST07,CITY0,Mall,2025-06-17,13,false,39,7,3768.38,0.1795,true
ST08,CITY1,High Street,2025-06-07,14,true,33,3,1188.04,0.0909,true
ST09,CITY2,Mall,2025-06-08,15,true,27,1,639.13,0.037,true
ST10,CITY3,High Street,2025-06-09,16,false,21,2,1457.71,0.0952,true
ST11,CITY4,Mall,2025-06-10,17,false,22,4,1536.71,0.1818,true
ST12,CITY5,High Street,2025-06-11,18,false,68,10,4559.05,0.1471,true
ST01,CITY0,Mall,2025-06-11,20,false,46,8,4876.99,0.1739,true
ST02,CITY1,High Street,2025-06-12,21,false,26,6,1725.47,0.2308,true
ST03,CITY2,Mall,2025-06-13,10,false,37,10,6640.53,0.2703,true
ST04,CITY3,High Street,2025-06-14,11,true,59,14,6959.36,0.2373,true
ST05,CITY4,Mall,2025-06-15,12,true,53,5,1475.62,0.0943,true
ST06,CITY5,High Street,2025-06-16,13,false,22,5,1764.55,0.2273,true
ST07,CITY0,Mall,2025-06-17,14,false,20,2,492.15,0.1,true
ST08,CITY1,High Street,2025-06-07,15,true,34,3,1524.56,0.0882,true
ST09,CITY2,Mall,2025-06-08,16,true,33,1,119.9,0.0303,true
ST10,CITY3,High Street,2025-06-09,17,false,38,9,4355.03,0.2368,true
ST11,CITY4,Mall,2025-06-10,18,false,53,9,4426.52,0.1698,true
ST12,CITY5,High Street,2025-06-11,19,false,44,7,2338.83,0.1591,true
ST01,CITY0,Mall,2025-06-11,21,false,25,4,1428.62,0.16,true
ST02,CITY1,High Street,2025-06-12,10,false,,5,1663.68,,false
ST03,CITY2,Mall,2025-06-13,11,false,23,6,2419.8,0.2609,true
ST04,CITY3,High Street,2025-06-14,12,true,56,13,6344.53,0.2321,true
ST05,CITY4,Mall,2025-06-15,13,true,57,5,3046.59,0.0877,true
ST06,CITY5,High Street,2025-06-16,14,false,19,2,3593.34,0.1053,true
ST07,CITY0,Mall,2025-06-17,15,false,20,2,1263.04,0.1,true
ST08,CITY1,High Street,2025-06-07,16,true,,3,2165.6,,false
ST09,CITY2,Mall,2025-06-08,17,true,35,3,1158.58,0.0857,true
ST10,CITY3,High Street,2025-06-09,18,false,50,12,6566.7,0.24,true
ST11,CITY4,Mall,2025-06-10,19,false,58,10,5570.86,0.1724,true
ST12,CITY5,High Street,2025-06-11,20,false,66,10,5239.42,0.1515,true
ST01,CITY0,Mall,2025-06-12,10,false,,4,1918.52,,false
ST02,CITY1,High Street,2025-06-13,11,false,31,8,5991.53,0.2581,true
ST03,CITY2,Mall,2025-06-14,12,true,38,9,4665.33,0.2368,true
ST04,CITY3,High Street,2025-06-15,13,true,53,12,9135.49,0.2264,true
ST05,CITY4,Mall,2025-06-16,14,false,18,1,201.46,0.0556,true
ST06,CITY5,High Street,2025-06-17,15,false,20,2,889.78,0.1,true
ST07,CITY0,Mall,2025-06-07,16,true,,2,831.73,,false
ST08,CITY1,High Street,2025-06-08,17,true,43,9,5306.38,0.2093,true
ST09,CITY2,Mall,2025-06-09,18,false,66,6,3762.95,0.0909,true
ST10,CITY3,High Street,2025-06-10,19,false,50,12,8078.56,0.24,true
ST11,CITY4,Mall,2025-06-11,20,false,41,7,2759.71,0.1707,true
ST12,CITY5,High Street,2025-06-12,21,false,36,6,3381.89,0.1667,true
ST01,CITY0,Mall,2025-06-12,11,false,,5,2377.64,,false
ST02,CITY1,High Street,2025-06-13,12,false,30,7,4536.3,0.2333,true
ST03,CITY2,Mall,2025-06-14,13,true,61,14,8731.87,0.2295,true
ST04,CITY3,High Street,2025-06-15,14,true,31,3,1091.99,0.0968,true
ST05,CITY4,Mall,2025-06-16,15,false,20,1,700.59,0.05,true
ST06,CITY5,High Street,2025-06-17,16,false,21,2,474.49,0.0952,true
ST07,CITY0,Mall,2025-06-07,17,true,,6,2301.81,,false
ST08,CITY1,High Street,2025-06-08,18,true,76,16,9602.18,0.2105,true
ST09,CITY2,Mall,2025-06-09,19,false,63,6,3379.81,0.0952,true
ST10,CITY3,High Street,2025-06-10,20,false,41,10,6548.32,0.2439,true
ST11,CITY4,Mall,2025-06-11,21,false,26,5,2909.73,0.1923,true
ST12,CITY5,High Street,2025-06-12,10,false,,4,3420.68,,false
ST01,CITY0,Mall,2025-06-12,12,false,,7,3711.39,,false
ST02,CITY1,High Street,2025-06-13,13,false,31,8,4235.09,0.2581,true
ST03,CITY2,Mall,2025-06-14,14,true,21,2,1344.28,0.0952,true
ST04,CITY3,High Street,2025-06-15,15,true,37,4,2437.75,0.1081,true
ST05,CITY4,Mall,2025-06-16,16,false,,1,183.58,,false
ST06,CITY5,High Street,2025-06-17,17,false,37,8,4479.79,0.2162,true
ST07,CITY0,Mall,2025-06-07,18,true,78,11,4697.44,0.141,true
ST08,CITY1,High Street,2025-06-08,19,true,85,18,8659.18,0.2118,true
ST09,CITY2,Mall,2025-06-09,20,false,39,4,1845.16,0.1026,true
ST10,CITY3,High Street,2025-06-10,21,false,31,8,2901.6,0.2581,true
ST11,CITY4,Mall,2025-06-11,10,false,23,4,1663.19,0.1739,true
ST12,CITY5,High Street,2025-06-12,11,false,,4,4048.12,,false
ST01,CITY0,Mall,2025-06-12,13,false,26,5,3212.23,0.1923,true
ST02,CITY1,High Street,2025-06-13,14,false,15,2,2744.16,0.1333,true
ST03,CITY2,Mall,2025-06-14,15,true,30,3,2476.53,0.1,true
ST04,CITY3,High Street,2025-06-15,16,true,29,3,1791.08,0.1034,true
ST05,CITY4,Mall,2025-06-16,17,false,,4,1969.06,,false
ST06,CITY5,High Street,2025-06-17,18,false,67,14,7790.3,0.209,true
ST07,CITY0,Mall,2025-06-07,19,true,87,13,4485.33,0.1494,true
ST08,CITY1,High Street,2025-06-08,20,true,66,14,6005.96,0.2121,true
ST09,CITY2,Mall,2025-06-09,21,false,27,2,328.33,0.0741,true
ST10,CITY3,High Street,2025-06-10,10,false,32,8,4183.3,0.25,true
ST11,CITY4,Mall,2025-06-11,11,false,21,4,1115.11,0.1905,true
ST12,CITY5,High Street,2025-06-12,12,false,,4,1533.0,,false
ST01,CITY0,Mall,2025-06-12,14,false,19,2,2739.66,0.1053,true
ST02,CITY1,High Street,2025-06-13,15,false,13,1,455.16,0.0769,true
ST03,CITY2,Mall,2025-06-14,16,true,33,3,2372.47,0.0909,true
ST04,CITY3,High Street,2025-06-15,17,true,60,14,6594.64,0.2333,true
ST05,CITY4,Mall,2025-06-16,18,false,45,5,2921.59,0.1111,true
ST06,CITY5,High Street,2025-06-17,19,false,61,13,9969.1,0.2131,true
ST07,CITY0,Mall,2025-06-07,20,true,85,12,4972.68,0.1412,true
ST08,CITY1,High Street,2025-06-08,21,true,56,12,9188.71,0.2143,true
ST09,CITY2,Mall,2025-06-09,10,false,31,3,796.57,0.0968,true
ST10,CITY3,High Street,2025-06-10,11,false,32,8,3534.63,0.25,true
ST11,CITY4,Mall,2025-06-11,12,false,22,4,2867.5,0.1818,true
ST12,CITY5,High Street,2025-06-12,13,false,28,4,1800.73,0.1429,true
ST01,CITY0,Mall,2025-06-12,15,false,15,1,481.63,0.0667,true
ST02,CITY1,High Street,2025-06-13,16,false,14,2,1313.09,0.1429,true
ST03,CITY2,Mall,2025-06-14,17,true,36,8,6467.97,0.2222,true
ST04,CITY3,High Street,2025-06-15,18,true,70,16,8112.72,0.2286,true
ST05,CITY4,Mall,2025-06-16,19,false,46,5,1664.65,0.1087,true
ST06,CITY5,High Street,2025-06-17,20,false,59,12,6106.3,0.2034,true
ST07,CITY0,Mall,2025-06-07,21,true,57,8,2533.37,0.1404,true
ST08,CITY1,High Street,2025-06-08,10,true,48,10,5559.58,0.2083,true
ST09,CITY2,Mall,2025-06-09,11,false,37,3,1408.42,0.0811,true
ST10,CITY3,High Street,2025-06-10,12,false,38,9,4607.97,0.2368,true
ST11,CITY4,Mall,2025-06-11,13,false,29,5,3706.54,0.1724,true
ST12,CITY5,High Street,2025-06-12,14,false,15,1,1083.19,0.0667,true
ST01,CITY0,Mall,2025-06-12,16,false,15,1,995.19,0.0667,true
ST02,CITY1,High Street,2025-06-13,17,false,31,8,3714.5,0.2581,true
ST03,CITY2,Mall,2025-06-14,18,true,109,25,11613.69,0.2294,true
ST04,CITY3,High Street,2025-06-15,19,true,107,25,11669.71,0.2336,true
ST05,CITY4,Mall,2025-06-16,20,false,41,5,1824.66,0.122,true
ST06,CITY5,High Street,2025-06-17,21,false,39,8,3177.08,0.2051,true
ST07,CITY0,Mall,2025-06-07,10,true,51,7,3356.32,0.1373,true
ST08,CITY1,High Street,2025-06-08,11,true,37,8,4706.82,0.2162,true
ST09,CITY2,Mall,2025-06-09,12,false,37,3,989.13,0.0811,true
ST10,CITY3,High Street,2025-06-10,13,false,27,7,3064.49,0.2593,true
ST11,CITY4,Mall,2025-06-11,14,false,16,1,189.58,0.0625,true
ST12,CITY5,High Street,2025-06-12,15,false,17,1,442.01,0.0588,true
ST01,CITY0,Mall,2025-06-12,17,false,37,7,4271.29,0.1892,true
ST02,CITY1,High Street,2025-06-13,18,false,44,11,5175.23,0.25,true
ST03,CITY2,Mall,2025-06-14,19,true,101,23,11872.4,0.2277,true
ST04,CITY3,High Street,2025-06-15,20,true,66,15,8066.36,0.2273,true
ST05,CITY4,Mall,2025-06-16,21,false,22,2,1379.39,0.0909,true
ST06,CITY5,High Street,2025-06-17,10,false,23,5,3220.24,0.2174,true
ST07,CITY0,Mall,2025-06-07,11,true,46,7,3693.38,0.1522,true
ST08,CITY1,High Street,2025-06-08,12,true,52,11,4938.98,0.2115,true
ST09,CITY2,Mall,2025-06-09,13,false,32,3,868.92,0.0938,true
ST10,CITY3,High Street,2025-06-10,14,false,17,2,4657.04,0.1176,true
ST11,CITY4,Mall,2025-06-11,15,false,17,1,410.89,0.0588,true
ST12,CITY5,High Street,2025-06-12,16,false,19,1,132.01,0.0526,true
ST01,CITY0,Mall,2025-06-12,18,false,61,11,6685.06,0.1803,true
ST02,CITY1,High Street,2025-06-13,19,false,45,11,4794.78,0.2444,true
ST03,CITY2,Mall,2025-06-14,20,true,99,23,12180.61,0.2323,true
ST04,CITY3,High Street,2025-06-15,21,true,58,14,7015.22,0.2414,true
ST05,CITY4,Mall,2025-06-16,10,false,29,3,1613.67,0.1034,true
ST06,CITY5,High Street,2025-06-17,11,false,26,5,2408.66,0.1923,true
ST07,CITY0,Mall,2025-06-07,12,true,57,8,4204.67,0.1404,true
ST08,CITY1,High Street,2025-06-08,13,true,34,7,4031.65,0.2059,true
ST09,CITY2,Mall,2025-06-09,14,false,18,1,237.35,0.0556,true
ST10,CITY3,High Street,2025-06-10,15,false,17,2,1269.03,0.1176,true
ST11,CITY4,Mall,2025-06-11,16,false,20,2,1073.54,0.1,true
ST12,CITY5,High Street,2025-06-12,17,false,31,5,2332.32,0.1613,true
ST01,CITY0,Mall,2025-06-12,19,false,66,12,5794.3,0.1818,true
ST02,CITY1,High Street,2025-06-13,20,false,64,16,11883.13,0.25,true
ST03,CITY2,Mall,2025-06-14,21,true,56,13,7037.48,0.2321,true
ST04,CITY3,High Street,2025-06-15,10,true,56,13,6851.01,0.2321,true
ST05,CITY4,Mall,2025-06-16,11,false,30,3,1511.05,0.1,true
ST06,CITY5,High Street,2025-06-17,12,false,31,6,3117.68,0.1935,true
ST07,CITY0,Mall,2025-06-07,13,true,37,5,2909.48,0.1351,true
ST08,CITY1,High Street,2025-06-08,14,true,29,3,1583.02,0.1034,true
ST09,CITY2,Mall,2025-06-09,15,false,18,1,1382.83,0.0556,true
ST10,CITY3,High Street,2025-06-10,16,false,18,2,875.72,0.1111,true
ST11,CITY4,Mall,2025-06-11,17,false,37,7,4572.26,0.1892,true
ST12,CITY5,High Street,2025-06-12,18,false,51,8,5017.2,0.1569,true
ST01,CITY0,Mall,2025-06-12,20,false,52,9,3421.66,0.1731,true
ST02,CITY1,High Street,2025-06-13,21,false,33,8,3266.59,0.2424,true
ST03,CITY2,Mall,2025-06-14,10,true,54,12,8201.85,0.2222,true
ST04,CITY3,High Street,2025-06-15,11,true,49,11,5694.66,0.2245,true
ST05,CITY4,Mall,2025-06-16,12,false,27,3,1330.85,0.1111,true
ST06,CITY5,High Street,2025-06-17,13,false,29,6,4571.43,0.2069,true
ST07,CITY0,Mall,2025-06-07,14,true,37,2,512.68,0.0541,true
ST08,CITY1,High Street,2025-06-08,15,true,28,3,1373.23,0.1071,true
ST09,CITY2,Mall,2025-06-09,16,false,13,1,347.21,0.0769,true
ST10,CITY3,High Street,2025-06-10,17,false,30,7,4245.61,0.2333,true
ST11,CITY4,Mall,2025-06-11,18,false,70,12,5981.93,0.1714,true
ST12,CITY5,High Street,2025-06-12,19,false,60,9,6177.77,0.15,true
ST01,CITY0,Mall,2025-06-12,21,false,36,6,4191.02,0.1667,true
ST02,CITY1,High Street,2025-06-13,10,false,34,8,3253.13,0.2353,true
ST03,CITY2,Mall,2025-06-14,11,true,49,11,6169.8,0.2245,true
ST04,CITY3,High Street,2025-06-15,12,true,45,11,5467.87,0.2444,true
ST05,CITY4,Mall,2025-06-16,13,false,27,3,1651.84,0.1111,true
ST06,CITY5,High Street,2025-06-17,14,false,22,2,1440.28,0.0909,true
ST07,CITY0,Mall,2025-06-07,15,true,25,2,427.2,0.08,true
ST08,CITY1,High Street,2025-06-08,16,true,37,4,1667.52,0.1081,true
ST09,CITY2,Mall,2025-06-09,17,false,32,3,1032.14,0.0938,true
ST10,CITY3,High Street,2025-06-10,18,false,42,10,3940.6,0.2381,true
ST11,CITY4,Mall,2025-06-11,19,false,40,7,3053.32,0.175,true
ST12,CITY5,High Street,2025-06-12,20,false,59,9,5320.21,0.1525,true
ST01,CITY0,Mall,2025-06-13,10,false,31,5,1833.92,0.1613,true
ST02,CITY1,High Street,2025-06-14,11,true,57,12,7059.27,0.2105,true
ST03,CITY2,Mall,2025-06-15,12,true,52,12,8121.74,0.2308,true
ST04,CITY3,High Street,2025-06-16,13,false,26,7,2366.94,0.2692,true
ST05,CITY4,Mall,2025-06-17,14,false,15,1,701.37,0.0667,true
ST06,CITY5,High Street,2025-06-07,15,true,27,2,1282.71,0.0741,true
ST07,CITY0,Mall,2025-06-08,16,true,36,2,3047.54,0.0556,true
ST08,CITY1,High Street,2025-06-09,17,false,33,8,4400.75,0.2424,true
ST09,CITY2,Mall,2025-06-10,18,false,47,4,2993.58,0.0851,true
ST10,CITY3,High Street,2025-06-11,19,false,49,12,5210.82,0.2449,true
ST11,CITY4,Mall,2025-06-12,20,false,48,8,4469.88,0.1667,true
ST12,CITY5,High Street,2025-06-13,21,false,21,3,1059.62,0.1429,true
ST01,CITY0,Mall,2025-06-13,11,false,30,5,2574.38,0.1667,true
ST02,CITY1,High Street,2025-06-14,12,true,44,9,6791.51,0.2045,true
ST03,CITY2,Mall,2025-06-15,13,true,38,9,3335.37,0.2368,true
ST04,CITY3,High Street,2025-06-16,14,false,15,2,686.52,0.1333,true
ST05,CITY4,Mall,2025-06-17,15,false,18,1,568.62,0.0556,true
ST06,CITY5,High Street,2025-06-07,16,true,,3,1522.68,,false
ST07,CITY0,Mall,2025-06-08,17,true,45,7,3022.5,0.1556,true
ST08,CITY1,High Street,2025-06-09,18,false,48,12,6429.57,0.25,true
ST09,CITY2,Mall,2025-06-10,19,false,44,4,1691.94,0.0909,true
ST10,CITY3,High Street,2025-06-11,20,false,49,12,5088.15,0.2449,true
ST11,CITY4,Mall,2025-06-12,21,false,35,6,2726.03,0.1714,true
ST12,CITY5,High Street,2025-06-13,10,false,29,4,1755.79,0.1379,true
ST01,CITY0,Mall,2025-06-13,12,false,22,4,1815.1,0.1818,true
ST02,CITY1,High Street,2025-06-14,13,true,56,12,4768.39,0.2143,true
ST03,CITY2,Mall,2025-06-15,14,true,33,3,2058.42,0.0909,true
ST04,CITY3,High Street,2025-06-16,15,false,14,2,1099.08,0.1429,true
ST05,CITY4,Mall,2025-06-17,16,false,19,1,418.78,0.0526,true
ST06,CITY5,High Street,2025-06-07,17,true,,6,3525.86,,false
ST07,CITY0,Mall,2025-06-08,18,true,61,9,4728.36,0.1475,true
ST08,CITY1,High Street,2025-06-09,19,false,39,10,4963.18,0.2564,true
ST09,CITY2,Mall,2025-06-10,20,false,59,5,1484.61,0.0847,true
ST10,CITY3,High Street,2025-06-11,21,false,31,8,9918.87,0.2581,true
ST11,CITY4,Mall,2025-06-12,10,false,,5,2363.76,,false
ST12,CITY5,High Street,2025-06-13,11,false,37,6,4850.56,0.1622,true
ST01,CITY0,Mall,2025-06-13,13,false,21,4,2244.95,0.1905,true
ST02,CITY1,High Street,2025-06-14,14,true,31,3,919.24,0.0968,true
ST03,CITY2,Mall,2025-06-15,15,true,20,2,1572.42,0.1,true
ST04,CITY3,High Street,2025-06-16,16,false,,2,738.25,,false
ST05,CITY4,Mall,2025-06-17,17,false,33,4,4163.65,0.1212,true
ST06,CITY5,High Street,2025-06-07,18,true,92,16,8755.13,0.1739,true
ST07,CITY0,Mall,2025-06-08,19,true,91,13,5368.85,0.1429,true
ST08,CITY1,High Street,2025-06-09,20,false,63,16,7882.92,0.254,true
ST09,CITY2,Mall,2025-06-10,21,false,22,2,673.05,0.0909,true
ST10,CITY3,High Street,2025-06-11,10,false,38,9,7392.53,0.2368,true
ST11,CITY4,Mall,2025-06-12,11,false,,6,1539.1,,false
ST12,CITY5,High Street,2025-06-13,12,false,23,4,1447.19,0.1739,true
ST01,CITY0,Mall,2025-06-13,14,false,13,1,415.83,0.0769,true
ST02,CITY1,High Street,2025-06-14,15,true,25,2,334.49,0.08,true
ST03,CITY2,Mall,2025-06-15,16,true,37,4,1607.27,0.1081,true
ST04,CITY3,High Street,2025-06-16,17,false,,10,4872.87,,false
ST05,CITY4,Mall,2025-06-17,18,false,67,7,2630.11,0.1045,true
ST06,CITY5,High Street,2025-06-07,19,true,91,16,7555.54,0.1758,true
ST07,CITY0,Mall,2025-06-08,20,true,61,9,4035.06,0.1475,true
ST08,CITY1,High Street,2025-06-09,21,false,38,10,4195.32,0.2632,true
ST09,CITY2,Mall,2025-06-10,10,false,25,2,808.28,0.08,true
ST10,CITY3,High Street,2025-06-11,11,false,38,9,2988.39,0.2368,true
ST11,CITY4,Mall,2025-06-12,12,false,,5,3139.24,,false
ST12,CITY5,High Street,2025-06-13,13,false,26,4,1721.43,0.1538,true
ST01,CITY0,Mall,2025-06-13,15,false,13,1,241.76,0.0769,true
ST02,CITY1,High Street,2025-06-14,16,true,24,2,554.66,0.0833,true
ST03,CITY2,Mall,2025-06-15,17,true,52,12,9077.81,0.2308,true
ST04,CITY3,High Street,2025-06-16,18,false,58,16,7742.08,0.2759,true
ST05,CITY4,Mall,2025-06-17,19,false,65,7,2052.34,0.1077,true
ST06,CITY5,High Street,2025-06-07,20,true,93,16,5645.82,0.172,true
ST07,CITY0,Mall,2025-06-08,21,true,48,7,7353.43,0.1458,true
ST08,CITY1,High Street,2025-06-09,10,false,27,7,4425.84,0.2593,true
ST09,CITY2,Mall,2025-06-10,11,false,31,3,1116.47,0.0968,true
ST10,CITY3,High Street,2025-06-11,12,false,36,9,2932.03,0.25,true
ST11,CITY4,Mall,2025-06-12,13,false,27,5,1622.04,0.1852,true
ST12,CITY5,High Street,2025-06-13,14,false,13,1,460.07,0.0769,true
ST01,CITY0,Mall,2025-06-13,16,false,19,2,1078.64,0.1053,true
ST02,CITY1,High Street,2025-06-14,17,true,43,9,5607.73,0.2093,true
ST03,CITY2,Mall,2025-06-15,18,true,79,18,7702.94,0.2278,true
ST04,CITY3,High Street,2025-06-16,19,false,44,12,4783.24,0.2727,true
ST05,CITY4,Mall,2025-06-17,20,false,42,5,3371.72,0.119,true
ST06,CITY5,High Street,2025-06-07,21,true,55,10,6470.02,0.1818,true
ST07,CITY0,Mall,2025-06-08,10,true,61,9,5073.23,0.1475,true
ST08,CITY1,High Street,2025-06-09,11,false,34,9,3962.27,0.2647,true
ST09,CITY2,Mall,2025-06-10,12,false,34,3,1193.35,0.0882,true
ST10,CITY3,High Street,2025-06-11,13,false,37,9,7417.74,0.2432,true
ST11,CITY4,Mall,2025-06-12,14,false,20,2,710.32,0.1,true
ST12,CITY5,High Street,2025-06-13,15,false,18,1,1669.04,0.0556,true
ST01,CITY0,Mall,2025-06-13,17,false,38,7,3122.2,0.1842,true
ST02,CITY1,High Street,2025-06-14,18,true,109,23,13089.25,0.211,true
ST03,CITY2,Mall,2025-06-15,19,true,95,22,14082.61,0.2316,true
ST04,CITY3,High Street,2025-06-16,20,false,57,16,7283.45,0.2807,true
ST05,CITY4,Mall,2025-06-17,21,false,26,3,1112.42,0.1154,true
ST06,CITY5,High Street,2025-06-07,10,true,40,7,2547.7,0.175,true
ST07,CITY0,Mall,2025-06-08,11,true,51,7,3661.37,0.1373,true
ST08,CITY1,High Street,2025-06-09,12,false,27,7,3367.97,0.2593,true
ST09,CITY2,Mall,2025-06-10,13,false,34,3,2277.11,0.0882,true
ST10,CITY3,High Street,2025-06-11,14,false,17,2,1930.63,0.1176,true
ST11,CITY4,Mall,2025-06-12,15,false,22,2,856.59,0.0909,true
ST12,CITY5,High Street,2025-06-13,16,false,14,1,1208.92,0.0714,true
ST01,CITY0,Mall,2025-06-13,18,false,67,12,6278.45,0.1791,true
ST02,CITY1,High Street,2025-06-14,19,true,72,15,5690.82,0.2083,true
ST03,CITY2,Mall,2025-06-15,20,true,86,20,11112.01,0.2326,true
ST04,CITY3,High Street,2025-06-16,21,false,24,7,5000.33,0.2917,true
ST05,CITY4,Mall,2025-06-17,10,false,31,3,2411.56,0.0968,true
ST06,CITY5,High Street,2025-06-07,11,true,42,7,4107.96,0.1667,true
ST07,CITY0,Mall,2025-06-08,12,true,61,9,2682.28,0.1475,true
ST08,CITY1,High Street,2025-06-09,13,false,24,6,3420.26,0.25,true
ST09,CITY2,Mall,2025-06-10,14,false,22,1,284.11,0.0455,true
ST10,CITY3,High Street,2025-06-11,15,false,15,2,1073.24,0.1333,true
ST11,CITY4,Mall,2025-06-12,16,false,14,1,471.67,0.0714,true
ST12,CITY5,High Street,2025-06-13,17,false,28,4,3967.9,0.1429,true
ST01,CITY0,Mall,2025-06-13,19,false,55,10,5419.24,0.1818,true
ST02,CITY1,High Street,2025-06-14,20,true,101,21,12278.51,0.2079,true
ST03,CITY2,Mall,2025-06-15,21,true,55,13,8303.29,0.2364,true
ST04,CITY3,High Street,2025-06-16,10,false,38,10,4553.56,0.2632,true
ST05,CITY4,Mall,2025-06-17,11,false,26,3,2085.12,0.1154,true
ST06,CITY5,High Street,2025-06-07,12,true,48,8,3485.04,0.1667,true
ST07,CITY0,Mall,2025-06-08,13,true,53,8,2396.8,0.1509,true
ST08,CITY1,High Street,2025-06-09,14,false,19,2,1222.24,0.1053,true
ST09,CITY2,Mall,2025-06-10,15,false,18,1,346.75,0.0556,true
ST10,CITY3,High Street,2025-06-11,16,false,21,2,873.67,0.0952,true
ST11,CITY4,Mall,2025-06-12,17,false,24,4,2549.93,0.1667,true
ST12,CITY5,High Street,2025-06-13,18,false,57,9,4512.1,0.1579,true
ST01,CITY0,Mall,2025-06-13,20,false,65,12,6411.55,0.1846,true
ST02,CITY1,High Street,2025-06-14,21,true,45,10,4462.78,0.2222,true
ST03,CITY2,Mall,2025-06-15,10,true,50,12,4747.02,0.24,true
ST04,CITY3,High Street,2025-06-16,11,false,22,6,2433.46,0.2727,true
ST05,CITY4,Mall,2025-06-17,12,false,23,3,877.33,0.1304,true
ST06,CITY5,High Street,2025-06-07,13,true,51,9,3226.32,0.1765,true
ST07,CITY0,Mall,2025-06-08,14,true,36,2,501.87,0.0556,true
ST08,CITY1,High Street,2025-06-09,15,false,17,2,1153.72,0.1176,true
ST09,CITY2,Mall,2025-06-10,16,false,21,1,240.28,0.0476,true
ST10,CITY3,High Street,2025-06-11,17,false,36,9,6359.46,0.25,true
ST11,CITY4,Mall,2025-06-12,18,false,55,10,4301.6,0.1818,true
ST12,CITY5,High Street,2025-06-13,19,false,63,10,4278.39,0.1587,true
ST01,CITY0,Mall,2025-06-13,21,false,33,6,3260.54,0.1818,true
ST02,CITY1,High Street,2025-06-14,10,true,53,11,5285.8,0.2075,true
ST03,CITY2,Mall,2025-06-15,11,true,44,10,5135.85,0.2273,true
ST04,CITY3,High Street,2025-06-16,12,false,36,10,6745.76,0.2778,true
ST05,CITY4,Mall,2025-06-17,13,false,31,3,888.39,0.0968,true
ST06,CITY5,High Street,2025-06-07,14,true,23,2,625.95,0.087,true
ST07,CITY0,Mall,2025-06-08,15,true,23,2,1121.02,0.087,true
ST08,CITY1,High Street,2025-06-09,16,false,18,2,1140.32,0.1111,true
ST09,CITY2,Mall,2025-06-10,17,false,32,3,1281.31,0.0938,true
ST10,CITY3,High Street,2025-06-11,18,false,55,13,7538.73,0.2364,true
ST11,CITY4,Mall,2025-06-12,19,false,60,11,5576.9,0.1833,true
ST12,CITY5,High Street,2025-06-13,20,false,39,6,2039.56,0.1538,true
ST01,CITY0,Mall,2025-06-14,10,true,35,5,1185.72,0.1429,true
ST02,CITY1,High Street,2025-06-15,11,true,49,10,4179.65,0.2041,true
ST03,CITY2,Mall,2025-06-16,12,false,36,10,3731.69,0.2778,true
ST04,CITY3,High Street,2025-06-17,13,false,24,7,2851.1,0.2917,true
ST05,CITY4,Mall,2025-06-07,14,true,24,1,157.77,0.0417,true
ST06,CITY5,High Street,2025-06-08,15,true,36,3,1184.86,0.0833,true
ST07,CITY0,Mall,2025-06-09,16,false,21,2,1590.48,0.0952,true
ST08,CITY1,High Street,2025-06-10,17,false,35,9,5132.53,0.2571,true
ST09,CITY2,Mall,2025-06-11,18,false,44,4,1712.72,0.0909,true
ST10,CITY3,High Street,2025-06-12,19,false,53,13,6788.43,0.2453,true
ST11,CITY4,Mall,2025-06-13,20,false,49,9,2299.25,0.1837,true
ST12,CITY5,High Street,2025-06-14,21,true,37,5,4444.56,0.1351,true
ST01,CITY0,Mall,2025-06-14,11,true,44,7,4844.08,0.1591,true
ST02,CITY1,High Street,2025-06-15,12,true,45,10,5329.6,0.2222,true
ST03,CITY2,Mall,2025-06-16,13,false,38,10,4956.36,0.2632,true
ST04,CITY3,High Street,2025-06-17,14,false,23,3,1170.58,0.1304,true
ST05,CITY4,Mall,2025-06-07,15,true,26,1,691.18,0.0385,true
ST06,CITY5,High Street,2025-06-08,16,true,27,2,2503.02,0.0741,true
ST07,CITY0,Mall,2025-06-09,17,false,35,6,4289.94,0.1714,true
ST08,CITY1,High Street,2025-06-10,18,false,65,17,9593.71,0.2615,true
ST09,CITY2,Mall,2025-06-11,19,false,43,4,2198.13,0.093,true
ST10,CITY3,High Street,2025-06-12,20,false,61,15,6123.29,0.2459,true
ST11,CITY4,Mall,2025-06-13,21,false,29,5,3469.36,0.1724,true
ST12,CITY5,High Street,2025-06-14,10,true,34,4,1557.3,0.1176,true
ST01,CITY0,Mall,2025-06-14,12,true,62,9,3726.98,0.1452,true
ST02,CITY1,High Street,2025-06-15,13,true,54,11,6635.1,0.2037,true
ST03,CITY2,Mall,2025-06-16,14,false,19,2,927.78,0.1053,true
ST04,CITY3,High Street,2025-06-17,15,false,18,2,870.87,0.1111,true
ST05,CITY4,Mall,2025-06-07,16,true,,1,241.3,,false
ST06,CITY5,High Street,2025-06-08,17,true,60,11,4214.7,0.1833,true
ST07,CITY0,Mall,2025-06-09,18,false,58,10,4626.22,0.1724,true
ST08,CITY1,High Street,2025-06-10,19,false,59,15,9288.98,0.2542,true
ST09,CITY2,Mall,2025-06-11,20,false,61,6,3084.73,0.0984,true
ST10,CITY3,High Street,2025-06-12,21,false,34,8,4149.72,0.2353,true
ST11,CITY4,Mall,2025-06-13,10,false,33,6,1260.59,0.1818,true
ST12,CITY5,High Street,2025-06-14,11,true,53,7,3064.55,0.1321,true
ST01,CITY0,Mall,2025-06-14,13,true,61,9,3435.92,0.1475,true
ST02,CITY1,High Street,2025-06-15,14,true,30,3,1307.83,0.1,true
ST03,CITY2,Mall,2025-06-16,15,false,23,3,853.84,0.1304,true
ST04,CITY3,High Street,2025-06-17,16,false,16,2,927.61,0.125,true
ST05,CITY4,Mall,2025-06-07,17,true,,3,1556.83,,false
ST06,CITY5,High Street,2025-06-08,18,true,85,15,7370.03,0.1765,true
ST07,CITY0,Mall,2025-06-09,19,false,52,9,4084.1,0.1731,true
ST08,CITY1,High Street,2025-06-10,20,false,60,15,9645.67,0.25,true
ST09,CITY2,Mall,2025-06-11,21,false,35,3,1423.53,0.0857,true
ST10,CITY3,High Street,2025-06-12,10,false,,7,4012.68,,false
ST11,CITY4,Mall,2025-06-13,11,false,25,4,1118.64,0.16,true
ST12,CITY5,High Street,2025-06-14,12,true,40,5,2670.9,0.125,true
ST01,CITY0,Mall,2025-06-14,14,true,32,2,1456.95,0.0625,true
ST02,CITY1,High Street,2025-06-15,15,true,29,3,1943.21,0.1034,true
ST03,CITY2,Mall,2025-06-16,16,false,,3,930.22,,false
ST04,CITY3,High Street,2025-06-17,17,false,32,9,3161.31,0.2813,true
ST05,CITY4,Mall,2025-06-07,18,true,73,7,4240.51,0.0959,true
ST06,CITY5,High Street,2025-06-08,19,true,70,12,5514.95,0.1714,true
ST07,CITY0,Mall,2025-06-09,20,false,58,10,3636.46,0.1724,true
ST08,CITY1,High Street,2025-06-10,21,false,35,9,4525.54,0.2571,true
ST09,CITY2,Mall,2025-06-11,10,false,24,2,670.58,0.0833,true
ST10,CITY3,High Street,2025-06-12,11,false,,9,3901.63,,false
ST11,CITY4,Mall,2025-06-13,12,false,33,6,2008.56,0.1818,true
ST12,CITY5,High Street,2025-06-14,13,true,51,7,2361.91,0.1373,true
ST01,CITY0,Mall,2025-06-14,15,true,25,2,976.76,0.08,true
ST02,CITY1,High Street,2025-06-15,16,true,27,3,2113.74,0.1111,true
ST03,CITY2,Mall,2025-06-16,17,false,,10,3836.5,,false
ST04,CITY3,High Street,2025-06-17,18,false,66,18,8861.61,0.2727,true
ST05,CITY4,Mall,2025-06-07,19,true,79,7,4319.59,0.0886,true
ST06,CITY5,High Street,2025-06-08,20,true,62,11,3565.65,0.1774,true
ST07,CITY0,Mall,2025-06-09,21,false,34,6,4539.28,0.1765,true
ST08,CITY1,High Street,2025-06-10,10,false,34,9,4211.63,0.2647,true
ST09,CITY2,Mall,2025-06-11,11,false,34,3,2178.08,0.0882,true
ST10,CITY3,High Street,2025-06-12,12,false,,8,8356.88,,false
ST11,CITY4,Mall,2025-06-13,13,false,35,6,4388.08,0.1714,true
ST12,CITY5,High Street,2025-06-14,14,true,24,1,685.85,0.0417,true
ST01,CITY0,Mall,2025-06-14,16,true,35,2,3222.1,0.0571,true
ST02,CITY1,High Street,2025-06-15,17,true,42,9,3911.0,0.2143,true
ST03,CITY2,Mall,2025-06-16,18,false,65,18,7923.7,0.2769,true
ST04,CITY3,High Street,2025-06-17,19,false,67,18,9670.7,0.2687,true
ST05,CITY4,Mall,2025-06-07,20,true,110,10,4520.03,0.0909,true
ST06,CITY5,High Street,2025-06-08,21,true,60,11,5385.88,0.1833,true
ST07,CITY0,Mall,2025-06-09,10,false,23,4,1515.61,0.1739,true
ST08,CITY1,High Street,2025-06-10,11,false,30,8,3474.29,0.2667,true
ST09,CITY2,Mall,2025-06-11,12,false,36,3,1400.65,0.0833,true
ST10,CITY3,High Street,2025-06-12,13,false,29,7,4690.59,0.2414,true
ST11,CITY4,Mall,2025-06-13,14,false,17,1,2194.4,0.0588,true
ST12,CITY5,High Street,2025-06-14,15,true,31,2,665.99,0.0645,true
ST01,CITY0,Mall,2025-06-14,17,true,54,8,2990.32,0.1481,true
ST02,CITY1,High Street,2025-06-15,18,true,105,22,10138.12,0.2095,true
ST03,CITY2,Mall,2025-06-16,19,false,56,15,8232.8,0.2679,true
ST04,CITY3,High Street,2025-06-17,20,false,40,11,4710.22,0.275,true
ST05,CITY4,Mall,2025-06-07,21,true,41,4,1848.53,0.0976,true
ST06,CITY5,High Street,2025-06-08,10,true,42,7,2211.14,0.1667,true
ST07,CITY0,Mall,2025-06-09,11,false,21,4,4529.95,0.1905,true
ST08,CITY1,High Street,2025-06-10,12,false,37,9,3879.02,0.2432,true
ST09,CITY2,Mall,2025-06-11,13,false,22,2,2428.81,0.0909,true
ST10,CITY3,High Street,2025-06-12,14,false,14,2,1568.68,0.1429,true
ST11,CITY4,Mall,2025-06-13,15,false,15,1,413.36,0.0667,true
ST12,CITY5,High Street,2025-06-14,16,true,36,2,358.64,0.0556,true
ST01,CITY0,Mall,2025-06-14,18,true,103,15,9241.13,0.1456,true
ST02,CITY1,High Street,2025-06-15,19,true,83,18,8289.78,0.2169,true
ST03,CITY2,Mall,2025-06-16,20,false,47,13,5947.56,0.2766,true
ST04,CITY3,High Street,2025-06-17,21,false,30,8,2340.51,0.2667,true
ST05,CITY4,Mall,2025-06-07,10,true,53,5,1479.37,0.0943,true
ST06,CITY5,High Street,2025-06-08,11,true,60,11,5521.53,0.1833,true
ST07,CITY0,Mall,2025-06-09,12,false,38,7,2828.04,0.1842,true
ST08,CITY1,High Street,2025-06-10,13,false,29,7,3196.17,0.2414,true
ST09,CITY2,Mall,2025-06-11,14,false,19,1,332.13,0.0526,true
ST10,CITY3,High Street,2025-06-12,15,false,21,2,869.1,0.0952,true
ST11,CITY4,Mall,2025-06-13,16,false,19,2,866.02,0.1053,true
ST12,CITY5,High Street,2025-06-14,17,true,45,6,3830.2,0.1333,true
ST01,CITY0,Mall,2025-06-14,19,true,108,16,10432.09,0.1481,true
ST02,CITY1,High Street,2025-06-15,20,true,70,15,9301.23,0.2143,true
ST03,CITY2,Mall,2025-06-16,21,false,27,7,3832.43,0.2593,true
ST04,CITY3,High Street,2025-06-17,10,false,27,7,4108.54,0.2593,true
ST05,CITY4,Mall,2025-06-07,11,true,44,4,1771.49,0.0909,true
ST06,CITY5,High Street,2025-06-08,12,true,36,6,3475.45,0.1667,true
ST07,CITY0,Mall,2025-06-09,13,false,38,7,3306.05,0.1842,true
ST08,CITY1,High Street,2025-06-10,14,false,18,2,946.41,0.1111,true
ST09,CITY2,Mall,2025-06-11,15,false,18,1,328.78,0.0556,true
ST10,CITY3,High Street,2025-06-12,16,false,14,2,752.54,0.1429,true
ST11,CITY4,Mall,2025-06-13,17,false,30,5,3334.7,0.1667,true
ST12,CITY5,High Street,2025-06-14,18,true,89,12,5842.16,0.1348,true
ST01,CITY0,Mall,2025-06-14,20,true,95,14,7303.8,0.1474,true
ST02,CITY1,High Street,2025-06-15,21,true,42,9,3818.7,0.2143,true
ST03,CITY2,Mall,2025-06-16,10,false,27,7,2579.87,0.2593,true
ST04,CITY3,High Street,2025-06-17,11,false,38,10,5093.29,0.2632,true
ST05,CITY4,Mall,2025-06-07,12,true,35,3,1362.79,0.0857,true
ST06,CITY5,High Street,2025-06-08,13,true,41,7,1604.87,0.1707,true
ST07,CITY0,Mall,2025-06-09,14,false,13,1,183.81,0.0769,true
ST08,CITY1,High Street,2025-06-10,15,false,18,2,1254.87,0.1111,true
ST09,CITY2,Mall,2025-06-11,16,false,22,1,320.48,0.0455,true
ST10,CITY3,High Street,2025-06-12,17,false,21,5,2245.86,0.2381,true
ST11,CITY4,Mall,2025-06-13,18,false,47,8,4259.7,0.1702,true
ST12,CITY5,High Street,2025-06-14,19,true,111,14,5743.12,0.1261,true
ST01,CITY0,Mall,2025-06-14,21,true,54,8,3378.96,0.1481,true
ST02,CITY1,High Street,2025-06-15,10,true,34,7,5673.62,0.2059,true
ST03,CITY2,Mall,2025-06-16,11,false,37,10,5207.17,0.2703,true
ST04,CITY3,High Street,2025-06-17,12,false,37,10,5239.65,0.2703,true
ST05,CITY4,Mall,2025-06-07,13,true,50,5,1784.65,0.1,true
ST06,CITY5,High Street,2025-06-08,14,true,25,2,1545.07,0.08,true
ST07,CITY0,Mall,2025-06-09,15,false,17,1,216.12,0.0588,true
ST08,CITY1,High Street,2025-06-10,16,false,13,1,163.23,0.0769,true
ST09,CITY2,Mall,2025-06-11,17,false,26,2,682.94,0.0769,true
ST10,CITY3,High Street,2025-06-12,18,false,68,17,7056.3,0.25,true
ST11,CITY4,Mall,2025-06-13,19,false,39,7,3664.34,0.1795,true
ST12,CITY5,High Street,2025-06-14,20,true,85,11,5334.83,0.1294,true
ST01,CITY0,Mall,2025-06-15,10,true,49,7,4772.89,0.1429,true
ST02,CITY1,High Street,2025-06-16,11,false,31,8,3666.67,0.2581,true
ST03,CITY2,Mall,2025-06-17,12,false,22,6,4726.89,0.2727,true
ST04,CITY3,High Street,2025-06-07,13,true,59,14,8314.06,0.2373,true
ST05,CITY4,Mall,2025-06-08,14,true,28,1,569.27,0.0357,true
ST06,CITY5,High Street,2025-06-09,15,false,23,2,1199.35,0.087,true
ST07,CITY0,Mall,2025-06-10,16,false,19,1,252.81,0.0526,true
ST08,CITY1,High Street,2025-06-11,17,false,28,7,3802.03,0.25,true
ST09,CITY2,Mall,2025-06-12,18,false,39,4,1834.24,0.1026,true
ST10,CITY3,High Street,2025-06-13,19,false,44,11,3624.31,0.25,true
ST11,CITY4,Mall,2025-06-14,20,true,112,17,14384.4,0.1518,true
ST12,CITY5,High Street,2025-06-15,21,true,44,6,1824.51,0.1364,true
ST01,CITY0,Mall,2025-06-15,11,true,35,5,1726.9,0.1429,true
ST02,CITY1,High Street,2025-06-16,12,false,21,5,2553.24,0.2381,true
ST03,CITY2,Mall,2025-06-17,13,false,26,7,6064.24,0.2692,true
ST04,CITY3,High Street,2025-06-07,14,true,30,3,2380.63,0.1,true
ST05,CITY4,Mall,2025-06-08,15,true,36,2,564.46,0.0556,true
ST06,CITY5,High Street,2025-06-09,16,false,13,1,247.65,0.0769,true
ST07,CITY0,Mall,2025-06-10,17,false,37,6,2157.92,0.1622,true
ST08,CITY1,High Street,2025-06-11,18,false,64,16,5479.73,0.25,true
ST09,CITY2,Mall,2025-06-12,19,false,70,6,2352.32,0.0857,true
ST10,CITY3,High Street,2025-06-13,20,false,59,14,6781.29,0.2373,true
ST11,CITY4,Mall,2025-06-14,21,true,34,5,3213.25,0.1471,true
ST12,CITY5,High Street,2025-06-15,10,true,52,7,4029.34,0.1346,true
ST01,CITY0,Mall,2025-06-15,12,true,60,9,4714.95,0.15,true
ST02,CITY1,High Street,2025-06-16,13,false,35,9,4554.36,0.2571,true
ST03,CITY2,Mall,2025-06-17,14,false,20,2,940.23,0.1,true
ST04,CITY3,High Street,2025-06-07,15,true,21,2,699.39,0.0952,true
ST05,CITY4,Mall,2025-06-08,16,true,21,1,342.52,0.0476,true
ST06,CITY5,High Street,2025-06-09,17,false,23,5,2928.22,0.2174,true
ST07,CITY0,Mall,2025-06-10,18,false,50,9,5851.79,0.18,true
ST08,CITY1,High Street,2025-06-11,19,false,54,14,5252.95,0.2593,true
ST09,CITY2,Mall,2025-06-12,20,false,40,4,1929.58,0.1,true
ST10,CITY3,High Street,2025-06-13,21,false,29,7,4241.53,0.2414,true
ST11,CITY4,Mall,2025-06-14,10,true,43,6,2425.85,0.1395,true
ST12,CITY5,High Street,2025-06-15,11,true,50,7,3316.53,0.14,true
ST01,CITY0,Mall,2025-06-15,13,true,36,5,3480.45,0.1389,true
ST02,CITY1,High Street,2025-06-16,14,false,21,2,7480.07,0.0952,true
ST03,CITY2,Mall,2025-06-17,15,false,13,2,819.27,0.1538,true
ST04,CITY3,High Street,2025-06-07,16,true,,3,1220.29,,false
ST05,CITY4,Mall,2025-06-08,17,true,45,4,3252.73,0.0889,true
ST06,CITY5,High Street,2025-06-09,18,false,43,9,4236.0,0.2093,true
ST07,CITY0,Mall,2025-06-10,19,false,62,11,5986.53,0.1774,true
ST08,CITY1,High Street,2025-06-11,20,false,66,17,7885.56,0.2576,true
ST09,CITY2,Mall,2025-06-12,21,false,27,2,970.33,0.0741,true
ST10,CITY3,High Street,2025-06-13,10,false,30,7,2814.65,0.2333,true
ST11,CITY4,Mall,2025-06-14,11,true,53,8,4253.2,0.1509,true
ST12,CITY5,High Street,2025-06-15,12,true,36,5,4118.72,0.1389,true
ST01,CITY0,Mall,2025-06-15,14,true,31,2,1041.49,0.0645,true
ST02,CITY1,High Street,2025-06-16,15,false,19,2,2148.57,0.1053,true
ST03,CITY2,Mall,2025-06-17,16,false,17,2,1050.93,0.1176,true
ST04,CITY3,High Street,2025-06-07,17,true,,10,4751.35,,false
ST05,CITY4,Mall,2025-06-08,18,true,78,7,2510.36,0.0897,true
ST06,CITY5,High Street,2025-06-09,19,false,62,13,7740.04,0.2097,true
ST07,CITY0,Mall,2025-06-10,20,false,49,8,3269.4,0.1633,true
ST08,CITY1,High Street,2025-06-11,21,false,22,6,2057.4,0.2727,true
ST09,CITY2,Mall,2025-06-12,10,false,,3,1464.23,,false
ST10,CITY3,High Street,2025-06-13,11,false,37,9,2969.62,0.2432,true
ST11,CITY4,Mall,2025-06-14,12,true,38,6,3352.19,0.1579,true
ST12,CITY5,High Street,2025-06-15,13,true,34,4,1720.55,0.1176,true
ST01,CITY0,Mall,2025-06-15,15,true,21,1,329.25,0.0476,true
ST02,CITY1,High Street,2025-06-16,16,false,,2,388.56,,false
ST03,CITY2,Mall,2025-06-17,17,false,29,8,3050.97,0.2759,true
ST04,CITY3,High Street,2025-06-07,18,true,84,20,10430.96,0.2381,true
ST05,CITY4,Mall,2025-06-08,19,true,96,9,3452.89,0.0938,true
ST06,CITY5,High Street,2025-06-09,20,false,64,13,5758.96,0.2031,true
ST07,CITY0,Mall,2025-06-10,21,false,35,6,3160.79,0.1714,true
ST08,CITY1,High Street,2025-06-11,10,false,33,8,5145.84,0.2424,true
ST09,CITY2,Mall,2025-06-12,11,false,,2,516.98,,false
ST10,CITY3,High Street,2025-06-13,12,false,33,8,3599.9,0.2424,true
ST11,CITY4,Mall,2025-06-14,13,true,53,8,5444.12,0.1509,true
ST12,CITY5,High Street,2025-06-15,14,true,36,2,1080.46,0.0556,true
ST01,CITY0,Mall,2025-06-15,16,true,28,2,735.96,0.0714,true
ST02,CITY1,High Street,2025-06-16,17,false,,5,3674.85,,false
ST03,CITY2,Mall,2025-06-17,18,false,68,18,9118.2,0.2647,true
ST04,CITY3,High Street,2025-06-07,19,true,72,17,11700.52,0.2361,true
ST05,CITY4,Mall,2025-06-08,20,true,106,10,4380.6,0.0943,true
ST06,CITY5,High Street,2025-06-09,21,false,28,6,4606.15,0.2143,true
ST07,CITY0,Mall,2025-06-10,10,false,34,6,3116.8,0.1765,true
ST08,CITY1,High Street,2025-06-11,11,false,30,8,3972.67,0.2667,true
ST09,CITY2,Mall,2025-06-12,12,false,,3,1279.89,,false
ST10,CITY3,High Street,2025-06-13,13,false,21,5,3091.33,0.2381,true
ST11,CITY4,Mall,2025-06-14,14,true,34,2,404.6,0.0588,true
ST12,CITY5,High Street,2025-06-15,15,true,25,1,274.89,0.04,true
ST01,CITY0,Mall,2025-06-15,17,true,62,9,4182.21,0.1452,true
ST02,CITY1,High Street,2025-06-16,18,false,61,15,7783.91,0.2459,true
ST03,CITY2,Mall,2025-06-17,19,false,42,11,4423.5,0.2619,true
ST04,CITY3,High Street,2025-06-07,20,true,77,18,11180.69,0.2338,true
ST05,CITY4,Mall,2025-06-08,21,true,45,4,1208.49,0.0889,true
ST06,CITY5,High Street,2025-06-09,10,false,35,7,3497.6,0.2,true
ST07,CITY0,Mall,2025-06-10,11,false,22,4,1739.69,0.1818,true
ST08,CITY1,High Street,2025-06-11,12,false,36,9,3384.77,0.25,true
ST09,CITY2,Mall,2025-06-12,13,false,29,3,2587.87,0.1034,true
ST10,CITY3,High Street,2025-06-13,14,false,15,2,964.95,0.1333,true
ST11,CITY4,Mall,2025-06-14,15,true,23,2,897.16,0.087,true
ST12,CITY5,High Street,2025-06-15,16,true,25,1,266.85,0.04,true
ST01,CITY0,Mall,2025-06-15,18,true,99,15,8713.46,0.1515,true
ST02,CITY1,High Street,2025-06-16,19,false,40,10,4157.68,0.25,true
ST03,CITY2,Mall,2025-06-17,20,false,48,13,4330.0,0.2708,true
ST04,CITY3,High Street,2025-06-07,21,true,39,9,5035.82,0.2308,true
ST05,CITY4,Mall,2025-06-08,10,true,39,4,2620.3,0.1026,true
ST06,CITY5,High Street,2025-06-09,11,false,37,8,2586.31,0.2162,true
ST07,CITY0,Mall,2025-06-10,12,false,30,5,1894.03,0.1667,true
ST08,CITY1,High Street,2025-06-11,13,false,26,7,4165.91,0.2692,true
ST09,CITY2,Mall,2025-06-12,14,false,17,1,506.69,0.0588,true
ST10,CITY3,High Street,2025-06-13,15,false,18,2,1115.48,0.1111,true
ST11,CITY4,Mall,2025-06-14,16,true,20,1,499.39,0.05,true
ST12,CITY5,High Street,2025-06-15,17,true,60,8,4311.6,0.1333,true
ST01,CITY0,Mall,2025-06-15,19,true,68,10,5851.81,0.1471,true
ST02,CITY1,High Street,2025-06-16,20,false,44,11,8046.35,0.25,true
ST03,CITY2,Mall,2025-06-17,21,false,29,8,3727.95,0.2759,true
ST04,CITY3,High Street,2025-06-07,10,true,40,9,3101.61,0.225,true
ST05,CITY4,Mall,2025-06-08,11,true,49,5,3358.08,0.102,true
ST06,CITY5,High Street,2025-06-09,12,false,35,7,2228.26,0.2,true
ST07,CITY0,Mall,2025-06-10,13,false,38,7,2770.17,0.1842,true
ST08,CITY1,High Street,2025-06-11,14,false,19,2,301.29,0.1053,true
ST09,CITY2,Mall,2025-06-12,15,false,13,1,1117.87,0.0769,true
ST10,CITY3,High Street,2025-06-13,16,false,17,2,1861.97,0.1176,true
ST11,CITY4,Mall,2025-06-14,17,true,34,5,1426.03,0.1471,true
ST12,CITY5,High Street,2025-06-15,18,true,62,8,4116.42,0.129,true
ST01,CITY0,Mall,2025-06-15,20,true,110,17,11908.69,0.1545,true
ST02,CITY1,High Street,2025-06-16,21,false,27,7,2513.61,0.2593,true
ST03,CITY2,Mall,2025-06-17,10,false,24,7,3919.87,0.2917,true
ST04,CITY3,High Street,2025-06-07,11,true,42,10,4816.74,0.2381,true
ST05,CITY4,Mall,2025-06-08,12,true,47,4,2489.85,0.0851,true
ST06,CITY5,High Street,2025-06-09,13,false,37,8,2935.81,0.2162,true
ST07,CITY0,Mall,2025-06-10,14,false,16,1,364.17,0.0625,true
ST08,CITY1,High Street,2025-06-11,15,false,19,2,1197.86,0.1053,true
ST09,CITY2,Mall,2025-06-12,16,false,13,1,300.34,0.0769,true
ST10,CITY3,High Street,2025-06-13,17,false,25,6,2071.93,0.24,true
ST11,CITY4,Mall,2025-06-14,18,true,61,9,3756.62,0.1475,true
ST12,CITY5,High Street,2025-06-15,19,true,66,9,4810.96,0.1364,true
ST01,CITY0,Mall,2025-06-15,21,true,48,7,4649.84,0.1458,true
ST02,CITY1,High Street,2025-06-16,10,false,36,9,7780.51,0.25,true
ST03,CITY2,Mall,2025-06-17,11,false,28,8,5117.41,0.2857,true
ST04,CITY3,High Street,2025-06-07,12,true,50,12,5552.15,0.24,true
ST05,CITY4,Mall,2025-06-08,13,true,35,3,1583.92,0.0857,true
ST06,CITY5,High Street,2025-06-09,14,false,14,1,717.97,0.0714,true
ST07,CITY0,Mall,2025-06-10,15,false,13,1,343.04,0.0769,true
ST08,CITY1,High Street,2025-06-11,16,false,20,2,741.02,0.1,true
ST09,CITY2,Mall,2025-06-12,17,false,38,3,1300.14,0.0789,true
ST10,CITY3,High Street,2025-06-13,18,false,69,17,7505.53,0.2464,true
ST11,CITY4,Mall,2025-06-14,19,true,89,13,4580.65,0.1461,true
ST12,CITY5,High Street,2025-06-15,20,true,110,14,5469.47,0.1273,true
ST01,CITY0,Mall,2025-06-16,10,false,29,5,1293.35,0.1724,true
ST02,CITY1,High Street,2025-06-17,11,false,36,9,5900.99,0.25,true
ST03,CITY2,Mall,2025-06-07,12,true,56,13,5854.13,0.2321,true
ST04,CITY3,High Street,2025-06-08,13,true,50,12,3884.63,0.24,true
ST05,CITY4,Mall,2025-06-09,14,false,19,1,834.92,0.0526,true
ST06,CITY5,High Street,2025-06-10,15,false,14,1,651.92,0.0714,true
ST07,CITY0,Mall,2025-06-11,16,false,19,1,231.46,0.0526,true
ST08,CITY1,High Street,2025-06-12,17,false,26,7,5358.05,0.2692,true
ST09,CITY2,Mall,2025-06-13,18,false,40,4,1806.84,0.1,true
ST10,CITY3,High Street,2025-06-14,19,true,75,16,10225.68,0.2133,true
ST11,CITY4,Mall,2025-06-15,20,true,108,16,8195.9,0.1481,true
ST12,CITY5,High Street,2025-06-16,21,false,29,4,2214.2,0.1379,true
ST01,CITY0,Mall,2025-06-16,11,false,27,5,1500.84,0.1852,true
ST02,CITY1,High Street,2025-06-17,12,false,35,9,4475.31,0.2571,true
ST03,CITY2,Mall,2025-06-07,13,true,39,9,7168.26,0.2308,true
ST04,CITY3,High Street,2025-06-08,14,true,28,3,2019.15,0.1071,true
ST05,CITY4,Mall,2025-06-09,15,false,13,1,845.35,0.0769,true
ST06,CITY5,High Street,2025-06-10,16,false,15,1,384.37,0.0667,true
ST07,CITY0,Mall,2025-06-11,17,false,27,5,3239.53,0.1852,true
ST08,CITY1,High Street,2025-06-12,18,false,52,13,5894.96,0.25,true
ST09,CITY2,Mall,2025-06-13,19,false,63,6,3839.37,0.0952,true
ST10,CITY3,High Street,2025-06-14,20,true,67,14,8344.9,0.209,true
ST11,CITY4,Mall,2025-06-15,21,true,44,7,3970.49,0.1591,true
ST12,CITY5,High Street,2025-06-16,10,false,37,6,2558.02,0.1622,true
ST01,CITY0,Mall,2025-06-16,12,false,22,4,1647.59,0.1818,true
ST02,CITY1,High Street,2025-06-17,13,false,25,6,3374.18,0.24,true
ST03,CITY2,Mall,2025-06-07,14,true,28,3,1776.07,0.1071,true
ST04,CITY3,High Street,2025-06-08,15,true,28,3,1243.49,0.1071,true
ST05,CITY4,Mall,2025-06-09,16,false,13,1,175.72,0.0769,true
ST06,CITY5,High Street,2025-06-10,17,false,35,7,5962.49,0.2,true
ST07,CITY0,Mall,2025-06-11,18,false,52,9,5041.88,0.1731,true
ST08,CITY1,High Street,2025-06-12,19,false,48,12,5520.01,0.25,true
ST09,CITY2,Mall,2025-06-13,20,false,42,4,1990.87,0.0952,true
ST10,CITY3,High Street,2025-06-14,21,true,53,11,4484.95,0.2075,true
ST11,CITY4,Mall,2025-06-15,10,true,38,6,3531.0,0.1579,true
ST12,CITY5,High Street,2025-06-16,11,false,29,4,3120.56,0.1379,true
ST01,CITY0,Mall,2025-06-16,13,false,28,5,1635.8,0.1786,true
ST02,CITY1,High Street,2025-06-17,14,false,17,2,714.84,0.1176,true
ST03,CITY2,Mall,2025-06-07,15,true,25,3,764.24,0.12,true
ST04,CITY3,High Street,2025-06-08,16,true,25,3,930.03,0.12,true
ST05,CITY4,Mall,2025-06-09,17,false,38,4,1723.41,0.1053,true
ST06,CITY5,High Street,2025-06-10,18,false,66,14,4451.57,0.2121,true
ST07,CITY0,Mall,2025-06-11,19,false,56,10,5030.53,0.1786,true
ST08,CITY1,High Street,2025-06-12,20,false,44,11,4227.55,0.25,true
ST09,CITY2,Mall,2025-06-13,21,false,26,2,1365.86,0.0769,true
ST10,CITY3,High Street,2025-06-14,10,true,42,9,3275.51,0.2143,true
ST11,CITY4,Mall,2025-06-15,11,true,35,5,2637.58,0.1429,true
ST12,CITY5,High Street,2025-06-16,12,false,33,5,3791.92,0.1515,true
ST01,CITY0,Mall,2025-06-16,14,false,19,2,803.67,0.1053,true
ST02,CITY1,High Street,2025-06-17,15,false,17,2,1157.6,0.1176,true
ST03,CITY2,Mall,2025-06-07,16,true,,2,1593.58,,false
ST04,CITY3,High Street,2025-06-08,17,true,38,9,3977.38,0.2368,true
ST05,CITY4,Mall,2025-06-09,18,false,64,7,3614.85,0.1094,true
ST06,CITY5,High Street,2025-06-10,19,false,61,13,5381.68,0.2131,true
ST07,CITY0,Mall,2025-06-11,20,false,48,8,4223.54,0.1667,true
ST08,CITY1,High Street,2025-06-12,21,false,37,9,5744.51,0.2432,true
ST09,CITY2,Mall,2025-06-13,10,false,21,2,2146.83,0.0952,true
ST10,CITY3,High Street,2025-06-14,11,true,46,10,5039.31,0.2174,true
ST11,CITY4,Mall,2025-06-15,12,true,39,6,1981.98,0.1538,true
ST12,CITY5,High Street,2025-06-16,13,false,30,5,4160.69,0.1667,true
ST01,CITY0,Mall,2025-06-16,15,false,17,1,205.45,0.0588,true
ST02,CITY1,High Street,2025-06-17,16,false,18,2,1560.4,0.1111,true
ST03,CITY2,Mall,2025-06-07,17,true,,12,7298.02,,false
ST04,CITY3,High Street,2025-06-08,18,true,94,22,8749.64,0.234,true
ST05,CITY4,Mall,2025-06-09,19,false,51,6,4746.4,0.1176,true
ST06,CITY5,High Street,2025-06-10,20,false,39,8,4202.14,0.2051,true
ST07,CITY0,Mall,2025-06-11,21,false,31,5,2202.79,0.1613,true
ST08,CITY1,High Street,2025-06-12,10,false,,8,4192.06,,false
ST09,CITY2,Mall,2025-06-13,11,false,34,3,2344.1,0.0882,true
ST10,CITY3,High Street,2025-06-14,12,true,61,13,6019.99,0.2131,true
ST11,CITY4,Mall,2025-06-15,13,true,42,6,3715.22,0.1429,true
ST12,CITY5,High Street,2025-06-16,14,false,20,1,1034.05,0.05,true
ST01,CITY0,Mall,2025-06-16,16,false,,1,367.59,,false
ST02,CITY1,High Street,2025-06-17,17,false,30,7,3289.35,0.2333,true
ST03,CITY2,Mall,2025-06-07,18,true,74,17,12372.63,0.2297,true
ST04,CITY3,High Street,2025-06-08,19,true,85,20,9268.74,0.2353,true
ST05,CITY4,Mall,2025-06-09,20,false,62,7,3615.09,0.1129,true
ST06,CITY5,High Street,2025-06-10,21,false,34,7,3172.03,0.2059,true
ST07,CITY0,Mall,2025-06-11,10,false,32,6,4155.42,0.1875,true
ST08,CITY1,High Street,2025-06-12,11,false,,9,3125.04,,false
ST09,CITY2,Mall,2025-06-13,12,false,24,2,1170.54,0.0833,true
ST10,CITY3,High Street,2025-06-14,13,true,62,13,4600.45,0.2097,true
ST11,CITY4,Mall,2025-06-15,14,true,29,2,448.6,0.069,true
ST12,CITY5,High Street,2025-06-16,15,false,21,1,304.66,0.0476,true
ST01,CITY0,Mall,2025-06-16,17,false,,6,4135.85,,false
ST02,CITY1,High Street,2025-06-17,18,false,51,13,7898.73,0.2549,true
ST03,CITY2,Mall,2025-06-07,19,true,76,18,9707.98,0.2368,true
ST04,CITY3,High Street,2025-06-08,20,true,110,26,12300.5,0.2364,true
ST05,CITY4,Mall,2025-06-09,21,false,22,2,276.47,0.0909,true
ST06,CITY5,High Street,2025-06-10,10,false,22,5,2808.14,0.2273,true
ST07,CITY0,Mall,2025-06-11,11,false,24,4,2429.46,0.1667,true
ST08,CITY1,High Street,2025-06-12,12,false,,7,2401.1,,false
ST09,CITY2,Mall,2025-06-13,13,false,27,2,2801.13,0.0741,true
ST10,CITY3,High Street,2025-06-14,14,true,23,2,2410.2,0.087,true
ST11,CITY4,Mall,2025-06-15,15,true,31,2,2965.41,0.0645,true
ST12,CITY5,High Street,2025-06-16,16,false,,1,384.06,,false
ST01,CITY0,Mall,2025-06-16,18,false,57,10,3493.23,0.1754,true
ST02,CITY1,High Street,2025-06-17,19,false,63,16,5752.98,0.254,true
ST03,CITY2,Mall,2025-06-07,20,true,110,25,14932.18,0.2273,true
ST04,CITY3,High Street,2025-06-08,21,true,49,11,6300.32,0.2245,true
ST05,CITY4,Mall,2025-06-09,10,false,37,4,1763.11,0.1081,true
ST06,CITY5,High Street,2025-06-10,11,false,30,6,3553.65,0.2,true
ST07,CITY0,Mall,2025-06-11,12,false,26,4,3510.28,0.1538,true
ST08,CITY1,High Street,2025-06-12,13,false,32,8,3252.5,0.25,true
ST09,CITY2,Mall,2025-06-13,14,false,20,1,230.26,0.05,true
ST10,CITY3,High Street,2025-06-14,15,true,28,3,655.22,0.1071,true
ST11,CITY4,Mall,2025-06-15,16,true,35,2,1243.84,0.0571,true
ST12,CITY5,High Street,2025-06-16,17,false,,4,2149.74,,false
ST01,CITY0,Mall,2025-06-16,19,false,44,8,3272.94,0.1818,true
ST02,CITY1,High Street,2025-06-17,20,false,47,12,5664.68,0.2553,true
ST03,CITY2,Mall,2025-06-07,21,true,56,13,7719.9,0.2321,true
ST04,CITY3,High Street,2025-06-08,10,true,42,10,9961.79,0.2381,true
ST05,CITY4,Mall,2025-06-09,11,false,33,4,1771.36,0.1212,true
ST06,CITY5,High Street,2025-06-10,12,false,29,6,3299.59,0.2069,true
ST07,CITY0,Mall,2025-06-11,13,false,25,4,2945.06,0.16,true
ST08,CITY1,High Street,2025-06-12,14,false,23,3,3936.2,0.1304,true
ST09,CITY2,Mall,2025-06-13,15,false,15,1,265.5,0.0667,true
ST10,CITY3,High Street,2025-06-14,16,true,24,2,1103.28,0.0833,true
ST11,CITY4,Mall,2025-06-15,17,true,35,5,2041.47,0.1429,true
ST12,CITY5,High Street,2025-06-16,18,false,63,10,3890.12,0.1587,true
ST01,CITY0,Mall,2025-06-16,20,false,53,9,4038.32,0.1698,true
ST02,CITY1,High Street,2025-06-17,21,false,36,9,3431.44,0.25,true
ST03,CITY2,Mall,2025-06-07,10,true,57,13,5763.15,0.2281,true
ST04,CITY3,High Street,2025-06-08,11,true,62,14,7743.89,0.2258,true
ST05,CITY4,Mall,2025-06-09,12,false,23,3,1328.06,0.1304,true
ST06,CITY5,High Street,2025-06-10,13,false,23,5,2681.07,0.2174,true
ST07,CITY0,Mall,2025-06-11,14,false,23,2,1901.68,0.087,true
ST08,CITY1,High Street,2025-06-12,15,false,20,2,760.71,0.1,true
ST09,CITY2,Mall,2025-06-13,16,false,19,1,416.37,0.0526,true
ST10,CITY3,High Street,2025-06-14,17,true,39,8,3772.37,0.2051,true
ST11,CITY4,Mall,2025-06-15,18,true,100,15,6955.37,0.15,true
ST12,CITY5,High Street,2025-06-16,19,false,61,9,6291.34,0.1475,true
ST01,CITY0,Mall,2025-06-16,21,false,34,6,2703.12,0.1765,true
ST02,CITY1,High Street,2025-06-17,10,false,22,5,2091.48,0.2273,true
ST03,CITY2,Mall,2025-06-07,11,true,34,8,4613.09,0.2353,true
ST04,CITY3,High Street,2025-06-08,12,true,61,14,7007.11,0.2295,true
ST05,CITY4,Mall,2025-06-09,13,false,26,3,1101.83,0.1154,true
ST06,CITY5,High Street,2025-06-10,14,false,20,2,1900.11,0.1,true
ST07,CITY0,Mall,2025-06-11,15,false,20,2,970.72,0.1,true
ST08,CITY1,High Street,2025-06-12,16,false,13,1,164.5,0.0769,true
ST09,CITY2,Mall,2025-06-13,17,false,34,3,1338.48,0.0882,true
ST10,CITY3,High Street,2025-06-14,18,true,101,21,9748.61,0.2079,true
ST11,CITY4,Mall,2025-06-15,19,true,86,13,6281.71,0.1512,true
ST12,CITY5,High Street,2025-06-16,20,false,53,8,4172.7,0.1509,true
ST01,CITY0,Mall,2025-06-17,10,false,23,4,2361.31,0.1739,true
ST02,CITY1,High Street,2025-06-07,11,true,38,8,5140.84,0.2105,true
ST03,CITY2,Mall,2025-06-08,12,true,49,11,6709.31,0.2245,true
ST04,CITY3,High Street,2025-06-09,13,false,37,10,5416.1,0.2703,true
ST05,CITY4,Mall,2025-06-10,14,false,23,1,69.75,0.0435,true
ST06,CITY5,High Street,2025-06-11,15,false,15,1,1523.56,0.0667,true
ST07,CITY0,Mall,2025-06-12,16,false,13,1,584.02,0.0769,true
ST08,CITY1,High Street,2025-06-13,17,false,27,7,2781.46,0.2593,true
ST09,CITY2,Mall,2025-06-14,18,true,102,8,5045.89,0.0784,true
ST10,CITY3,High Street,2025-06-15,19,true,87,18,9467.79,0.2069,true
ST11,CITY4,Mall,2025-06-16,20,false,53,9,6610.79,0.1698,true
ST12,CITY5,High Street,2025-06-17,21,false,28,4,1189.28,0.1429,true
ST01,CITY0,Mall,2025-06-17,11,false,31,5,2392.83,0.1613,true
ST02,CITY1,High Street,2025-06-07,12,true,34,7,3371.64,0.2059,true
ST03,CITY2,Mall,2025-06-08,13,true,44,10,4730.6,0.2273,true
ST04,CITY3,High Street,2025-06-09,14,false,15,2,2728.91,0.1333,true
ST05,CITY4,Mall,2025-06-10,15,false,14,1,338.11,0.0714,true
ST06,CITY5,High Street,2025-06-11,16,false,23,2,2186.0,0.087,true
ST07,CITY0,Mall,2025-06-12,17,false,36,6,1560.56,0.1667,true
ST08,CITY1,High Street,2025-06-13,18,false,51,13,8017.73,0.2549,true
ST09,CITY2,Mall,2025-06-14,19,true,80,6,4154.89,0.075,true
ST10,CITY3,High Street,2025-06-15,20,true,61,13,6254.27,0.2131,true
ST11,CITY4,Mall,2025-06-16,21,false,32,6,3919.81,0.1875,true
ST12,CITY5,High Street,2025-06-17,10,false,25,4,1052.46,0.16,true
ST01,CITY0,Mall,2025-06-17,12,false,36,6,2015.72,0.1667,true
ST02,CITY1,High Street,2025-06-07,13,true,47,10,4815.58,0.2128,true
ST03,CITY2,Mall,2025-06-08,14,true,30,3,1172.97,0.1,true
ST04,CITY3,High Street,2025-06-09,15,false,20,2,635.96,0.1,true
ST05,CITY4,Mall,2025-06-10,16,false,15,1,629.27,0.0667,true
ST06,CITY5,High Street,2025-06-11,17,false,39,8,3580.38,0.2051,true
ST07,CITY0,Mall,2025-06-12,18,false,56,10,6183.39,0.1786,true
ST08,CITY1,High Street,2025-06-13,19,false,53,14,6281.47,0.2642,true
ST09,CITY2,Mall,2025-06-14,20,true,107,8,4314.67,0.0748,true
ST10,CITY3,High Street,2025-06-15,21,true,48,10,6349.62,0.2083,true
ST11,CITY4,Mall,2025-06-16,10,false,23,4,1507.24,0.1739,true
ST12,CITY5,High Street,2025-06-17,11,false,37,6,4968.14,0.1622,true
ST01,CITY0,Mall,2025-06-17,13,false,28,5,1982.37,0.1786,true
ST02,CITY1,High Street,2025-06-07,14,true,22,2,817.02,0.0909,true
ST03,CITY2,Mall,2025-06-08,15,true,25,3,1101.32,0.12,true
ST04,CITY3,High Street,2025-06-09,16,false,19,2,1286.95,0.1053,true
ST05,CITY4,Mall,2025-06-10,17,false,22,2,974.04,0.0909,true
ST06,CITY5,High Street,2025-06-11,18,false,46,10,5939.98,0.2174,true
ST07,CITY0,Mall,2025-06-12,19,false,54,9,5698.02,0.1667,true
ST08,CITY1,High Street,2025-06-13,20,false,45,11,5942.94,0.2444,true
ST09,CITY2,Mall,2025-06-14,21,true,55,4,2784.05,0.0727,true
ST10,CITY3,High Street,2025-06-15,10,true,37,8,3490.88,0.2162,true
ST11,CITY4,Mall,2025-06-16,11,false,24,4,1655.47,0.1667,true
ST12,CITY5,High Street,2025-06-17,12,false,39,6,2143.2,0.1538,true
ST01,CITY0,Mall,2025-06-17,14,false,20,2,1100.05,0.1,true
ST02,CITY1,High Street,2025-06-07,15,true,23,2,745.32,0.087,true
ST03,CITY2,Mall,2025-06-08,16,true,27,3,884.31,0.1111,true
ST04,CITY3,High Street,2025-06-09,17,false,34,9,5030.87,0.2647,true
ST05,CITY4,Mall,2025-06-10,18,false,47,5,3572.56,0.1064,true
ST06,CITY5,High Street,2025-06-11,19,false,47,10,7121.35,0.2128,true
ST07,CITY0,Mall,2025-06-12,20,false,49,8,4621.95,0.1633,true
ST08,CITY1,High Street,2025-06-13,21,false,38,10,5894.37,0.2632,true
ST09,CITY2,Mall,2025-06-14,10,true,59,5,3632.43,0.0847,true
ST10,CITY3,High Street,2025-06-15,11,true,47,10,6906.43,0.2128,true
ST11,CITY4,Mall,2025-06-16,12,false,37,7,2713.7,0.1892,true
ST12,CITY5,High Street,2025-06-17,13,false,30,5,2852.34,0.1667,true
ST01,CITY0,Mall,2025-06-17,15,false,21,2,331.43,0.0952,true
ST02,CITY1,High Street,2025-06-07,16,true,,3,1322.28,,false
ST03,CITY2,Mall,2025-06-08,17,true,42,10,5660.49,0.2381,true
ST04,CITY3,High Street,2025-06-09,18,false,54,15,9225.02,0.2778,true
ST05,CITY4,Mall,2025-06-10,19,false,57,6,3196.99,0.1053,true
ST06,CITY5,High Street,2025-06-11,20,false,44,9,3462.92,0.2045,true
ST07,CITY0,Mall,2025-06-12,21,false,35,6,4566.88,0.1714,true
ST08,CITY1,High Street,2025-06-13,10,false,32,8,3040.78,0.25,true
ST09,CITY2,Mall,2025-06-14,11,true,41,3,1145.27,0.0732,true
ST10,CITY3,High Street,2025-06-15,12,true,53,11,5156.94,0.2075,true
ST11,CITY4,Mall,2025-06-16,13,false,33,6,2218.59,0.1818,true
ST12,CITY5,High Street,2025-06-17,14,false,21,1,428.22,0.0476,true
ST01,CITY0,Mall,2025-06-17,16,false,18,1,216.24,0.0556,true
ST02,CITY1,High Street,2025-06-07,17,true,,11,5707.0,,false
ST03,CITY2,Mall,2025-06-08,18,true,82,19,8142.94,0.2317,true
ST04,CITY3,High Street,2025-06-09,19,false,49,13,7525.89,0.2653,true
ST05,CITY4,Mall,2025-06-10,20,false,62,7,2137.05,0.1129,true
ST06,CITY5,High Street,2025-06-11,21,false,26,5,2843.65,0.1923,true
ST07,CITY0,Mall,2025-06-12,10,false,,5,3884.59,,false
ST08,CITY1,High Street,2025-06-13,11,false,34,9,3913.62,0.2647,true
ST09,CITY2,Mall,2025-06-14,12,true,48,4,3475.8,0.0833,true
ST10,CITY3,High Street,2025-06-15,13,true,60,12,4852.95,0.2,true
ST11,CITY4,Mall,2025-06-16,14,false,18,1,232.07,0.0556,true
ST12,CITY5,High Street,2025-06-17,15,false,18,1,534.91,0.0556,true
ST01,CITY0,Mall,2025-06-17,17,false,23,4,2830.73,0.1739,true
ST02,CITY1,High Street,2025-06-07,18,true,82,17,11248.26,0.2073,true
ST03,CITY2,Mall,2025-06-08,19,true,102,23,11413.36,0.2255,true
ST04,CITY3,High Street,2025-06-09,20,false,61,17,8088.3,0.2787,true
ST05,CITY4,Mall,2025-06-10,21,false,39,4,2033.89,0.1026,true
ST06,CITY5,High Street,2025-06-11,10,false,27,6,6022.48,0.2222,true
ST07,CITY0,Mall,2025-06-12,11,false,,4,1812.6,,false
ST08,CITY1,High Street,2025-06-13,12,false,36,9,5739.55,0.25,true
ST09,CITY2,Mall,2025-06-14,13,true,37,3,1158.38,0.0811,true
ST10,CITY3,High Street,2025-06-15,14,true,29,3,3065.67,0.1034,true
ST11,CITY4,Mall,2025-06-16,15,false,22,2,703.7,0.0909,true
ST12,CITY5,High Street,2025-06-17,16,false,23,2,1080.3,0.087,true
ST01,CITY0,Mall,2025-06-17,18,false,42,7,5895.03,0.1667,true
ST02,CITY1,High Street,2025-06-07,19,true,90,19,9323.57,0.2111,true
ST03,CITY2,Mall,2025-06-08,20,true,100,23,13748.26,0.23,true
ST04,CITY3,High Street,2025-06-09,21,false,37,10,5146.06,0.2703,true
ST05,CITY4,Mall,2025-06-10,10,false,23,3,1619.14,0.1304,true
ST06,CITY5,High Street,2025-06-11,11,false,22,5,5590.77,0.2273,true
ST07,CITY0,Mall,2025-06-12,12,false,,4,2316.1,,false
ST08,CITY1,High Street,2025-06-13,13,false,32,8,5053.28,0.25,true
ST09,CITY2,Mall,2025-06-14,14,true,36,1,510.52,0.0278,true
ST10,CITY3,High Street,2025-06-15,15,true,26,2,711.99,0.0769,true
ST11,CITY4,Mall,2025-06-16,16,false,,1,535.08,,false
ST12,CITY5,High Street,2025-06-17,17,false,33,5,2429.37,0.1515,true
ST01,CITY0,Mall,2025-06-17,19,false,63,11,6118.83,0.1746,true
ST02,CITY1,High Street,2025-06-07,20,true,79,17,6468.22,0.2152,true
ST03,CITY2,Mall,2025-06-08,21,true,47,11,4738.39,0.234,true
ST04,CITY3,High Street,2025-06-09,10,false,37,10,6277.62,0.2703,true
ST05,CITY4,Mall,2025-06-10,11,false,23,3,1479.13,0.1304,true
ST06,CITY5,High Street,2025-06-11,12,false,38,8,6858.94,0.2105,true
ST07,CITY0,Mall,2025-06-12,13,false,24,4,1915.61,0.1667,true
ST08,CITY1,High Street,2025-06-13,14,false,19,2,666.18,0.1053,true
ST09,CITY2,Mall,2025-06-14,15,true,26,1,573.16,0.0385,true
ST10,CITY3,High Street,2025-06-15,16,true,35,3,1440.91,0.0857,true
ST11,CITY4,Mall,2025-06-16,17,false,,4,2013.83,,false
ST12,CITY5,High Street,2025-06-17,18,false,49,7,4245.74,0.1429,true
ST01,CITY0,Mall,2025-06-17,20,false,58,10,5412.9,0.1724,true
ST02,CITY1,High Street,2025-06-07,21,true,55,12,7091.72,0.2182,true
ST03,CITY2,Mall,2025-06-08,10,true,62,14,5084.59,0.2258,true
ST04,CITY3,High Street,2025-06-09,11,false,36,10,7382.2,0.2778,true
ST05,CITY4,Mall,2025-06-10,12,false,34,4,2224.43,0.1176,true
ST06,CITY5,High Street,2025-06-11,13,false,39,8,3745.07,0.2051,true
ST07,CITY0,Mall,2025-06-12,14,false,18,1,236.01,0.0556,true
ST08,CITY1,High Street,2025-06-13,15,false,13,1,892.57,0.0769,true
ST09,CITY2,Mall,2025-06-14,16,true,21,1,228.08,0.0476,true
ST10,CITY3,High Street,2025-06-15,17,true,62,13,4673.21,0.2097,true
ST11,CITY4,Mall,2025-06-16,18,false,57,10,5053.82,0.1754,true
ST12,CITY5,High Street,2025-06-17,19,false,57,9,6401.02,0.1579,true
ST01,CITY0,Mall,2025-06-17,21,false,34,6,2415.28,0.1765,true
ST02,CITY1,High Street,2025-06-07,10,true,44,9,6150.49,0.2045,true
ST03,CITY2,Mall,2025-06-08,11,true,58,13,4743.88,0.2241,true
ST04,CITY3,High Street,2025-06-09,12,false,36,10,5322.1,0.2778,true
ST05,CITY4,Mall,2025-06-10,13,false,26,3,3944.05,0.1154,true
ST06,CITY5,High Street,2025-06-11,14,false,15,1,437.37,0.0667,true
ST07,CITY0,Mall,2025-06-12,15,false,14,1,168.66,0.0714,true
ST08,CITY1,High Street,2025-06-13,16,false,13,1,751.79,0.0769,true
ST09,CITY2,Mall,2025-06-14,17,true,53,4,1857.43,0.0755,true
ST10,CITY3,High Street,2025-06-15,18,true,109,23,15634.39,0.211,true
ST11,CITY4,Mall,2025-06-16,19,false,57,10,7859.54,0.1754,true
ST12,CITY5,High Street,2025-06-17,20,false,38,6,3334.49,0.1579,true
ST01,CITY0,Mall,2025-06-18,10,false,22,4,1437.21,0.1818,true
ST02,CITY1,High Street,2025-06-19,11,false,22,5,2030.43,0.2273,true
ST03,CITY2,Mall,2025-06-20,12,false,31,8,4370.21,0.2581,true
ST04,CITY3,High Street,2025-06-21,13,true,50,12,6144.66,0.24,true
ST05,CITY4,Mall,2025-06-22,14,true,23,1,621.92,0.0435,true
ST06,CITY5,High Street,2025-06-23,15,false,15,1,266.54,0.0667,true
ST07,CITY0,Mall,2025-06-24,16,false,14,1,260.59,0.0714,true
ST08,CITY1,High Street,2025-06-25,17,false,,7,6102.97,,false
ST09,CITY2,Mall,2025-06-26,18,false,67,6,3012.62,0.0896,true
ST10,CITY3,High Street,2025-06-27,19,false,50,12,8957.47,0.24,true
ST11,CITY4,Mall,2025-06-28,20,true,89,13,5308.82,0.1461,true
ST12,CITY5,High Street,2025-06-29,21,true,48,6,5002.59,0.125,true
ST01,CITY0,Mall,2025-06-18,11,false,38,7,2658.02,0.1842,true
ST02,CITY1,High Street,2025-06-19,12,false,31,8,5417.49,0.2581,true
ST03,CITY2,Mall,2025-06-20,13,false,31,8,4231.04,0.2581,true
ST04,CITY3,High Street,2025-06-21,14,true,26,3,1016.79,0.1154,true
ST05,CITY4,Mall,2025-06-22,15,true,30,1,171.61,0.0333,true
ST06,CITY5,High Street,2025-06-23,16,false,23,2,1397.34,0.087,true
ST07,CITY0,Mall,2025-06-24,17,false,25,4,2022.13,0.16,true
ST08,CITY1,High Street,2025-06-25,18,false,45,11,7008.88,0.2444,true
ST09,CITY2,Mall,2025-06-26,19,false,68,6,3000.14,0.0882,true
ST10,CITY3,High Street,2025-06-27,20,false,43,10,4777.55,0.2326,true
ST11,CITY4,Mall,2025-06-28,21,true,52,8,3849.52,0.1538,true
ST12,CITY5,High Street,2025-06-29,10,true,55,7,2949.04,0.1273,true
ST01,CITY0,Mall,2025-06-18,12,false,31,5,3213.35,0.1613,true
ST02,CITY1,High Street,2025-06-19,13,false,37,9,4214.64,0.2432,true
ST03,CITY2,Mall,2025-06-20,14,false,22,3,1257.48,0.1364,true
ST04,CITY3,High Street,2025-06-21,15,true,37,4,2269.65,0.1081,true
ST05,CITY4,Mall,2025-06-22,16,true,25,1,773.29,0.04,true
ST06,CITY5,High Street,2025-06-23,17,false,34,7,3056.74,0.2059,true
ST07,CITY0,Mall,2025-06-24,18,false,43,7,3445.31,0.1628,true
ST08,CITY1,High Street,2025-06-25,19,false,59,15,7676.4,0.2542,true
ST09,CITY2,Mall,2025-06-26,20,false,48,4,2354.54,0.0833,true
ST10,CITY3,High Street,2025-06-27,21,false,38,9,4772.27,0.2368,true
ST11,CITY4,Mall,2025-06-28,10,true,41,6,3267.92,0.1463,true
ST12,CITY5,High Street,2025-06-29,11,true,39,5,1799.14,0.1282,true
ST01,CITY0,Mall,2025-06-18,13,false,27,5,2997.63,0.1852,true
ST02,CITY1,High Street,2025-06-19,14,false,17,2,858.96,0.1176,true
ST03,CITY2,Mall,2025-06-20,15,false,19,2,2231.74,0.1053,true
ST04,CITY3,High Street,2025-06-21,16,true,33,3,1045.43,0.0909,true
ST05,CITY4,Mall,2025-06-22,17,true,56,5,1652.16,0.0893,true
ST06,CITY5,High Street,2025-06-23,18,false,41,9,2502.37,0.2195,true
ST07,CITY0,Mall,2025-06-24,19,false,58,10,5142.25,0.1724,true
ST08,CITY1,High Street,2025-06-25,20,false,39,10,3409.24,0.2564,true
ST09,CITY2,Mall,2025-06-26,21,false,29,3,1419.61,0.1034,true
ST10,CITY3,High Street,2025-06-27,10,false,24,6,2578.17,0.25,true
ST11,CITY4,Mall,2025-06-28,11,true,51,8,4455.18,0.1569,true
ST12,CITY5,High Street,2025-06-29,12,true,39,5,3147.43,0.1282,true
ST01,CITY0,Mall,2025-06-18,14,false,14,1,279.24,0.0714,true
ST02,CITY1,High Street,2025-06-19,15,false,21,2,888.06,0.0952,true
ST03,CITY2,Mall,2025-06-20,16,false,18,2,650.5,0.1111,true
ST04,CITY3,High Street,2025-06-21,17,true,62,14,6393.94,0.2258,true
ST05,CITY4,Mall,2025-06-22,18,true,108,10,6633.55,0.0926,true
ST06,CITY5,High Street,2025-06-23,19,false,58,12,5044.49,0.2069,true
ST07,CITY0,Mall,2025-06-24,20,false,64,11,7798.57,0.1719,true
ST08,CITY1,High Street,2025-06-25,21,false,24,6,3379.99,0.25,true
ST09,CITY2,Mall,2025-06-26,10,false,24,2,1050.79,0.0833,true
ST10,CITY3,High Street,2025-06-27,11,false,21,5,2409.76,0.2381,true
ST11,CITY4,Mall,2025-06-28,12,true,35,5,4096.72,0.1429,true
ST12,CITY5,High Street,2025-06-29,13,true,43,6,2381.8,0.1395,true
ST01,CITY0,Mall,2025-06-18,15,false,17,1,165.83,0.0588,true
ST02,CITY1,High Street,2025-06-19,16,false,18,2,2389.95,0.1111,true
ST03,CITY2,Mall,2025-06-20,17,false,23,6,3483.69,0.2609,true
ST04,CITY3,High Street,2025-06-21,18,true,72,17,7844.47,0.2361,true
ST05,CITY4,Mall,2025-06-22,19,true,67,6,3192.89,0.0896,true
ST06,CITY5,High Street,2025-06-23,20,false,63,13,5569.14,0.2063,true
ST07,CITY0,Mall,2025-06-24,21,false,35,6,4373.44,0.1714,true
ST08,CITY1,High Street,2025-06-25,10,false,25,6,2921.99,0.24,true
ST09,CITY2,Mall,2025-06-26,11,false,38,3,2732.27,0.0789,true
ST10,CITY3,High Street,2025-06-27,12,false,38,9,5761.68,0.2368,true
ST11,CITY4,Mall,2025-06-28,13,true,41,6,3259.6,0.1463,true
ST12,CITY5,High Street,2025-06-29,14,true,28,2,1578.2,0.0714,true
ST01,CITY0,Mall,2025-06-18,16,false,19,2,526.42,0.1053,true
ST02,CITY1,High Street,2025-06-19,17,false,29,7,4237.59,0.2414,true
ST03,CITY2,Mall,2025-06-20,18,false,42,11,7621.12,0.2619,true
ST04,CITY3,High Street,2025-06-21,19,true,103,24,10212.14,0.233,true
ST05,CITY4,Mall,2025-06-22,20,true,92,9,7149.93,0.0978,true
ST06,CITY5,High Street,2025-06-23,21,false,28,6,1071.08,0.2143,true
ST07,CITY0,Mall,2025-06-24,10,false,35,6,3385.28,0.1714,true
ST08,CITY1,High Street,2025-06-25,11,false,25,6,2037.11,0.24,true
ST09,CITY2,Mall,2025-06-26,12,false,27,2,1329.56,0.0741,true
ST10,CITY3,High Street,2025-06-27,13,false,34,8,3816.13,0.2353,true
ST11,CITY4,Mall,2025-06-28,14,true,30,2,756.5,0.0667,true
ST12,CITY5,High Street,2025-06-29,15,true,31,2,684.34,0.0645,true
ST01,CITY0,Mall,2025-06-18,17,false,23,4,1737.13,0.1739,true
ST02,CITY1,High Street,2025-06-19,18,false,58,14,9944.28,0.2414,true
ST03,CITY2,Mall,2025-06-20,19,false,62,17,12963.36,0.2742,true
ST04,CITY3,High Street,2025-06-21,20,true,84,20,10268.83,0.2381,true
ST05,CITY4,Mall,2025-06-22,21,true,35,3,1270.93,0.0857,true
ST06,CITY5,High Street,2025-06-23,10,false,29,6,3277.01,0.2069,true
ST07,CITY0,Mall,2025-06-24,11,false,21,4,4025.01,0.1905,true
ST08,CITY1,High Street,2025-06-25,12,false,24,6,3974.36,0.25,true
ST09,CITY2,Mall,2025-06-26,13,false,21,2,1005.46,0.0952,true
ST10,CITY3,High Street,2025-06-27,14,false,13,1,808.77,0.0769,true
ST11,CITY4,Mall,2025-06-28,15,true,26,2,521.54,0.0769,true
ST12,CITY5,High Street,2025-06-29,16,true,29,2,733.16,0.069,true
ST01,CITY0,Mall,2025-06-18,18,false,38,7,3529.71,0.1842,true
ST02,CITY1,High Street,2025-06-19,19,false,56,14,7438.52,0.25,true
ST03,CITY2,Mall,2025-06-20,20,false,49,13,6577.86,0.2653,true
ST04,CITY3,High Street,2025-06-21,21,true,51,12,7397.48,0.2353,true
ST05,CITY4,Mall,2025-06-22,10,true,60,6,4764.15,0.1,true
ST06,CITY5,High Street,2025-06-23,11,false,31,6,3082.14,0.1935,true
ST07,CITY0,Mall,2025-06-24,12,false,23,4,3532.87,0.1739,true
ST08,CITY1,High Street,2025-06-25,13,false,25,6,5365.54,0.24,true
ST09,CITY2,Mall,2025-06-26,14,false,18,1,288.02,0.0556,true
ST10,CITY3,High Street,2025-06-27,15,false,16,2,478.84,0.125,true
ST11,CITY4,Mall,2025-06-28,16,true,32,2,859.71,0.0625,true
ST12,CITY5,High Street,2025-06-29,17,true,41,5,3878.96,0.122,true
ST01,CITY0,Mall,2025-06-18,19,false,58,10,4337.26,0.1724,true
ST02,CITY1,High Street,2025-06-19,20,false,55,14,7446.21,0.2545,true
ST03,CITY2,Mall,2025-06-20,21,false,37,10,4731.75,0.2703,true
ST04,CITY3,High Street,2025-06-21,10,true,,9,5986.91,,false
ST05,CITY4,Mall,2025-06-22,11,true,40,4,1124.21,0.1,true
ST06,CITY5,High Street,2025-06-23,12,false,23,5,1997.81,0.2174,true
ST07,CITY0,Mall,2025-06-24,13,false,32,6,4880.05,0.1875,true
ST08,CITY1,High Street,2025-06-25,14,false,18,2,1238.42,0.1111,true
ST09,CITY2,Mall,2025-06-26,15,false,16,1,516.98,0.0625,true
ST10,CITY3,High Street,2025-06-27,16,false,20,2,1369.03,0.1,true
ST11,CITY4,Mall,2025-06-28,17,true,40,6,2339.85,0.15,true
ST12,CITY5,High Street,2025-06-29,18,true,107,14,9208.91,0.1308,true
ST01,CITY0,Mall,2025-06-18,20,false,57,10,5796.03,0.1754,true
ST02,CITY1,High Street,2025-06-19,21,false,39,10,5148.26,0.2564,true
ST03,CITY2,Mall,2025-06-20,10,false,23,6,2538.6,0.2609,true
ST04,CITY3,High Street,2025-06-21,11,true,,8,3652.45,,false
ST05,CITY4,Mall,2025-06-22,12,true,56,5,1888.54,0.0893,true
ST06,CITY5,High Street,2025-06-23,13,false,26,5,2021.8,0.1923,true
ST07,CITY0,Mall,2025-06-24,14,false,19,1,236.5,0.0526,true
ST08,CITY1,High Street,2025-06-25,15,false,20,2,958.41,0.1,true
ST09,CITY2,Mall,2025-06-26,16,false,17,1,1745.44,0.0588,true
ST10,CITY3,High Street,2025-06-27,17,false,34,8,1672.28,0.2353,true
ST11,CITY4,Mall,2025-06-28,18,true,98,15,8153.69,0.1531,true
ST12,CITY5,High Street,2025-06-29,19,true,92,12,5737.95,0.1304,true
ST01,CITY0,Mall,2025-06-18,21,false,35,6,2248.93,0.1714,true
ST02,CITY1,High Street,2025-06-19,10,false,25,6,2610.97,0.24,true
ST03,CITY2,Mall,2025-06-20,11,false,34,9,4332.29,0.2647,true
ST04,CITY3,High Street,2025-06-21,12,true,45,11,9142.59,0.2444,true
ST05,CITY4,Mall,2025-06-22,13,true,50,5,2263.18,0.1,true
ST06,CITY5,High Street,2025-06-23,14,false,22,2,1012.07,0.0909,true
ST07,CITY0,Mall,2025-06-24,15,false,21,2,823.85,0.0952,true
ST08,CITY1,High Street,2025-06-25,16,false,,3,1096.08,,false
ST09,CITY2,Mall,2025-06-26,17,false,27,2,642.8,0.0741,true
ST10,CITY3,High Street,2025-06-27,18,false,46,11,4419.59,0.2391,true
ST11,CITY4,Mall,2025-06-28,19,true,97,15,7134.23,0.1546,true
ST12,CITY5,High Street,2025-06-29,20,true,80,10,5982.03,0.125,true
ST02,CITY1,High Street,2025-06-18,10,false,37,9,5264.63,0.2432,true
ST03,CITY2,Mall,2025-06-19,11,false,39,11,3910.22,0.2821,true
ST04,CITY3,High Street,2025-06-20,12,false,23,6,3701.02,0.2609,true
ST05,CITY4,Mall,2025-06-21,13,true,36,3,704.76,0.0833,true
ST06,CITY5,High Street,2025-06-22,14,true,31,2,767.27,0.0645,true
ST07,CITY0,Mall,2025-06-23,15,false,21,2,369.59,0.0952,true
ST08,CITY1,High Street,2025-06-24,16,false,18,2,916.47,0.1111,true
ST09,CITY2,Mall,2025-06-25,17,false,,3,1394.0,,false
ST10,CITY3,High Street,2025-06-26,18,false,42,10,3660.35,0.2381,true
ST11,CITY4,Mall,2025-06-27,19,false,40,7,3307.7,0.175,true
ST12,CITY5,High Street,2025-06-28,20,true,78,10,4242.51,0.1282,true
ST01,CITY0,Mall,2025-06-29,21,true,42,6,2461.87,0.1429,true
ST02,CITY1,High Street,2025-06-18,11,false,33,8,3186.84,0.2424,true
ST03,CITY2,Mall,2025-06-19,12,false,37,10,6103.44,0.2703,true
ST04,CITY3,High Street,2025-06-20,13,false,39,11,6436.19,0.2821,true
ST05,CITY4,Mall,2025-06-21,14,true,24,1,140.85,0.0417,true
ST06,CITY5,High Street,2025-06-22,15,true,31,2,795.73,0.0645,true
ST07,CITY0,Mall,2025-06-23,16,false,13,1,223.98,0.0769,true
ST08,CITY1,High Street,2025-06-24,17,false,28,7,4420.28,0.25,true
ST09,CITY2,Mall,2025-06-25,18,false,58,5,2104.09,0.0862,true
ST10,CITY3,High Street,2025-06-26,19,false,60,15,7452.62,0.25,true
ST11,CITY4,Mall,2025-06-27,20,false,45,8,3346.97,0.1778,true
ST12,CITY5,High Street,2025-06-28,21,true,58,8,4851.4,0.1379,true
ST01,CITY0,Mall,2025-06-29,10,true,37,6,5040.96,0.1622,true
ST02,CITY1,High Street,2025-06-18,12,false,29,7,2837.68,0.2414,true
ST03,CITY2,Mall,2025-06-19,13,false,38,10,6499.22,0.2632,true
ST04,CITY3,High Street,2025-06-20,14,false,16,2,3620.68,0.125,true
ST05,CITY4,Mall,2025-06-21,15,true,29,1,236.92,0.0345,true
ST06,CITY5,High Street,2025-06-22,16,true,25,2,988.13,0.08,true
ST07,CITY0,Mall,2025-06-23,17,false,21,4,2593.46,0.1905,true
ST08,CITY1,High Street,2025-06-24,18,false,59,15,6654.17,0.2542,true
ST09,CITY2,Mall,2025-06-25,19,false,56,5,2720.76,0.0893,true
ST10,CITY3,High Street,2025-06-26,20,false,47,11,7191.43,0.234,true
ST11,CITY4,Mall,2025-06-27,21,false,38,7,2318.36,0.1842,true
ST12,CITY5,High Street,2025-06-28,10,true,50,7,4596.5,0.14,true
ST01,CITY0,Mall,2025-06-29,11,true,45,7,3113.61,0.1556,true
ST02,CITY1,High Street,2025-06-18,13,false,37,9,3193.37,0.2432,true
ST03,CITY2,Mall,2025-06-19,14,false,17,2,398.66,0.1176,true
ST04,CITY3,High Street,2025-06-20,15,false,22,3,562.95,0.1364,true
ST05,CITY4,Mall,2025-06-21,16,true,22,1,184.97,0.0455,true
ST06,CITY5,High Street,2025-06-22,17,true,39,7,1865.92,0.1795,true
ST07,CITY0,Mall,2025-06-23,18,false,63,11,6966.1,0.1746,true
ST08,CITY1,High Street,2025-06-24,19,false,50,13,7829.87,0.26,true
ST09,CITY2,Mall,2025-06-25,20,false,50,5,1947.5,0.1,true
ST10,CITY3,High Street,2025-06-26,21,false,27,7,2432.9,0.2593,true
ST11,CITY4,Mall,2025-06-27,10,false,30,5,4449.32,0.1667,true
ST12,CITY5,High Street,2025-06-28,11,true,43,6,2974.16,0.1395,true
ST01,CITY0,Mall,2025-06-29,12,true,50,8,2453.82,0.16,true
ST02,CITY1,High Street,2025-06-18,14,false,15,2,897.53,0.1333,true
ST03,CITY2,Mall,2025-06-19,15,false,20,2,1010.26,0.1,true
ST04,CITY3,High Street,2025-06-20,16,false,21,3,1706.16,0.1429,true
ST05,CITY4,Mall,2025-06-21,17,true,58,5,2293.97,0.0862,true
ST06,CITY5,High Street,2025-06-22,18,true,108,19,9117.42,0.1759,true
ST07,CITY0,Mall,2025-06-23,19,false,45,8,3778.3,0.1778,true
ST08,CITY1,High Street,2025-06-24,20,false,39,10,4819.89,0.2564,true
ST09,CITY2,Mall,2025-06-25,21,false,30,3,941.53,0.1,true
ST10,CITY3,High Street,2025-06-26,10,false,28,7,5630.19,0.25,true
ST11,CITY4,Mall,2025-06-27,11,false,22,4,2826.11,0.1818,true
ST12,CITY5,High Street,2025-06-28,12,true,53,7,3781.55,0.1321,true
ST01,CITY0,Mall,2025-06-29,13,true,56,8,4076.05,0.1429,true
ST02,CITY1,High Street,2025-06-18,15,false,13,1,240.5,0.0769,true
ST03,CITY2,Mall,2025-06-19,16,false,13,2,1213.22,0.1538,true
ST04,CITY3,High Street,2025-06-20,17,false,22,6,2703.21,0.2727,true
ST05,CITY4,Mall,2025-06-21,18,true,98,9,4259.33,0.0918,true
ST06,CITY5,High Street,2025-06-22,19,true,101,18,8703.85,0.1782,true
ST07,CITY0,Mall,2025-06-23,20,false,70,12,4397.39,0.1714,true
ST08,CITY1,High Street,2025-06-24,21,false,31,8,6479.15,0.2581,true
ST09,CITY2,Mall,2025-06-25,10,false,34,3,1440.09,0.0882,true
ST10,CITY3,High Street,2025-06-26,11,false,28,7,5230.62,0.25,true
ST11,CITY4,Mall,2025-06-27,12,false,27,5,3177.0,0.1852,true
ST12,CITY5,High Street,2025-06-28,13,true,38,5,5148.75,0.1316,true
ST01,CITY0,Mall,2025-06-29,14,true,24,2,1606.61,0.0833,true
ST02,CITY1,High Street,2025-06-18,16,false,17,2,851.25,0.1176,true
ST03,CITY2,Mall,2025-06-19,17,false,31,8,4720.92,0.2581,true
ST04,CITY3,High Street,2025-06-20,18,false,57,16,7586.96,0.2807,true
ST05,CITY4,Mall,2025-06-21,19,true,98,9,4491.32,0.0918,true
ST06,CITY5,High Street,2025-06-22,20,true,69,12,8795.85,0.1739,true
ST07,CITY0,Mall,2025-06-23,21,false,22,4,3129.56,0.1818,true
ST08,CITY1,High Street,2025-06-24,10,false,22,6,2947.27,0.2727,true
ST09,CITY2,Mall,2025-06-25,11,false,34,3,1826.2,0.0882,true
ST10,CITY3,High Street,2025-06-26,12,false,39,10,3985.37,0.2564,true
ST11,CITY4,Mall,2025-06-27,13,false,37,7,4155.0,0.1892,true
ST12,CITY5,High Street,2025-06-28,14,true,27,2,1178.44,0.0741,true
ST01,CITY0,Mall,2025-06-29,15,true,25,2,528.97,0.08,true
ST02,CITY1,High Street,2025-06-18,17,false,27,7,1713.47,0.2593,true
ST03,CITY2,Mall,2025-06-19,18,false,43,12,5716.86,0.2791,true
ST04,CITY3,High Street,2025-06-20,19,false,45,12,6264.7,0.2667,true
ST05,CITY4,Mall,2025-06-21,20,true,102,10,4589.64,0.098,true
ST06,CITY5,High Street,2025-06-22,21,true,37,7,3817.8,0.1892,true
ST07,CITY0,Mall,2025-06-23,10,false,30,5,2183.9,0.1667,true
ST08,CITY1,High Street,2025-06-24,11,false,37,9,3404.85,0.2432,true
ST09,CITY2,Mall,2025-06-25,12,false,26,2,650.94,0.0769,true
ST10,CITY3,High Street,2025-06-26,13,false,39,10,5529.07,0.2564,true
ST11,CITY4,Mall,2025-06-27,14,false,19,2,1117.92,0.1053,true
ST12,CITY5,High Street,2025-06-28,15,true,31,2,675.58,0.0645,true
ST01,CITY0,Mall,2025-06-29,16,true,28,2,1063.13,0.0714,true
ST02,CITY1,High Street,2025-06-18,18,false,51,13,8583.24,0.2549,true
ST03,CITY2,Mall,2025-06-19,19,false,68,18,8826.0,0.2647,true
ST04,CITY3,High Street,2025-06-20,20,false,63,17,10735.31,0.2698,true
ST05,CITY4,Mall,2025-06-21,21,true,58,5,2835.12,0.0862,true
ST06,CITY5,High Street,2025-06-22,10,true,43,8,3743.89,0.186,true
ST07,CITY0,Mall,2025-06-23,11,false,26,4,1423.55,0.1538,true
ST08,CITY1,High Street,2025-06-24,12,false,39,10,3148.56,0.2564,true
ST09,CITY2,Mall,2025-06-25,13,false,39,4,2474.6,0.1026,true
ST10,CITY3,High Street,2025-06-26,14,false,22,2,553.48,0.0909,true
ST11,CITY4,Mall,2025-06-27,15,false,14,1,339.42,0.0714,true
ST12,CITY5,High Street,2025-06-28,16,true,26,2,1541.99,0.0769,true
ST01,CITY0,Mall,2025-06-29,17,true,36,5,1704.52,0.1389,true
ST02,CITY1,High Street,2025-06-18,19,false,40,10,4887.36,0.25,true
ST03,CITY2,Mall,2025-06-19,20,false,47,13,6135.08,0.2766,true
ST04,CITY3,High Street,2025-06-20,21,false,29,8,4029.64,0.2759,true
ST05,CITY4,Mall,2025-06-21,10,true,,4,2819.9,,false
ST06,CITY5,High Street,2025-06-22,11,true,43,8,2437.38,0.186,true
ST07,CITY0,Mall,2025-06-23,12,false,37,6,2411.33,0.1622,true
ST08,CITY1,High Street,2025-06-24,13,false,35,9,3987.9,0.2571,true
ST09,CITY2,Mall,2025-06-25,14,false,18,1,874.65,0.0556,true
ST10,CITY3,High Street,2025-06-26,15,false,23,3,1813.07,0.1304,true
ST11,CITY4,Mall,2025-06-27,16,false,19,2,859.37,0.1053,true
ST12,CITY5,High Street,2025-06-28,17,true,50,7,4091.49,0.14,true
ST01,CITY0,Mall,2025-06-29,18,true,87,13,4836.75,0.1494,true
ST02,CITY1,High Street,2025-06-18,20,false,41,10,4761.63,0.2439,true
ST03,CITY2,Mall,2025-06-19,21,false,24,7,2042.71,0.2917,true
ST04,CITY3,High Street,2025-06-20,10,false,25,7,3609.84,0.28,true
ST05,CITY4,Mall,2025-06-21,11,true,,3,3279.47,,false
ST06,CITY5,High Street,2025-06-22,12,true,62,11,5246.38,0.1774,true
ST07,CITY0,Mall,2025-06-23,13,false,33,6,1658.24,0.1818,true
ST08,CITY1,High Street,2025-06-24,14,false,23,3,1200.23,0.1304,true
ST09,CITY2,Mall,2025-06-25,15,false,17,1,1291.29,0.0588,true
ST10,CITY3,High Street,2025-06-26,16,false,13,1,169.57,0.0769,true
ST11,CITY4,Mall,2025-06-27,17,false,35,6,2566.13,0.1714,true
ST12,CITY5,High Street,2025-06-28,18,true,97,13,5780.81,0.134,true
ST01,CITY0,Mall,2025-06-29,19,true,112,17,5906.78,0.1518,true
ST02,CITY1,High Street,2025-06-18,21,false,27,7,3655.27,0.2593,true
ST03,CITY2,Mall,2025-06-19,10,false,35,9,3441.07,0.2571,true
ST04,CITY3,High Street,2025-06-20,11,false,36,10,6417.05,0.2778,true
ST05,CITY4,Mall,2025-06-21,12,true,46,4,4624.75,0.087,true
ST06,CITY5,High Street,2025-06-22,13,true,46,8,2461.17,0.1739,true
ST07,CITY0,Mall,2025-06-23,14,false,14,1,316.27,0.0714,true
ST08,CITY1,High Street,2025-06-24,15,false,16,2,983.5,0.125,true
ST09,CITY2,Mall,2025-06-25,16,false,,1,867.43,,false
ST10,CITY3,High Street,2025-06-26,17,false,35,9,4955.9,0.2571,true
ST11,CITY4,Mall,2025-06-27,18,false,46,8,3569.99,0.1739,true
ST12,CITY5,High Street,2025-06-28,19,true,102,13,7083.4,0.1275,true
ST01,CITY0,Mall,2025-06-29,20,true,67,10,4087.69,0.1493,true
ST03,CITY2,Mall,2025-06-18,10,false,37,10,4619.96,0.2703,true
ST04,CITY3,High Street,2025-06-19,11,false,23,6,2805.41,0.2609,true
ST05,CITY4,Mall,2025-06-20,12,false,32,4,2355.81,0.125,true
ST06,CITY5,High Street,2025-06-21,13,true,44,8,3235.36,0.1818,true
ST07,CITY0,Mall,2025-06-22,14,true,36,2,421.79,0.0556,true
ST08,CITY1,High Street,2025-06-23,15,false,15,2,600.2,0.1333,true
ST09,CITY2,Mall,2025-06-24,16,false,15,1,281.37,0.0667,true
ST10,CITY3,High Street,2025-06-25,17,false,,6,5862.84,,false
ST11,CITY4,Mall,2025-06-26,18,false,60,11,7361.63,0.1833,true
ST12,CITY5,High Street,2025-06-27,19,false,62,9,3360.72,0.1452,true
ST01,CITY0,Mall,2025-06-28,20,true,88,13,6345.75,0.1477,true
ST02,CITY1,High Street,2025-06-29,21,true,61,13,6082.68,0.2131,true
ST03,CITY2,Mall,2025-06-18,11,false,31,8,3948.68,0.2581,true
ST04,CITY3,High Street,2025-06-19,12,false,35,10,3574.01,0.2857,true
ST05,CITY4,Mall,2025-06-20,13,false,27,3,1382.82,0.1111,true
ST06,CITY5,High Street,2025-06-21,14,true,24,2,391.37,0.0833,true
ST07,CITY0,Mall,2025-06-22,15,true,28,2,537.37,0.0714,true
ST08,CITY1,High Street,2025-06-23,16,false,18,2,1425.2,0.1111,true
ST09,CITY2,Mall,2025-06-24,17,false,37,3,1085.6,0.0811,true
ST10,CITY3,High Street,2025-06-25,18,false,57,14,8221.18,0.2456,true
ST11,CITY4,Mall,2025-06-26,19,false,41,7,3260.22,0.1707,true
ST12,CITY5,High Street,2025-06-27,20,false,38,6,2182.1,0.1579,true
ST01,CITY0,Mall,2025-06-28,21,true,49,7,4099.21,0.1429,true
ST02,CITY1,High Street,2025-06-29,10,true,55,12,6868.18,0.2182,true
ST03,CITY2,Mall,2025-06-18,12,false,26,7,2860.25,0.2692,true
ST04,CITY3,High Street,2025-06-19,13,false,26,7,3360.3,0.2692,true
ST05,CITY4,Mall,2025-06-20,14,false,21,1,994.76,0.0476,true
ST06,CITY5,High Street,2025-06-21,15,true,24,2,2248.22,0.0833,true
ST07,CITY0,Mall,2025-06-22,16,true,20,1,477.17,0.05,true
ST08,CITY1,High Street,2025-06-23,17,false,30,8,3662.96,0.2667,true
ST09,CITY2,Mall,2025-06-24,18,false,58,5,2244.76,0.0862,true
ST10,CITY3,High Street,2025-06-25,19,false,58,14,6443.55,0.2414,true
ST11,CITY4,Mall,2025-06-26,20,false,39,7,2741.79,0.1795,true
ST12,CITY5,High Street,2025-06-27,21,false,27,4,2484.17,0.1481,true
ST01,CITY0,Mall,2025-06-28,10,true,37,6,2907.23,0.1622,true
ST02,CITY1,High Street,2025-06-29,11,true,56,12,10809.17,0.2143,true
ST03,CITY2,Mall,2025-06-18,13,false,38,10,4136.5,0.2632,true
ST04,CITY3,High Street,2025-06-19,14,false,13,2,389.03,0.1538,true
ST05,CITY4,Mall,2025-06-20,15,false,18,1,408.32,0.0556,true
ST06,CITY5,High Street,2025-06-21,16,true,37,3,1269.86,0.0811,true
ST07,CITY0,Mall,2025-06-22,17,true,50,7,3547.97,0.14,true
ST08,CITY1,High Street,2025-06-23,18,false,46,12,6884.8,0.2609,true
ST09,CITY2,Mall,2025-06-24,19,false,64,6,3174.16,0.0938,true
ST10,CITY3,High Street,2025-06-25,20,false,56,14,7529.27,0.25,true
ST11,CITY4,Mall,2025-06-26,21,false,38,7,3198.68,0.1842,true
ST12,CITY5,High Street,2025-06-27,10,false,32,5,4947.98,0.1563,true
ST01,CITY0,Mall,2025-06-28,11,true,37,6,1695.39,0.1622,true
ST02,CITY1,High Street,2025-06-29,12,true,56,12,7840.92,0.2143,true
ST03,CITY2,Mall,2025-06-18,14,false,19,2,722.05,0.1053,true
ST04,CITY3,High Street,2025-06-19,15,false,16,2,1231.59,0.125,true
ST05,CITY4,Mall,2025-06-20,16,false,14,1,156.27,0.0714,true
ST06,CITY5,High Street,2025-06-21,17,true,41,7,4982.19,0.1707,true
ST07,CITY0,Mall,2025-06-22,18,true,91,13,6974.55,0.1429,true
ST08,CITY1,High Street,2025-06-23,19,false,52,13,11039.54,0.25,true
ST09,CITY2,Mall,2025-06-24,20,false,62,6,5759.16,0.0968,true
ST10,CITY3,High Street,2025-06-25,21,false,38,9,4615.6,0.2368,true
ST11,CITY4,Mall,2025-06-26,10,false,30,5,2361.98,0.1667,true
ST12,CITY5,High Street,2025-06-27,11,false,31,5,1972.91,0.1613,true
ST01,CITY0,Mall,2025-06-28,12,true,58,9,4845.02,0.1552,true
ST02,CITY1,High Street,2025-06-29,13,true,46,10,3909.02,0.2174,true
ST03,CITY2,Mall,2025-06-18,15,false,19,2,615.23,0.1053,true
ST04,CITY3,High Street,2025-06-19,16,false,22,3,739.34,0.1364,true
ST05,CITY4,Mall,2025-06-20,17,false,24,3,1698.05,0.125,true
ST06,CITY5,High Street,2025-06-21,18,true,83,15,11578.16,0.1807,true
ST07,CITY0,Mall,2025-06-22,19,true,66,10,4469.68,0.1515,true
ST08,CITY1,High Street,2025-06-23,20,false,44,11,4001.34,0.25,true
ST09,CITY2,Mall,2025-06-24,21,false,35,3,1563.19,0.0857,true
ST10,CITY3,High Street,2025-06-25,10,false,27,7,3513.84,0.2593,true
ST11,CITY4,Mall,2025-06-26,11,false,28,5,1949.17,0.1786,true
ST12,CITY5,High Street,2025-06-27,12,false,35,5,2508.63,0.1429,true
ST01,CITY0,Mall,2025-06-28,13,true,50,8,6109.12,0.16,true
ST02,CITY1,High Street,2025-06-29,14,true,22,2,814.79,0.0909,true
ST03,CITY2,Mall,2025-06-18,16,false,17,2,681.82,0.1176,true
ST04,CITY3,High Street,2025-06-19,17,false,32,9,4152.55,0.2813,true
ST05,CITY4,Mall,2025-06-20,18,false,50,6,3570.56,0.12,true
ST06,CITY5,High Street,2025-06-21,19,true,77,14,9563.92,0.1818,true
ST07,CITY0,Mall,2025-06-22,20,true,112,16,9866.92,0.1429,true
ST08,CITY1,High Street,2025-06-23,21,false,23,6,5232.93,0.2609,true
ST09,CITY2,Mall,2025-06-24,10,false,33,3,1910.43,0.0909,true
ST10,CITY3,High Street,2025-06-25,11,false,35,9,4787.12,0.2571,true
ST11,CITY4,Mall,2025-06-26,12,false,22,4,2024.99,0.1818,true
ST12,CITY5,High Street,2025-06-27,13,false,27,4,2938.44,0.1481,true
ST01,CITY0,Mall,2025-06-28,14,true,35,2,2984.4,0.0571,true
ST02,CITY1,High Street,2025-06-29,15,true,23,2,823.51,0.087,true
ST03,CITY2,Mall,2025-06-18,17,false,28,8,3545.2,0.2857,true
ST04,CITY3,High Street,2025-06-19,18,false,51,14,4196.7,0.2745,true
ST05,CITY4,Mall,2025-06-20,19,false,52,6,5373.95,0.1154,true
ST06,CITY5,High Street,2025-06-21,20,true,66,12,4148.0,0.1818,true
ST07,CITY0,Mall,2025-06-22,21,true,59,9,3367.51,0.1525,true
ST08,CITY1,High Street,2025-06-23,10,false,30,8,4748.98,0.2667,true
ST09,CITY2,Mall,2025-06-24,11,false,32,3,658.81,0.0938,true
ST10,CITY3,High Street,2025-06-25,12,false,32,8,3985.42,0.25,true
ST11,CITY4,Mall,2025-06-26,13,false,22,4,1072.14,0.1818,true
ST12,CITY5,High Street,2025-06-27,14,false,22,2,217.23,0.0909,true
ST01,CITY0,Mall,2025-06-28,15,true,25,2,832.88,0.08,true
ST02,CITY1,High Street,2025-06-29,16,true,25,2,1101.6,0.08,true
ST03,CITY2,Mall,2025-06-18,18,false,69,19,10181.14,0.2754,true
ST04,CITY3,High Street,2025-06-19,19,false,56,15,6970.86,0.2679,true
ST05,CITY4,Mall,2025-06-20,20,false,39,4,2267.22,0.1026,true
ST06,CITY5,High Street,2025-06-21,21,true,42,7,2928.89,0.1667,true
ST07,CITY0,Mall,2025-06-22,10,true,47,7,4414.31,0.1489,true
ST08,CITY1,High Street,2025-06-23,11,false,38,10,4350.59,0.2632,true
ST09,CITY2,Mall,2025-06-24,12,false,23,2,1341.51,0.087,true
ST10,CITY3,High Street,2025-06-25,13,false,25,6,4963.45,0.24,true
ST11,CITY4,Mall,2025-06-26,14,false,19,2,916.56,0.1053,true
ST12,CITY5,High Street,2025-06-27,15,false,23,2,655.04,0.087,true
ST01,CITY0,Mall,2025-06-28,16,true,35,2,1058.88,0.0571,true
ST02,CITY1,High Street,2025-06-29,17,true,54,11,4512.3,0.2037,true
ST03,CITY2,Mall,2025-06-18,19,false,42,11,5076.99,0.2619,true
ST04,CITY3,High Street,2025-06-19,20,false,58,16,7761.52,0.2759,true
ST05,CITY4,Mall,2025-06-20,21,false,23,3,1124.24,0.1304,true
ST06,CITY5,High Street,2025-06-21,10,true,,7,3302.24,,false
ST07,CITY0,Mall,2025-06-22,11,true,40,6,2122.91,0.15,true
ST08,CITY1,High Street,2025-06-23,12,false,23,6,2817.0,0.2609,true
ST09,CITY2,Mall,2025-06-24,13,false,32,3,2415.35,0.0938,true
ST10,CITY3,High Street,2025-06-25,14,false,15,2,503.66,0.1333,true
ST11,CITY4,Mall,2025-06-26,15,false,23,2,564.67,0.087,true
ST12,CITY5,High Street,2025-06-27,16,false,23,2,671.49,0.087,true
ST01,CITY0,Mall,2025-06-28,17,true,54,8,5367.17,0.1481,true
ST02,CITY1,High Street,2025-06-29,18,true,65,14,5354.93,0.2154,true
ST03,CITY2,Mall,2025-06-18,20,false,55,15,8233.25,0.2727,true
ST04,CITY3,High Street,2025-06-19,21,false,24,7,4264.91,0.2917,true
ST05,CITY4,Mall,2025-06-20,10,false,31,3,1445.59,0.0968,true
ST06,CITY5,High Street,2025-06-21,11,true,,10,3049.21,,false
ST07,CITY0,Mall,2025-06-22,12,true,36,5,1441.27,0.1389,true
ST08,CITY1,High Street,2025-06-23,13,false,33,8,3288.98,0.2424,true
ST09,CITY2,Mall,2025-06-24,14,false,13,1,801.26,0.0769,true
ST10,CITY3,High Street,2025-06-25,15,false,23,3,1626.2,0.1304,true
ST11,CITY4,Mall,2025-06-26,16,false,23,2,984.61,0.087,true
ST12,CITY5,High Street,2025-06-27,17,false,37,6,1902.59,0.1622,true
ST01,CITY0,Mall,2025-06-28,18,true,83,12,5248.25,0.1446,true
ST02,CITY1,High Street,2025-06-29,19,true,71,15,5639.07,0.2113,true
ST03,CITY2,Mall,2025-06-18,21,false,28,8,2754.82,0.2857,true
ST04,CITY3,High Street,2025-06-19,10,false,32,9,6985.9,0.2813,true
ST05,CITY4,Mall,2025-06-20,11,false,29,3,846.15,0.1034,true
ST06,CITY5,High Street,2025-06-21,12,true,52,9,3642.05,0.1731,true
ST07,CITY0,Mall,2025-06-22,13,true,39,6,5152.56,0.1538,true
ST08,CITY1,High Street,2025-06-23,14,false,21,2,1895.34,0.0952,true
ST09,CITY2,Mall,2025-06-24,15,false,17,1,194.49,0.0588,true
ST10,CITY3,High Street,2025-06-25,16,false,,2,1327.21,,false
ST11,CITY4,Mall,2025-06-26,17,false,24,4,739.87,0.1667,true
ST12,CITY5,High Street,2025-06-27,18,false,45,7,5529.69,0.1556,true
ST01,CITY0,Mall,2025-06-28,19,true,112,17,10452.51,0.1518,true
ST02,CITY1,High Street,2025-06-29,20,true,73,15,7117.19,0.2055,true
ST04,CITY3,High Street,2025-06-18,10,false,26,7,2406.12,0.2692,true
ST05,CITY4,Mall,2025-06-19,11,false,27,3,600.86,0.1111,true
ST06,CITY5,High Street,2025-06-20,12,false,24,5,2250.14,0.2083,true
ST07,CITY0,Mall,2025-06-21,13,true,51,7,1596.04,0.1373,true
ST08,CITY1,High Street,2025-06-22,14,true,26,3,3011.44,0.1154,true
ST09,CITY2,Mall,2025-06-23,15,false,23,1,278.61,0.0435,true
ST10,CITY3,High Street,2025-06-24,16,false,22,2,1116.7,0.0909,true
ST11,CITY4,Mall,2025-06-25,17,false,,4,4181.77,,false
ST12,CITY5,High Street,2025-06-26,18,false,46,7,5022.62,0.1522,true
ST01,CITY0,Mall,2025-06-27,19,false,54,10,7197.82,0.1852,true
ST02,CITY1,High Street,2025-06-28,20,true,81,17,8817.61,0.2099,true
ST03,CITY2,Mall,2025-06-29,21,true,37,9,5641.73,0.2432,true
ST04,CITY3,High Street,2025-06-18,11,false,35,10,4834.78,0.2857,true
ST05,CITY4,Mall,2025-06-19,12,false,27,3,1115.15,0.1111,true
ST06,CITY5,High Street,2025-06-20,13,false,21,4,1975.73,0.1905,true
ST07,CITY0,Mall,2025-06-21,14,true,23,2,537.74,0.087,true
ST08,CITY1,High Street,2025-06-22,15,true,35,3,1778.82,0.0857,true
ST09,CITY2,Mall,2025-06-23,16,false,17,1,293.08,0.0588,true
ST10,CITY3,High Street,2025-06-24,17,false,30,7,2873.87,0.2333,true
ST11,CITY4,Mall,2025-06-25,18,false,61,11,6301.41,0.1803,true
ST12,CITY5,High Street,2025-06-26,19,false,62,9,4686.65,0.1452,true
ST01,CITY0,Mall,2025-06-27,20,false,45,8,4516.44,0.1778,true
ST02,CITY1,High Street,2025-06-28,21,true,58,12,5557.83,0.2069,true
ST03,CITY2,Mall,2025-06-29,10,true,50,12,8643.62,0.24,true
ST04,CITY3,High Street,2025-06-18,12,false,28,8,3318.49,0.2857,true
ST05,CITY4,Mall,2025-06-19,13,false,29,3,2117.74,0.1034,true
ST06,CITY5,High Street,2025-06-20,14,false,14,1,1310.17,0.0714,true
ST07,CITY0,Mall,2025-06-21,15,true,32,2,717.94,0.0625,true
ST08,CITY1,High Street,2025-06-22,16,true,26,3,1962.02,0.1154,true
ST09,CITY2,Mall,2025-06-23,17,false,39,4,1827.05,0.1026,true
ST10,CITY3,High Street,2025-06-24,18,false,43,10,4844.21,0.2326,true
ST11,CITY4,Mall,2025-06-25,19,false,70,12,6011.44,0.1714,true
ST12,CITY5,High Street,2025-06-26,20,false,52,8,3184.45,0.1538,true
ST01,CITY0,Mall,2025-06-27,21,false,36,6,3360.29,0.1667,true
ST02,CITY1,High Street,2025-06-28,10,true,51,11,3970.17,0.2157,true
ST03,CITY2,Mall,2025-06-29,11,true,54,12,6605.67,0.2222,true
ST04,CITY3,High Street,2025-06-18,13,false,23,6,3411.62,0.2609,true
ST05,CITY4,Mall,2025-06-19,14,false,14,1,548.3,0.0714,true
ST06,CITY5,High Street,2025-06-20,15,false,15,1,212.4,0.0667,true
ST07,CITY0,Mall,2025-06-21,16,true,28,2,509.17,0.0714,true
ST08,CITY1,High Street,2025-06-22,17,true,50,11,6018.32,0.22,true
ST09,CITY2,Mall,2025-06-23,18,false,45,4,1110.83,0.0889,true
ST10,CITY3,High Street,2025-06-24,19,false,55,13,7094.13,0.2364,true
ST11,CITY4,Mall,2025-06-25,20,false,41,7,4620.69,0.1707,true
ST12,CITY5,High Street,2025-06-26,21,false,36,6,2725.97,0.1667,true
ST01,CITY0,Mall,2025-06-27,10,false,25,4,2647.08,0.16,true
ST02,CITY1,High Street,2025-06-28,11,true,40,8,3878.49,0.2,true
ST03,CITY2,Mall,2025-06-29,12,true,40,9,5092.82,0.225,true
ST04,CITY3,High Street,2025-06-18,14,false,23,3,1323.01,0.1304,true
ST05,CITY4,Mall,2025-06-19,15,false,22,1,554.49,0.0455,true
ST06,CITY5,High Street,2025-06-20,16,false,14,1,696.12,0.0714,true
ST07,CITY0,Mall,2025-06-21,17,true,39,6,3299.71,0.1538,true
ST08,CITY1,High Street,2025-06-22,18,true,71,15,7694.86,0.2113,true
ST09,CITY2,Mall,2025-06-23,19,false,62,6,2526.03,0.0968,true
ST10,CITY3,High Street,2025-06-24,20,false,54,13,4397.0,0.2407,true
ST11,CITY4,Mall,2025-06-25,21,false,22,4,1809.47,0.1818,true
ST12,CITY5,High Street,2025-06-26,10,false,25,4,739.86,0.16,true
ST01,CITY0,Mall,2025-06-27,11,false,21,4,1999.08,0.1905,true
ST02,CITY1,High Street,2025-06-28,12,true,47,10,4829.79,0.2128,true
ST03,CITY2,Mall,2025-06-29,13,true,45,10,4152.45,0.2222,true
ST04,CITY3,High Street,2025-06-18,15,false,15,2,981.13,0.1333,true
ST05,CITY4,Mall,2025-06-19,16,false,18,1,397.68,0.0556,true
ST06,CITY5,High Street,2025-06-20,17,false,27,6,3090.52,0.2222,true
ST07,CITY0,Mall,2025-06-21,18,true,92,14,8466.53,0.1522,true
ST08,CITY1,High Street,2025-06-22,19,true,65,14,8174.31,0.2154,true
ST09,CITY2,Mall,2025-06-23,20,false,40,4,937.32,0.1,true
ST10,CITY3,High Street,2025-06-24,21,false,30,7,1933.77,0.2333,true
ST11,CITY4,Mall,2025-06-25,10,false,31,5,4786.43,0.1613,true
ST12,CITY5,High Street,2025-06-26,11,false,22,3,1182.93,0.1364,true
ST01,CITY0,Mall,2025-06-27,12,false,24,4,1999.66,0.1667,true
ST02,CITY1,High Street,2025-06-28,13,true,48,10,7305.68,0.2083,true
ST03,CITY2,Mall,2025-06-29,14,true,25,3,584.68,0.12,true
ST04,CITY3,High Street,2025-06-18,16,false,13,2,531.11,0.1538,true
ST05,CITY4,Mall,2025-06-19,17,false,32,4,1477.18,0.125,true
ST06,CITY5,High Street,2025-06-20,18,false,45,9,6978.29,0.2,true
ST07,CITY0,Mall,2025-06-21,19,true,64,9,4725.64,0.1406,true
ST08,CITY1,High Street,2025-06-22,20,true,111,24,16811.52,0.2162,true
ST09,CITY2,Mall,2025-06-23,21,false,24,2,1000.01,0.0833,true
ST10,CITY3,High Street,2025-06-24,10,false,32,8,5366.88,0.25,true
ST11,CITY4,Mall,2025-06-25,11,false,33,6,2188.31,0.1818,true
ST12,CITY5,High Street,2025-06-26,12,false,30,5,2463.86,0.1667,true
ST01,CITY0,Mall,2025-06-27,13,false,34,6,2956.26,0.1765,true
ST02,CITY1,High Street,2025-06-28,14,true,37,4,2341.73,0.1081,true
ST03,CITY2,Mall,2025-06-29,15,true,22,2,1093.02,0.0909,true
ST04,CITY3,High Street,2025-06-18,17,false,27,7,4142.57,0.2593,true
ST05,CITY4,Mall,2025-06-19,18,false,42,5,2526.93,0.119,true
ST06,CITY5,High Street,2025-06-20,19,false,61,13,5048.5,0.2131,true
ST07,CITY0,Mall,2025-06-21,20,true,61,9,5102.03,0.1475,true
ST08,CITY1,High Street,2025-06-22,21,true,52,11,3515.46,0.2115,true
ST09,CITY2,Mall,2025-06-23,10,false,22,2,1714.37,0.0909,true
ST10,CITY3,High Street,2025-06-24,11,false,35,9,5432.35,0.2571,true
ST11,CITY4,Mall,2025-06-25,12,false,30,5,1809.07,0.1667,true
ST12,CITY5,High Street,2025-06-26,13,false,32,5,1766.67,0.1563,true
ST01,CITY0,Mall,2025-06-27,14,false,14,1,396.42,0.0714,true
ST02,CITY1,High Street,2025-06-28,15,true,31,3,430.64,0.0968,true
ST03,CITY2,Mall,2025-06-29,16,true,21,2,544.0,0.0952,true
ST04,CITY3,High Street,2025-06-18,18,false,51,14,8436.59,0.2745,true
ST05,CITY4,Mall,2025-06-19,19,false,55,6,1525.79,0.1091,true
ST06,CITY5,High Street,2025-06-20,20,false,69,14,6384.31,0.2029,true
ST07,CITY0,Mall,2025-06-21,21,true,37,5,2307.93,0.1351,true
ST08,CITY1,High Street,2025-06-22,10,true,38,8,5529.38,0.2105,true
ST09,CITY2,Mall,2025-06-23,11,false,31,3,1184.19,0.0968,true
ST10,CITY3,High Street,2025-06-24,12,false,31,8,6637.83,0.2581,true
ST11,CITY4,Mall,2025-06-25,13,false,36,6,2735.25,0.1667,true
ST12,CITY5,High Street,2025-06-26,14,false,13,1,156.85,0.0769,true
ST01,CITY0,Mall,2025-06-27,15,false,18,1,517.17,0.0556,true
ST02,CITY1,High Street,2025-06-28,16,true,29,3,1053.8,0.1034,true
ST03,CITY2,Mall,2025-06-29,17,true,42,10,3948.44,0.2381,true
ST04,CITY3,High Street,2025-06-18,19,false,50,14,6903.33,0.28,true
ST05,CITY4,Mall,2025-06-19,20,false,51,6,3124.67,0.1176,true
ST06,CITY5,High Street,2025-06-20,21,false,30,6,3445.09,0.2,true
ST07,CITY0,Mall,2025-06-21,10,true,,7,4965.03,,false
ST08,CITY1,High Street,2025-06-22,11,true,43,9,2963.73,0.2093,true
ST09,CITY2,Mall,2025-06-23,12,false,21,2,1111.01,0.0952,true
ST10,CITY3,High Street,2025-06-24,13,false,25,6,2424.08,0.24,true
ST11,CITY4,Mall,2025-06-25,14,false,19,2,790.25,0.1053,true
ST12,CITY5,High Street,2025-06-26,15,false,13,1,658.9,0.0769,true
ST01,CITY0,Mall,2025-06-27,16,false,23,2,859.52,0.087,true
ST02,CITY1,High Street,2025-06-28,17,true,51,11,7759.07,0.2157,true
ST03,CITY2,Mall,2025-06-29,18,true,83,19,8246.25,0.2289,true
ST04,CITY3,High Street,2025-06-18,20,false,41,11,3709.93,0.2683,true
ST05,CITY4,Mall,2025-06-19,21,false,28,3,2049.44,0.1071,true
ST06,CITY5,High Street,2025-06-20,10,false,35,7,2781.19,0.2,true
ST07,CITY0,Mall,2025-06-21,11,true,,8,3161.3,,false
ST08,CITY1,High Street,2025-06-22,12,true,52,11,6131.58,0.2115,true
ST09,CITY2,Mall,2025-06-23,13,false,25,2,651.93,0.08,true
ST10,CITY3,High Street,2025-06-24,14,false,13,1,209.66,0.0769,true
ST11,CITY4,Mall,2025-06-25,15,false,21,2,629.67,0.0952,true
ST12,CITY5,High Street,2025-06-26,16,false,18,1,540.87,0.0556,true
ST01,CITY0,Mall,2025-06-27,17,false,23,4,1157.75,0.1739,true
ST02,CITY1,High Street,2025-06-28,18,true,74,16,6596.92,0.2162,true
ST03,CITY2,Mall,2025-06-29,19,true,83,19,8360.92,0.2289,true
ST04,CITY3,High Street,2025-06-18,21,false,22,6,2362.83,0.2727,true
ST05,CITY4,Mall,2025-06-19,10,false,26,3,1120.55,0.1154,true
ST06,CITY5,High Street,2025-06-20,11,false,25,5,1811.54,0.2,true
ST07,CITY0,Mall,2025-06-21,12,true,55,8,5536.62,0.1455,true
ST08,CITY1,High Street,2025-06-22,13,true,59,13,9329.2,0.2203,true
ST09,CITY2,Mall,2025-06-23,14,false,15,1,184.47,0.0667,true
ST10,CITY3,High Street,2025-06-24,15,false,16,2,959.32,0.125,true
ST11,CITY4,Mall,2025-06-25,16,false,,1,151.15,,false
ST12,CITY5,High Street,2025-06-26,17,false,31,5,2334.65,0.1613,true
ST01,CITY0,Mall,2025-06-27,18,false,50,9,2668.22,0.18,true
ST02,CITY1,High Street,2025-06-28,19,true,72,15,9381.9,0.2083,true
ST03,CITY2,Mall,2025-06-29,20,true,83,19,8675.49,0.2289,true
ST05,CITY4,Mall,2025-06-18,10,false,25,3,1271.55,0.12,true
ST06,CITY5,High Street,2025-06-19,11,false,28,6,2973.98,0.2143,true
ST07,CITY0,Mall,2025-06-20,12,false,26,4,2016.33,0.1538,true
ST08,CITY1,High Street,2025-06-21,13,true,38,8,4912.44,0.2105,true
ST09,CITY2,Mall,2025-06-22,14,true,31,1,653.02,0.0323,true
ST10,CITY3,High Street,2025-06-23,15,false,13,1,370.87,0.0769,true
ST11,CITY4,Mall,2025-06-24,16,false,14,1,227.1,0.0714,true
ST12,CITY5,High Street,2025-06-25,17,false,,5,4752.58,,false
ST01,CITY0,Mall,2025-06-26,18,false,68,12,5677.73,0.1765,true
ST02,CITY1,High Street,2025-06-27,19,false,58,14,8686.73,0.2414,true
ST03,CITY2,Mall,2025-06-28,20,true,99,23,15734.52,0.2323,true
ST04,CITY3,High Street,2025-06-29,21,true,34,8,3996.92,0.2353,true
ST05,CITY4,Mall,2025-06-18,11,false,30,3,2134.43,0.1,true
ST06,CITY5,High Street,2025-06-19,12,false,31,6,3585.97,0.1935,true
ST07,CITY0,Mall,2025-06-20,13,false,29,5,1948.5,0.1724,true
ST08,CITY1,High Street,2025-06-21,14,true,23,2,1473.48,0.087,true
ST09,CITY2,Mall,2025-06-22,15,true,28,1,215.68,0.0357,true
ST10,CITY3,High Street,2025-06-23,16,false,16,2,1449.73,0.125,true
ST11,CITY4,Mall,2025-06-24,17,false,28,5,1626.32,0.1786,true
ST12,CITY5,High Street,2025-06-25,18,false,66,10,7074.83,0.1515,true
ST01,CITY0,Mall,2025-06-26,19,false,67,12,6582.26,0.1791,true
ST02,CITY1,High Street,2025-06-27,20,false,41,10,5417.12,0.2439,true
ST03,CITY2,Mall,2025-06-28,21,true,39,9,3261.12,0.2308,true
ST04,CITY3,High Street,2025-06-29,10,true,56,13,7259.54,0.2321,true
ST05,CITY4,Mall,2025-06-18,12,false,31,3,859.29,0.0968,true
ST06,CITY5,High Street,2025-06-19,13,false,26,5,2287.71,0.1923,true
ST07,CITY0,Mall,2025-06-20,14,false,21,2,1615.5,0.0952,true
ST08,CITY1,High Street,2025-06-21,15,true,26,3,1078.12,0.1154,true
ST09,CITY2,Mall,2025-06-22,16,true,26,1,770.36,0.0385,true
ST10,CITY3,High Street,2025-06-23,17,false,39,10,4836.81,0.2564,true
ST11,CITY4,Mall,2025-06-24,18,false,38,7,4106.17,0.1842,true
ST12,CITY5,High Street,2025-06-25,19,false,62,9,4354.47,0.1452,true
ST01,CITY0,Mall,2025-06-26,20,false,57,10,3772.18,0.1754,true
ST02,CITY1,High Street,2025-06-27,21,false,37,9,3794.19,0.2432,true
ST03,CITY2,Mall,2025-06-28,10,true,62,14,7543.05,0.2258,true
ST04,CITY3,High Street,2025-06-29,11,true,52,12,6105.13,0.2308,true
ST05,CITY4,Mall,2025-06-18,13,false,35,4,1374.0,0.1143,true
ST06,CITY5,High Street,2025-06-19,14,false,23,2,1336.28,0.087,true
ST07,CITY0,Mall,2025-06-20,15,false,15,1,279.67,0.0667,true
ST08,CITY1,High Street,2025-06-21,16,true,36,4,1985.34,0.1111,true
ST09,CITY2,Mall,2025-06-22,17,true,39,3,1671.27,0.0769,true
ST10,CITY3,High Street,2025-06-23,18,false,44,11,6243.93,0.25,true
ST11,CITY4,Mall,2025-06-24,19,false,46,8,4397.14,0.1739,true
ST12,CITY5,High Street,2025-06-25,20,false,59,9,3046.25,0.1525,true
ST01,CITY0,Mall,2025-06-26,21,false,32,6,3338.18,0.1875,true
ST02,CITY1,High Street,2025-06-27,10,false,26,6,4094.62,0.2308,true
ST03,CITY2,Mall,2025-06-28,11,true,48,11,5937.94,0.2292,true
ST04,CITY3,High Street,2025-06-29,12,true,42,10,5686.26,0.2381,true
ST05,CITY4,Mall,2025-06-18,14,false,20,1,1921.19,0.05,true
ST06,CITY5,High Street,2025-06-19,15,false,19,2,974.76,0.1053,true
ST07,CITY0,Mall,2025-06-20,16,false,20,2,1576.3,0.1,true
ST08,CITY1,High Street,2025-06-21,17,true,61,13,8103.51,0.2131,true
ST09,CITY2,Mall,2025-06-22,18,true,77,6,2801.27,0.0779,true
ST10,CITY3,High Street,2025-06-23,19,false,57,14,9245.2,0.2456,true
ST11,CITY4,Mall,2025-06-24,20,false,56,10,4715.6,0.1786,true
ST12,CITY5,High Street,2025-06-25,21,false,34,5,2044.34,0.1471,true
ST01,CITY0,Mall,2025-06-26,10,false,32,6,1728.88,0.1875,true
ST02,CITY1,High Street,2025-06-27,11,false,36,9,4196.09,0.25,true
ST03,CITY2,Mall,2025-06-28,12,true,37,9,5006.32,0.2432,true
ST04,CITY3,High Street,2025-06-29,13,true,44,10,3605.29,0.2273,true
ST05,CITY4,Mall,2025-06-18,15,false,16,1,785.61,0.0625,true
ST06,CITY5,High Street,2025-06-19,16,false,19,2,851.07,0.1053,true
ST07,CITY0,Mall,2025-06-20,17,false,37,6,2650.93,0.1622,true
ST08,CITY1,High Street,2025-06-21,18,true,100,22,13477.81,0.22,true
ST09,CITY2,Mall,2025-06-22,19,true,68,5,1945.34,0.0735,true
ST10,CITY3,High Street,2025-06-23,20,false,48,12,5862.6,0.25,true
ST11,CITY4,Mall,2025-06-24,21,false,27,5,2436.66,0.1852,true
ST12,CITY5,High Street,2025-06-25,10,false,23,4,1084.05,0.1739,true
ST01,CITY0,Mall,2025-06-26,11,false,33,6,2701.95,0.1818,true
ST02,CITY1,High Street,2025-06-27,12,false,28,7,2881.53,0.25,true
ST03,CITY2,Mall,2025-06-28,13,true,60,14,10004.39,0.2333,true
ST04,CITY3,High Street,2025-06-29,14,true,26,3,1083.4,0.1154,true
ST05,CITY4,Mall,2025-06-18,16,false,15,1,328.01,0.0667,true
ST06,CITY5,High Street,2025-06-19,17,false,35,7,3835.92,0.2,true
ST07,CITY0,Mall,2025-06-20,18,false,54,9,5216.08,0.1667,true
ST08,CITY1,High Street,2025-06-21,19,true,63,14,7881.45,0.2222,true
ST09,CITY2,Mall,2025-06-22,20,true,74,6,3296.37,0.0811,true
ST10,CITY3,High Street,2025-06-23,21,false,24,6,3580.07,0.25,true
ST11,CITY4,Mall,2025-06-24,10,false,30,5,3057.15,0.1667,true
ST12,CITY5,High Street,2025-06-25,11,false,27,4,1330.39,0.1481,true
ST01,CITY0,Mall,2025-06-26,12,false,25,4,3107.85,0.16,true
ST02,CITY1,High Street,2025-06-27,13,false,34,8,4269.99,0.2353,true
ST03,CITY2,Mall,2025-06-28,14,true,24,2,798.08,0.0833,true
ST04,CITY3,High Street,2025-06-29,15,true,23,2,852.55,0.087,true
ST05,CITY4,Mall,2025-06-18,17,false,31,3,879.89,0.0968,true
ST06,CITY5,High Street,2025-06-19,18,false,65,14,6335.55,0.2154,true
ST07,CITY0,Mall,2025-06-20,19,false,55,10,3256.96,0.1818,true
ST08,CITY1,High Street,2025-06-21,20,true,110,24,12890.77,0.2182,true
ST09,CITY2,Mall,2025-06-22,21,true,48,4,2726.88,0.0833,true
ST10,CITY3,High Street,2025-06-23,10,false,26,6,3425.74,0.2308,true
ST11,CITY4,Mall,2025-06-24,11,false,34,6,2202.53,0.1765,true
ST12,CITY5,High Street,2025-06-25,12,false,21,3,1349.79,0.1429,true
ST01,CITY0,Mall,2025-06-26,13,false,33,6,1020.73,0.1818,true
ST02,CITY1,High Street,2025-06-27,14,false,15,2,433.49,0.1333,true
ST03,CITY2,Mall,2025-06-28,15,true,21,2,609.17,0.0952,true
ST04,CITY3,High Street,2025-06-29,16,true,26,3,815.65,0.1154,true
ST05,CITY4,Mall,2025-06-18,18,false,43,5,1487.88,0.1163,true
ST06,CITY5,High Street,2025-06-19,19,false,67,14,6461.49,0.209,true
ST07,CITY0,Mall,2025-06-20,20,false,42,7,2521.16,0.1667,true
ST08,CITY1,High Street,2025-06-21,21,true,38,8,3049.17,0.2105,true
ST09,CITY2,Mall,2025-06-22,10,true,53,4,1345.94,0.0755,true
ST10,CITY3,High Street,2025-06-23,11,false,30,7,2035.14,0.2333,true
ST11,CITY4,Mall,2025-06-24,12,false,34,6,2929.17,0.1765,true
ST12,CITY5,High Street,2025-06-25,13,false,23,4,2745.82,0.1739,true
ST01,CITY0,Mall,2025-06-26,14,false,14,1,273.42,0.0714,true
ST02,CITY1,High Street,2025-06-27,15,false,17,2,1431.16,0.1176,true
ST03,CITY2,Mall,2025-06-28,16,true,22,2,819.12,0.0909,true
ST04,CITY3,High Street,2025-06-29,17,true,52,12,5245.7,0.2308,true
ST05,CITY4,Mall,2025-06-18,19,false,59,7,4497.6,0.1186,true
ST06,CITY5,High Street,2025-06-19,20,false,43,9,4550.21,0.2093,true
ST07,CITY0,Mall,2025-06-20,21,false,24,4,1890.92,0.1667,true
ST08,CITY1,High Street,2025-06-21,10,true,,13,6418.31,,false
ST09,CITY2,Mall,2025-06-22,11,true,35,3,1381.25,0.0857,true
ST10,CITY3,High Street,2025-06-23,12,false,39,10,5199.4,0.2564,true
ST11,CITY4,Mall,2025-06-24,13,false,34,6,1775.55,0.1765,true
ST12,CITY5,High Street,2025-06-25,14,false,14,1,998.9,0.0714,true
ST01,CITY0,Mall,2025-06-26,15,false,23,2,797.16,0.087,true
ST02,CITY1,High Street,2025-06-27,16,false,13,1,788.61,0.0769,true
ST03,CITY2,Mall,2025-06-28,17,true,58,13,8401.69,0.2241,true
ST04,CITY3,High Street,2025-06-29,18,true,105,25,13393.43,0.2381,true
ST05,CITY4,Mall,2025-06-18,20,false,69,8,3224.49,0.1159,true
ST06,CITY5,High Street,2025-06-19,21,false,34,7,2460.01,0.2059,true
ST07,CITY0,Mall,2025-06-20,10,false,37,6,3895.54,0.1622,true
ST08,CITY1,High Street,2025-06-21,11,true,,10,3251.35,,false
ST09,CITY2,Mall,2025-06-22,12,true,36,3,3382.15,0.0833,true
ST10,CITY3,High Street,2025-06-23,13,false,37,9,4583.02,0.2432,true
ST11,CITY4,Mall,2025-06-24,14,false,13,1,329.25,0.0769,true
ST12,CITY5,High Street,2025-06-25,15,false,13,1,220.0,0.0769,true
ST01,CITY0,Mall,2025-06-26,16,false,13,1,504.04,0.0769,true
ST02,CITY1,High Street,2025-06-27,17,false,30,7,2521.35,0.2333,true
ST03,CITY2,Mall,2025-06-28,18,true,104,24,10661.04,0.2308,true
ST04,CITY3,High Street,2025-06-29,19,true,81,19,8234.77,0.2346,true
ST05,CITY4,Mall,2025-06-18,21,false,35,4,1187.86,0.1143,true
ST06,CITY5,High Street,2025-06-19,10,false,22,5,1968.0,0.2273,true
ST07,CITY0,Mall,2025-06-20,11,false,29,5,1785.2,0.1724,true
ST08,CITY1,High Street,2025-06-21,12,true,61,13,7129.51,0.2131,true
ST09,CITY2,Mall,2025-06-22,13,true,51,4,1164.31,0.0784,true
ST10,CITY3,High Street,2025-06-23,14,false,14,2,1482.33,0.1429,true
ST11,CITY4,Mall,2025-06-24,15,false,16,1,223.78,0.0625,true
ST12,CITY5,High Street,2025-06-25,16,false,,2,1067.05,,false
ST01,CITY0,Mall,2025-06-26,17,false,23,4,1572.27,0.1739,true
ST02,CITY1,High Street,2025-06-27,18,false,61,15,6138.85,0.2459,true
ST03,CITY2,Mall,2025-06-28,19,true,76,18,11729.15,0.2368,true
ST04,CITY3,High Street,2025-06-29,20,true,61,14,9511.88,0.2295,true
ST06,CITY5,High Street,2025-06-18,10,false,28,6,5597.52,0.2143,true
ST07,CITY0,Mall,2025-06-19,11,false,32,6,6049.71,0.1875,true
ST08,CITY1,High Street,2025-06-20,12,false,32,8,2729.36,0.25,true
ST09,CITY2,Mall,2025-06-21,13,true,62,5,3580.09,0.0806,true
ST10,CITY3,High Street,2025-06-22,14,true,21,2,3158.14,0.0952,true
ST11,CITY4,Mall,2025-06-23,15,false,20,2,649.67,0.1,true
ST12,CITY5,High Street,2025-06-24,16,false,19,1,581.14,0.0526,true
ST01,CITY0,Mall,2025-06-25,17,false,,5,2422.4,,false
ST02,CITY1,High Street,2025-06-26,18,false,44,11,6581.65,0.25,true
ST03,CITY2,Mall,2025-06-27,19,false,48,13,7238.71,0.2708,true
ST04,CITY3,High Street,2025-06-28,20,true,100,23,11579.65,0.23,true
ST05,CITY4,Mall,2025-06-29,21,true,35,3,1381.03,0.0857,true
ST06,CITY5,High Street,2025-06-18,11,false,28,6,3001.7,0.2143,true
ST07,CITY0,Mall,2025-06-19,12,false,30,5,1258.49,0.1667,true
ST08,CITY1,High Street,2025-06-20,13,false,32,8,4800.67,0.25,true
ST09,CITY2,Mall,2025-06-21,14,true,25,1,1080.2,0.04,true
ST10,CITY3,High Street,2025-06-22,15,true,25,2,1980.41,0.08,true
ST11,CITY4,Mall,2025-06-23,16,false,17,1,274.01,0.0588,true
ST12,CITY5,High Street,2025-06-24,17,false,33,5,3828.89,0.1515,true
ST01,CITY0,Mall,2025-06-25,18,false,51,9,3060.75,0.1765,true
ST02,CITY1,High Street,2025-06-26,19,false,68,17,11083.53,0.25,true
ST03,CITY2,Mall,2025-06-27,20,false,38,10,6132.32,0.2632,true
ST04,CITY3,High Street,2025-06-28,21,true,51,12,5379.12,0.2353,true
ST05,CITY4,Mall,2025-06-29,10,true,36,3,2393.51,0.0833,true
ST06,CITY5,High Street,2025-06-18,12,false,25,5,2380.3,0.2,true
ST07,CITY0,Mall,2025-06-19,13,false,23,4,1772.52,0.1739,true
ST08,CITY1,High Street,2025-06-20,14,false,17,2,1145.56,0.1176,true
ST09,CITY2,Mall,2025-06-21,15,true,22,1,310.31,0.0455,true
ST10,CITY3,High Street,2025-06-22,16,true,29,3,1192.65,0.1034,true
ST11,CITY4,Mall,2025-06-23,17,false,27,5,4238.22,0.1852,true
ST12,CITY5,High Street,2025-06-24,18,false,55,8,2700.21,0.1455,true
ST01,CITY0,Mall,2025-06-25,19,false,45,8,5742.94,0.1778,true
ST02,CITY1,High Street,2025-06-26,20,false,70,17,7089.28,0.2429,true
ST03,CITY2,Mall,2025-06-27,21,false,24,7,3585.43,0.2917,true
ST04,CITY3,High Street,2025-06-28,10,true,53,12,4965.27,0.2264,true
ST05,CITY4,Mall,2025-06-29,11,true,44,4,2096.75,0.0909,true
ST06,CITY5,High Street,2025-06-18,13,false,27,6,2803.48,0.2222,true
ST07,CITY0,Mall,2025-06-19,14,false,22,2,840.11,0.0909,true
ST08,CITY1,High Street,2025-06-20,15,false,20,2,1475.54,0.1,true
ST09,CITY2,Mall,2025-06-21,16,true,37,1,151.47,0.027,true
ST10,CITY3,High Street,2025-06-22,17,true,56,12,7272.35,0.2143,true
ST11,CITY4,Mall,2025-06-23,18,false,58,10,4304.56,0.1724,true
ST12,CITY5,High Street,2025-06-24,19,false,38,6,3615.31,0.1579,true
ST01,CITY0,Mall,2025-06-25,20,false,48,8,3764.38,0.1667,true
ST02,CITY1,High Street,2025-06-26,21,false,35,9,4514.06,0.2571,true
ST03,CITY2,Mall,2025-06-27,10,false,25,7,3409.05,0.28,true
ST04,CITY3,High Street,2025-06-28,11,true,49,11,5037.95,0.2245,true
ST05,CITY4,Mall,2025-06-29,12,true,48,5,3232.08,0.1042,true
ST06,CITY5,High Street,2025-06-18,14,false,13,1,915.74,0.0769,true
ST07,CITY0,Mall,2025-06-19,15,false,17,1,537.97,0.0588,true
ST08,CITY1,High Street,2025-06-20,16,false,15,2,655.04,0.1333,true
ST09,CITY2,Mall,2025-06-21,17,true,44,3,1626.85,0.0682,true
ST10,CITY3,High Street,2025-06-22,18,true,70,15,7851.8,0.2143,true
ST11,CITY4,Mall,2025-06-23,19,false,45,8,5848.08,0.1778,true
ST12,CITY5,High Street,2025-06-24,20,false,40,6,7335.38,0.15,true
ST01,CITY0,Mall,2025-06-25,21,false,23,4,3097.27,0.1739,true
ST02,CITY1,High Street,2025-06-26,10,false,26,6,4336.1,0.2308,true
ST03,CITY2,Mall,2025-06-27,11,false,27,7,2900.5,0.2593,true
ST04,CITY3,High Street,2025-06-28,12,true,54,13,4931.31,0.2407,true
ST05,CITY4,Mall,2025-06-29,13,true,36,3,2030.84,0.0833,true
ST06,CITY5,High Street,2025-06-18,15,false,13,1,324.23,0.0769,true
ST07,CITY0,Mall,2025-06-19,16,false,18,1,365.58,0.0556,true
ST08,CITY1,High Street,2025-06-20,17,false,27,7,5647.27,0.2593,true
ST09,CITY2,Mall,2025-06-21,18,true,74,6,2851.03,0.0811,true
ST10,CITY3,High Street,2025-06-22,19,true,105,22,10991.89,0.2095,true
ST11,CITY4,Mall,2025-06-23,20,false,58,10,4721.77,0.1724,true
ST12,CITY5,High Street,2025-06-24,21,false,33,5,2294.5,0.1515,true
ST01,CITY0,Mall,2025-06-25,10,false,34,6,4072.22,0.1765,true
ST02,CITY1,High Street,2025-06-26,11,false,23,6,2667.32,0.2609,true
ST03,CITY2,Mall,2025-06-27,12,false,30,8,4914.45,0.2667,true
ST04,CITY3,High Street,2025-06-28,13,true,59,14,7993.05,0.2373,true
ST05,CITY4,Mall,2025-06-29,14,true,24,1,272.86,0.0417,true
ST06,CITY5,High Street,2025-06-18,16,false,15,1,426.22,0.0667,true
ST07,CITY0,Mall,2025-06-19,17,false,22,4,3690.11,0.1818,true
ST08,CITY1,High Street,2025-06-20,18,false,59,15,7870.67,0.2542,true
ST09,CITY2,Mall,2025-06-21,19,true,95,7,4064.35,0.0737,true
ST10,CITY3,High Street,2025-06-22,20,true,98,20,9646.26,0.2041,true
ST11,CITY4,Mall,2025-06-23,21,false,32,6,2542.59,0.1875,true
ST12,CITY5,High Street,2025-06-24,10,false,31,5,2015.58,0.1613,true
ST01,CITY0,Mall,2025-06-25,11,false,22,4,1325.84,0.1818,true
ST02,CITY1,High Street,2025-06-26,12,false,24,6,2761.32,0.25,true
ST03,CITY2,Mall,2025-06-27,13,false,23,6,4398.39,0.2609,true
ST04,CITY3,High Street,2025-06-28,14,true,29,3,2318.47,0.1034,true
ST05,CITY4,Mall,2025-06-29,15,true,29,1,282.65,0.0345,true
ST06,CITY5,High Street,2025-06-18,17,false,24,5,2992.65,0.2083,true
ST07,CITY0,Mall,2025-06-19,18,false,65,11,5620.67,0.1692,true
ST08,CITY1,High Street,2025-06-20,19,false,40,10,5002.23,0.25,true
ST09,CITY2,Mall,2025-06-21,20,true,95,7,2677.66,0.0737,true
ST10,CITY3,High Street,2025-06-22,21,true,58,12,9246.61,0.2069,true
ST11,CITY4,Mall,2025-06-23,10,false,32,6,4835.7,0.1875,true
ST12,CITY5,High Street,2025-06-24,11,false,30,5,2997.97,0.1667,true
ST01,CITY0,Mall,2025-06-25,12,false,35,6,3002.37,0.1714,true
ST02,CITY1,High Street,2025-06-26,13,false,34,8,2604.65,0.2353,true
ST03,CITY2,Mall,2025-06-27,14,false,23,3,981.71,0.1304,true
ST04,CITY3,High Street,2025-06-28,15,true,22,2,1031.81,0.0909,true
ST05,CITY4,Mall,2025-06-29,16,true,35,1,831.42,0.0286,true
ST06,CITY5,High Street,2025-06-18,18,false,55,11,7761.9,0.2,true
ST07,CITY0,Mall,2025-06-19,19,false,55,10,7026.87,0.1818,true
ST08,CITY1,High Street,2025-06-20,20,false,51,13,7117.34,0.2549,true
ST09,CITY2,Mall,2025-06-21,21,true,61,5,3193.88,0.082,true
ST10,CITY3,High Street,2025-06-22,10,true,36,7,3622.26,0.1944,true
ST11,CITY4,Mall,2025-06-23,11,false,28,5,2283.19,0.1786,true
ST12,CITY5,High Street,2025-06-24,12,false,26,4,2158.62,0.1538,true
ST01,CITY0,Mall,2025-06-25,13,false,24,4,891.04,0.1667,true
ST02,CITY1,High Street,2025-06-26,14,false,19,2,1156.29,0.1053,true
ST03,CITY2,Mall,2025-06-27,15,false,16,2,965.37,0.125,true
ST04,CITY3,High Street,2025-06-28,16,true,37,4,1891.48,0.1081,true
ST05,CITY4,Mall,2025-06-29,17,true,55,5,3727.04,0.0909,true
ST06,CITY5,High Street,2025-06-18,19,false,59,12,4528.81,0.2034,true
ST07,CITY0,Mall,2025-06-19,20,false,43,7,2488.08,0.1628,true
ST08,CITY1,High Street,2025-06-20,21,false,36,9,4283.16,0.25,true
ST09,CITY2,Mall,2025-06-21,10,true,,5,2288.41,,false
ST10,CITY3,High Street,2025-06-22,11,true,47,10,6024.1,0.2128,true
ST11,CITY4,Mall,2025-06-23,12,false,36,6,2584.64,0.1667,true
ST12,CITY5,High Street,2025-06-24,13,false,31,5,3679.6,0.1613,true
ST01,CITY0,Mall,2025-06-25,14,false,18,1,840.23,0.0556,true
ST02,CITY1,High Street,2025-06-26,15,false,20,2,1154.38,0.1,true
ST03,CITY2,Mall,2025-06-27,16,false,22,3,1216.75,0.1364,true
ST04,CITY3,High Street,2025-06-28,17,true,48,11,5794.79,0.2292,true
ST05,CITY4,Mall,2025-06-29,18,true,109,10,6254.67,0.0917,true
ST06,CITY5,High Street,2025-06-18,20,false,54,11,4197.11,0.2037,true
ST07,CITY0,Mall,2025-06-19,21,false,36,6,4121.82,0.1667,true
ST08,CITY1,High Street,2025-06-20,10,false,28,7,5103.03,0.25,true
ST09,CITY2,Mall,2025-06-21,11,true,,4,2253.0,,false
ST10,CITY3,High Street,2025-06-22,12,true,58,12,8939.27,0.2069,true
ST11,CITY4,Mall,2025-06-23,13,false,23,4,2415.49,0.1739,true
ST12,CITY5,High Street,2025-06-24,14,false,21,1,202.69,0.0476,true
ST01,CITY0,Mall,2025-06-25,15,false,16,1,141.98,0.0625,true
ST02,CITY1,High Street,2025-06-26,16,false,18,2,644.6,0.1111,true
ST03,CITY2,Mall,2025-06-27,17,false,29,8,4022.7,0.2759,true
ST04,CITY3,High Street,2025-06-28,18,true,82,19,10376.36,0.2317,true
ST05,CITY4,Mall,2025-06-29,19,true,75,7,3189.47,0.0933,true
ST06,CITY5,High Street,2025-06-18,21,false,29,6,2403.73,0.2069,true
ST07,CITY0,Mall,2025-06-19,10,false,35,6,3643.99,0.1714,true
ST08,CITY1,High Street,2025-06-20,11,false,30,8,4821.13,0.2667,true
ST09,CITY2,Mall,2025-06-21,12,true,43,3,1935.09,0.0698,true
ST10,CITY3,High Street,2025-06-22,13,true,58,12,6071.7,0.2069,true
ST11,CITY4,Mall,2025-06-23,14,false,19,2,1623.0,0.1053,true
ST12,CITY5,High Street,2025-06-24,15,false,17,1,293.05,0.0588,true
ST01,CITY0,Mall,2025-06-25,16,false,,1,574.16,,false
ST02,CITY1,High Street,2025-06-26,17,false,22,5,3414.19,0.2273,true
ST03,CITY2,Mall,2025-06-27,18,false,42,11,6145.25,0.2619,true
ST04,CITY3,High Street,2025-06-28,19,true,63,15,8014.02,0.2381,true
ST05,CITY4,Mall,2025-06-29,20,true,64,6,3327.71,0.0938,true
ST07,CITY0,Mall,2025-06-18,10,false,33,6,3589.07,0.1818,true
ST08,CITY1,High Street,2025-06-19,11,false,21,5,1867.07,0.2381,true
ST09,CITY2,Mall,2025-06-20,12,false,30,3,1587.6,0.1,true
ST10,CITY3,High Street,2025-06-21,13,true,46,10,5122.78,0.2174,true
ST11,CITY4,Mall,2025-06-22,14,true,27,2,1244.91,0.0741,true
ST12,CITY5,High Street,2025-06-23,15,false,16,1,123.16,0.0625,true
ST01,CITY0,Mall,2025-06-24,16,false,22,2,840.16,0.0909,true
ST02,CITY1,High Street,2025-06-25,17,false,,6,3907.62,,false
ST03,CITY2,Mall,2025-06-26,18,false,43,12,5771.89,0.2791,true
ST04,CITY3,High Street,2025-06-27,19,false,53,15,7708.58,0.283,true
ST05,CITY4,Mall,2025-06-28,20,true,72,7,4134.97,0.0972,true
ST06,CITY5,High Street,2025-06-29,21,true,57,10,6744.08,0.1754,true
ST07,CITY0,Mall,2025-06-18,11,false,25,4,1833.84,0.16,true
ST08,CITY1,High Street,2025-06-19,12,false,34,9,4850.3,0.2647,true
ST09,CITY2,Mall,2025-06-20,13,false,32,3,735.93,0.0938,true
ST10,CITY3,High Street,2025-06-21,14,true,32,3,978.84,0.0938,true
ST11,CITY4,Mall,2025-06-22,15,true,26,2,888.44,0.0769,true
ST12,CITY5,High Street,2025-06-23,16,false,20,1,122.61,0.05,true
ST01,CITY0,Mall,2025-06-24,17,false,34,6,4137.02,0.1765,true
ST02,CITY1,High Street,2025-06-25,18,false,51,13,7417.21,0.2549,true
ST03,CITY2,Mall,2025-06-26,19,false,65,18,7986.16,0.2769,true
ST04,CITY3,High Street,2025-06-27,20,false,41,11,5824.31,0.2683,true
ST05,CITY4,Mall,2025-06-28,21,true,62,6,4262.15,0.0968,true
ST06,CITY5,High Street,2025-06-29,10,true,42,7,3346.79,0.1667,true
ST07,CITY0,Mall,2025-06-18,12,false,31,5,2790.06,0.1613,true
ST08,CITY1,High Street,2025-06-19,13,false,35,9,7694.82,0.2571,true
ST09,CITY2,Mall,2025-06-20,14,false,21,1,1229.55,0.0476,true
ST10,CITY3,High Street,2025-06-21,15,true,25,2,1249.33,0.08,true
ST11,CITY4,Mall,2025-06-22,16,true,36,2,999.83,0.0556,true
ST12,CITY5,High Street,2025-06-23,17,false,23,4,3399.56,0.1739,true
ST01,CITY0,Mall,2025-06-24,18,false,39,7,5177.71,0.1795,true
ST02,CITY1,High Street,2025-06-25,19,false,63,16,7911.16,0.254,true
ST03,CITY2,Mall,2025-06-26,20,false,68,18,8004.37,0.2647,true
ST04,CITY3,High Street,2025-06-27,21,false,35,10,4798.82,0.2857,true
ST05,CITY4,Mall,2025-06-28,10,true,42,4,1762.79,0.0952,true
ST06,CITY5,High Street,2025-06-29,11,true,38,7,3534.85,0.1842,true
ST07,CITY0,Mall,2025-06-18,13,false,30,5,2442.9,0.1667,true
ST08,CITY1,High Street,2025-06-19,14,false,22,3,685.8,0.1364,true
ST09,CITY2,Mall,2025-06-20,15,false,17,1,710.35,0.0588,true
ST10,CITY3,High Street,2025-06-21,16,true,28,3,1321.02,0.1071,true
ST11,CITY4,Mall,2025-06-22,17,true,45,7,3304.07,0.1556,true
ST12,CITY5,High Street,2025-06-23,18,false,60,9,5191.01,0.15,true
ST01,CITY0,Mall,2025-06-24,19,false,65,12,6676.59,0.1846,true
ST02,CITY1,High Street,2025-06-25,20,false,40,10,7141.94,0.25,true
ST03,CITY2,Mall,2025-06-26,21,false,25,7,3155.41,0.28,true
ST04,CITY3,High Street,2025-06-27,10,false,39,11,4404.92,0.2821,true
ST05,CITY4,Mall,2025-06-28,11,true,61,6,2411.22,0.0984,true
ST06,CITY5,High Street,2025-06-29,12,true,57,10,5367.03,0.1754,true
ST07,CITY0,Mall,2025-06-18,14,false,19,1,978.27,0.0526,true
ST08,CITY1,High Street,2025-06-19,15,false,17,2,3085.74,0.1176,true
ST09,CITY2,Mall,2025-06-20,16,false,17,1,537.48,0.0588,true
ST10,CITY3,High Street,2025-06-21,17,true,44,9,6690.46,0.2045,true
ST11,CITY4,Mall,2025-06-22,18,true,102,15,8283.78,0.1471,true
ST12,CITY5,High Street,2025-06-23,19,false,63,10,5749.33,0.1587,true
ST01,CITY0,Mall,2025-06-24,20,false,50,9,5516.45,0.18,true
ST02,CITY1,High Street,2025-06-25,21,false,37,9,3915.72,0.2432,true
ST03,CITY2,Mall,2025-06-26,10,false,31,8,2272.51,0.2581,true
ST04,CITY3,High Street,2025-06-27,11,false,26,7,3743.65,0.2692,true
ST05,CITY4,Mall,2025-06-28,12,true,37,3,794.65,0.0811,true
ST06,CITY5,High Street,2025-06-29,13,true,59,10,5702.37,0.1695,true
ST07,CITY0,Mall,2025-06-18,15,false,20,2,1059.56,0.1,true
ST08,CITY1,High Street,2025-06-19,16,false,22,3,1288.22,0.1364,true
ST09,CITY2,Mall,2025-06-20,17,false,37,3,2295.63,0.0811,true
ST10,CITY3,High Street,2025-06-21,18,true,94,19,10837.28,0.2021,true
ST11,CITY4,Mall,2025-06-22,19,true,64,10,4083.4,0.1563,true
ST12,CITY5,High Street,2025-06-23,20,false,51,8,3833.55,0.1569,true
ST01,CITY0,Mall,2025-06-24,21,false,31,5,3968.14,0.1613,true
ST02,CITY1,High Street,2025-06-25,10,false,32,8,3672.03,0.25,true
ST03,CITY2,Mall,2025-06-26,11,false,28,8,3153.63,0.2857,true
ST04,CITY3,High Street,2025-06-27,12,false,35,10,7874.27,0.2857,true
ST05,CITY4,Mall,2025-06-28,13,true,51,5,2235.57,0.098,true
ST06,CITY5,High Street,2025-06-29,14,true,37,3,1145.0,0.0811,true
ST07,CITY0,Mall,2025-06-18,16,false,21,2,984.6,0.0952,true
ST08,CITY1,High Street,2025-06-19,17,false,32,8,2473.92,0.25,true
ST09,CITY2,Mall,2025-06-20,18,false,62,6,3188.55,0.0968,true
ST10,CITY3,High Street,2025-06-21,19,true,70,15,6842.73,0.2143,true
ST11,CITY4,Mall,2025-06-22,20,true,109,16,9067.75,0.1468,true
ST12,CITY5,High Street,2025-06-23,21,false,38,6,2676.16,0.1579,true
ST01,CITY0,Mall,2025-06-24,10,false,26,5,3008.45,0.1923,true
ST02,CITY1,High Street,2025-06-25,11,false,28,7,2942.01,0.25,true
ST03,CITY2,Mall,2025-06-26,12,false,27,7,2453.88,0.2593,true
ST04,CITY3,High Street,2025-06-27,13,false,24,7,3005.31,0.2917,true
ST05,CITY4,Mall,2025-06-28,14,true,27,1,157.89,0.037,true
ST06,CITY5,High Street,2025-06-29,15,true,36,3,1903.45,0.0833,true
ST07,CITY0,Mall,2025-06-18,17,false,36,6,2224.7,0.1667,true
ST08,CITY1,High Street,2025-06-19,18,false,39,10,4608.87,0.2564,true
ST09,CITY2,Mall,2025-06-20,19,false,65,6,3659.64,0.0923,true
ST10,CITY3,High Street,2025-06-21,20,true,93,19,8640.41,0.2043,true
ST11,CITY4,Mall,2025-06-22,21,true,62,9,3392.62,0.1452,true
ST12,CITY5,High Street,2025-06-23,10,false,33,5,1919.83,0.1515,true
ST01,CITY0,Mall,2025-06-24,11,false,37,7,4362.31,0.1892,true
ST02,CITY1,High Street,2025-06-25,12,false,23,6,2461.4,0.2609,true
ST03,CITY2,Mall,2025-06-26,13,false,35,9,5815.8,0.2571,true
ST04,CITY3,High Street,2025-06-27,14,false,22,3,802.04,0.1364,true
ST05,CITY4,Mall,2025-06-28,15,true,34,1,106.23,0.0294,true
ST06,CITY5,High Street,2025-06-29,16,true,35,3,1424.56,0.0857,true
ST07,CITY0,Mall,2025-06-18,18,false,68,12,7445.74,0.1765,true
ST08,CITY1,High Street,2025-06-19,19,false,57,15,5642.38,0.2632,true
ST09,CITY2,Mall,2025-06-20,20,false,47,4,1358.0,0.0851,true
ST10,CITY3,High Street,2025-06-21,21,true,43,9,3482.08,0.2093,true
ST11,CITY4,Mall,2025-06-22,10,true,62,9,3235.44,0.1452,true
ST12,CITY5,High Street,2025-06-23,11,false,31,5,1622.98,0.1613,true
ST01,CITY0,Mall,2025-06-24,12,false,34,6,1879.74,0.1765,true
ST02,CITY1,High Street,2025-06-25,13,false,26,6,2437.11,0.2308,true
ST03,CITY2,Mall,2025-06-26,14,false,13,2,2396.91,0.1538,true
ST04,CITY3,High Street,2025-06-27,15,false,21,3,1384.08,0.1429,true
ST05,CITY4,Mall,2025-06-28,16,true,22,1,709.71,0.0455,true
ST06,CITY5,High Street,2025-06-29,17,true,59,10,5137.31,0.1695,true
ST07,CITY0,Mall,2025-06-18,19,false,68,12,7308.7,0.1765,true
ST08,CITY1,High Street,2025-06-19,20,false,50,13,8049.81,0.26,true
ST09,CITY2,Mall,2025-06-20,21,false,31,3,1612.12,0.0968,true
ST10,CITY3,High Street,2025-06-21,10,true,,8,3892.89,,false
ST11,CITY4,Mall,2025-06-22,11,true,41,6,2722.71,0.1463,true
ST12,CITY5,High Street,2025-06-23,12,false,29,4,2513.84,0.1379,true
ST01,CITY0,Mall,2025-06-24,13,false,33,6,3550.56,0.1818,true
ST02,CITY1,High Street,2025-06-25,14,false,18,2,3125.53,0.1111,true
ST03,CITY2,Mall,2025-06-26,15,false,15,2,1531.17,0.1333,true
ST04,CITY3,High Street,2025-06-27,16,false,19,2,1291.66,0.1053,true
ST05,CITY4,Mall,2025-06-28,17,true,38,4,4049.21,0.1053,true
ST06,CITY5,High Street,2025-06-29,18,true,63,11,5660.82,0.1746,true
ST07,CITY0,Mall,2025-06-18,20,false,45,8,3199.6,0.1778,true
ST08,CITY1,High Street,2025-06-19,21,false,24,6,3939.6,0.25,true
ST09,CITY2,Mall,2025-06-20,10,false,32,3,3418.54,0.0938,true
ST10,CITY3,High Street,2025-06-21,11,true,,9,4681.54,,false
ST11,CITY4,Mall,2025-06-22,12,true,60,9,6821.43,0.15,true
ST12,CITY5,High Street,2025-06-23,13,false,38,6,4067.7,0.1579,true
ST01,CITY0,Mall,2025-06-24,14,false,17,1,534.02,0.0588,true
ST02,CITY1,High Street,2025-06-25,15,false,20,2,605.01,0.1,true
ST03,CITY2,Mall,2025-06-26,16,false,19,2,788.33,0.1053,true
ST04,CITY3,High Street,2025-06-27,17,false,37,10,5205.74,0.2703,true
ST05,CITY4,Mall,2025-06-28,18,true,86,8,2669.75,0.093,true
ST06,CITY5,High Street,2025-06-29,19,true,71,13,6989.77,0.1831,true
ST07,CITY0,Mall,2025-06-18,21,false,37,6,4026.69,0.1622,true
ST08,CITY1,High Street,2025-06-19,10,false,38,10,6814.0,0.2632,true
ST09,CITY2,Mall,2025-06-20,11,false,36,3,1484.75,0.0833,true
ST10,CITY3,High Street,2025-06-21,12,true,50,10,6071.88,0.2,true
ST11,CITY4,Mall,2025-06-22,13,true,42,6,3647.08,0.1429,true
ST12,CITY5,High Street,2025-06-23,14,false,15,1,589.47,0.0667,true
ST01,CITY0,Mall,2025-06-24,15,false,13,1,144.43,0.0769,true
ST02,CITY1,High Street,2025-06-25,16,false,,2,2084.68,,false
ST03,CITY2,Mall,2025-06-26,17,false,31,8,6849.78,0.2581,true
ST04,CITY3,High Street,2025-06-27,18,false,65,18,8762.49,0.2769,true
ST05,CITY4,Mall,2025-06-28,19,true,77,7,3410.47,0.0909,true
ST06,CITY5,High Street,2025-06-29,20,true,88,16,6894.49,0.1818,true
ST08,CITY1,High Street,2025-06-18,10,false,28,7,3014.59,0.25,true
ST09,CITY2,Mall,2025-06-19,11,false,39,4,2394.24,0.1026,true
ST10,CITY3,High Street,2025-06-20,12,false,33,8,4906.97,0.2424,true
ST11,CITY4,Mall,2025-06-21,13,true,45,7,2308.35,0.1556,true
ST12,CITY5,High Street,2025-06-22,14,true,37,2,1455.44,0.0541,true
ST01,CITY0,Mall,2025-06-23,15,false,16,1,501.29,0.0625,true
ST02,CITY1,High Street,2025-06-24,16,false,17,2,395.79,0.1176,true
ST03,CITY2,Mall,2025-06-25,17,false,,8,3969.39,,false
ST04,CITY3,High Street,2025-06-26,18,false,45,12,5717.36,0.2667,true
ST05,CITY4,Mall,2025-06-27,19,false,59,7,3945.91,0.1186,true
ST06,CITY5,High Street,2025-06-28,20,true,83,15,7649.99,0.1807,true
ST07,CITY0,Mall,2025-06-29,21,true,55,8,3364.15,0.1455,true
ST08,CITY1,High Street,2025-06-18,11,false,24,6,3969.45,0.25,true
ST09,CITY2,Mall,2025-06-19,12,false,32,3,1452.91,0.0938,true
ST10,CITY3,High Street,2025-06-20,13,false,36,9,4653.72,0.25,true
ST11,CITY4,Mall,2025-06-21,14,true,25,2,1002.28,0.08,true
ST12,CITY5,High Street,2025-06-22,15,true,27,2,3396.77,0.0741,true
ST01,CITY0,Mall,2025-06-23,16,false,17,1,353.53,0.0588,true
ST02,CITY1,High Street,2025-06-24,17,false,23,6,2322.18,0.2609,true
ST03,CITY2,Mall,2025-06-25,18,false,56,15,10703.37,0.2679,true
ST04,CITY3,High Street,2025-06-26,19,false,57,16,10765.43,0.2807,true
ST05,CITY4,Mall,2025-06-27,20,false,45,5,3773.65,0.1111,true
ST06,CITY5,High Street,2025-06-28,21,true,41,7,3840.34,0.1707,true
ST07,CITY0,Mall,2025-06-29,10,true,41,6,2160.94,0.1463,true
ST08,CITY1,High Street,2025-06-18,12,false,32,8,3314.77,0.25,true
ST09,CITY2,Mall,2025-06-19,13,false,32,3,1508.04,0.0938,true
ST10,CITY3,High Street,2025-06-20,14,false,14,2,650.2,0.1429,true
ST11,CITY4,Mall,2025-06-21,15,true,31,2,720.69,0.0645,true
ST12,CITY5,High Street,2025-06-22,16,true,21,1,232.83,0.0476,true
ST01,CITY0,Mall,2025-06-23,17,false,22,4,2309.83,0.1818,true
ST02,CITY1,High Street,2025-06-24,18,false,53,13,5279.58,0.2453,true
ST03,CITY2,Mall,2025-06-25,19,false,55,15,7267.12,0.2727,true
ST04,CITY3,High Street,2025-06-26,20,false,53,15,8069.0,0.283,true
ST05,CITY4,Mall,2025-06-27,21,false,21,2,1115.71,0.0952,true
ST06,CITY5,High Street,2025-06-28,10,true,45,8,4895.44,0.1778,true
ST07,CITY0,Mall,2025-06-29,11,true,37,5,2093.54,0.1351,true
ST08,CITY1,High Street,2025-06-18,13,false,27,7,4676.27,0.2593,true
ST09,CITY2,Mall,2025-06-19,14,false,22,1,667.57,0.0455,true
ST10,CITY3,High Street,2025-06-20,15,false,21,2,907.08,0.0952,true
ST11,CITY4,Mall,2025-06-21,16,true,36,2,830.22,0.0556,true
ST12,CITY5,High Street,2025-06-22,17,true,37,5,1903.5,0.1351,true
ST01,CITY0,Mall,2025-06-23,18,false,55,10,4198.49,0.1818,true
ST02,CITY1,High Street,2025-06-24,19,false,70,17,8799.6,0.2429,true
ST03,CITY2,Mall,2025-06-25,20,false,45,12,4675.35,0.2667,true
ST04,CITY3,High Street,2025-06-26,21,false,25,7,1859.05,0.28,true
ST05,CITY4,Mall,2025-06-27,10,false,35,4,3493.38,0.1143,true
ST06,CITY5,High Street,2025-06-28,11,true,59,10,6242.97,0.1695,true
ST07,CITY0,Mall,2025-06-29,12,true,57,8,3519.75,0.1404,true
ST08,CITY1,High Street,2025-06-18,14,false,17,2,615.54,0.1176,true
ST09,CITY2,Mall,2025-06-19,15,false,23,1,251.93,0.0435,true
ST10,CITY3,High Street,2025-06-20,16,false,14,2,578.81,0.1429,true
ST11,CITY4,Mall,2025-06-21,17,true,48,7,7001.4,0.1458,true
ST12,CITY5,High Street,2025-06-22,18,true,107,14,7264.56,0.1308,true
ST01,CITY0,Mall,2025-06-23,19,false,69,12,4257.49,0.1739,true
ST02,CITY1,High Street,2025-06-24,20,false,44,11,3933.92,0.25,true
ST03,CITY2,Mall,2025-06-25,21,false,34,9,6856.8,0.2647,true
ST04,CITY3,High Street,2025-06-26,10,false,23,6,3351.86,0.2609,true
ST05,CITY4,Mall,2025-06-27,11,false,24,3,1042.72,0.125,true
ST06,CITY5,High Street,2025-06-28,12,true,45,8,3280.86,0.1778,true
ST07,CITY0,Mall,2025-06-29,13,true,42,6,2265.67,0.1429,true
ST08,CITY1,High Street,2025-06-18,15,false,22,3,1743.84,0.1364,true
ST09,CITY2,Mall,2025-06-19,16,false,14,1,269.48,0.0714,true
ST10,CITY3,High Street,2025-06-20,17,false,22,5,1770.72,0.2273,true
ST11,CITY4,Mall,2025-06-21,18,true,70,11,5351.54,0.1571,true
ST12,CITY5,High Street,2025-06-22,19,true,72,9,5227.65,0.125,true
ST01,CITY0,Mall,2025-06-23,20,false,64,11,5407.91,0.1719,true
ST02,CITY1,High Street,2025-06-24,21,false,35,9,4038.47,0.2571,true
ST03,CITY2,Mall,2025-06-25,10,false,33,9,5207.17,0.2727,true
ST04,CITY3,High Street,2025-06-26,11,false,25,7,2095.14,0.28,true
ST05,CITY4,Mall,2025-06-27,12,false,26,3,1911.9,0.1154,true
ST06,CITY5,High Street,2025-06-28,13,true,46,8,2864.68,0.1739,true
ST07,CITY0,Mall,2025-06-29,14,true,29,2,933.54,0.069,true
ST08,CITY1,High Street,2025-06-18,16,false,17,2,334.61,0.1176,true
ST09,CITY2,Mall,2025-06-19,17,false,34,3,1654.43,0.0882,true
ST10,CITY3,High Street,2025-06-20,18,false,68,17,9532.12,0.25,true
ST11,CITY4,Mall,2025-06-21,19,true,104,16,7988.39,0.1538,true
ST12,CITY5,High Street,2025-06-22,20,true,82,11,4807.96,0.1341,true
ST01,CITY0,Mall,2025-06-23,21,false,21,4,1631.56,0.1905,true
ST02,CITY1,High Street,2025-06-24,10,false,28,7,3357.47,0.25,true
ST03,CITY2,Mall,2025-06-25,11,false,34,9,4645.23,0.2647,true
ST04,CITY3,High Street,2025-06-26,12,false,36,10,4556.29,0.2778,true
ST05,CITY4,Mall,2025-06-27,13,false,38,4,2499.31,0.1053,true
ST06,CITY5,High Street,2025-06-28,14,true,28,2,860.12,0.0714,true
ST07,CITY0,Mall,2025-06-29,15,true,32,2,985.74,0.0625,true
ST08,CITY1,High Street,2025-06-18,17,false,23,6,1936.73,0.2609,true
ST09,CITY2,Mall,2025-06-19,18,false,58,5,2282.7,0.0862,true
ST10,CITY3,High Street,2025-06-20,19,false,50,12,7508.46,0.24,true
ST11,CITY4,Mall,2025-06-21,20,true,62,9,3575.81,0.1452,true
ST12,CITY5,High Street,2025-06-22,21,true,59,8,3123.37,0.1356,true
ST01,CITY0,Mall,2025-06-23,10,false,30,5,2096.74,0.1667,true
ST02,CITY1,High Street,2025-06-24,11,false,24,6,2693.47,0.25,true
ST03,CITY2,Mall,2025-06-25,12,false,24,7,3495.44,0.2917,true
ST04,CITY3,High Street,2025-06-26,13,false,35,10,5324.7,0.2857,true
ST05,CITY4,Mall,2025-06-27,14,false,18,1,285.6,0.0556,true
ST06,CITY5,High Street,2025-06-28,15,true,30,2,903.21,0.0667,true
ST07,CITY0,Mall,2025-06-29,16,true,26,2,1133.99,0.0769,true
ST08,CITY1,High Street,2025-06-18,18,false,69,18,7996.27,0.2609,true
ST09,CITY2,Mall,2025-06-19,19,false,66,6,4238.95,0.0909,true
ST10,CITY3,High Street,2025-06-20,20,false,64,16,8033.17,0.25,true
ST11,CITY4,Mall,2025-06-21,21,true,43,6,2622.36,0.1395,true
ST12,CITY5,High Street,2025-06-22,10,true,52,7,4437.37,0.1346,true
ST01,CITY0,Mall,2025-06-23,11,false,33,6,3622.28,0.1818,true
ST02,CITY1,High Street,2025-06-24,12,false,24,6,2537.99,0.25,true
ST03,CITY2,Mall,2025-06-25,13,false,23,6,2609.59,0.2609,true
ST04,CITY3,High Street,2025-06-26,14,false,23,3,2378.6,0.1304,true
ST05,CITY4,Mall,2025-06-27,15,false,18,1,463.75,0.0556,true
ST06,CITY5,High Street,2025-06-28,16,true,31,2,1154.48,0.0645,true
ST07,CITY0,Mall,2025-06-29,17,true,36,5,2422.65,0.1389,true
ST08,CITY1,High Street,2025-06-18,19,false,41,10,5572.11,0.2439,true
ST09,CITY2,Mall,2025-06-19,20,false,39,4,1401.01,0.1026,true
ST10,CITY3,High Street,2025-06-20,21,false,25,6,3192.45,0.24,true
ST11,CITY4,Mall,2025-06-21,10,true,,6,2948.31,,false
ST12,CITY5,High Street,2025-06-22,11,true,58,8,3192.08,0.1379,true
ST01,CITY0,Mall,2025-06-23,12,false,23,4,1899.58,0.1739,true
ST02,CITY1,High Street,2025-06-24,13,false,35,9,3728.16,0.2571,true
ST03,CITY2,Mall,2025-06-25,14,false,15,2,582.24,0.1333,true
ST04,CITY3,High Street,2025-06-26,15,false,14,2,1497.75,0.1429,true
ST05,CITY4,Mall,2025-06-27,16,false,13,1,1235.56,0.0769,true
ST06,CITY5,High Street,2025-06-28,17,true,60,11,4934.12,0.1833,true
ST07,CITY0,Mall,2025-06-29,18,true,65,10,7017.34,0.1538,true
ST08,CITY1,High Street,2025-06-18,20,false,61,16,11561.22,0.2623,true
ST09,CITY2,Mall,2025-06-19,21,false,21,2,718.88,0.0952,true
ST10,CITY3,High Street,2025-06-20,10,false,22,5,2045.54,0.2273,true
ST11,CITY4,Mall,2025-06-21,11,true,,8,5377.65,,false
ST12,CITY5,High Street,2025-06-22,12,true,36,5,2337.45,0.1389,true
ST01,CITY0,Mall,2025-06-23,13,false,22,4,1788.61,0.1818,true
ST02,CITY1,High Street,2025-06-24,14,false,19,2,1011.23,0.1053,true
ST03,CITY2,Mall,2025-06-25,15,false,18,2,423.02,0.1111,true
ST04,CITY3,High Street,2025-06-26,16,false,21,3,1314.72,0.1429,true
ST05,CITY4,Mall,2025-06-27,17,false,26,3,1264.71,0.1154,true
ST06,CITY5,High Street,2025-06-28,18,true,97,17,9853.08,0.1753,true
ST07,CITY0,Mall,2025-06-29,19,true,103,15,7310.07,0.1456,true
ST08,CITY1,High Street,2025-06-18,21,false,37,9,4055.56,0.2432,true
ST09,CITY2,Mall,2025-06-19,10,false,27,2,2860.27,0.0741,true
ST10,CITY3,High Street,2025-06-20,11,false,24,6,6215.76,0.25,true
ST11,CITY4,Mall,2025-06-21,12,true,39,6,3379.73,0.1538,true
ST12,CITY5,High Street,2025-06-22,13,true,36,5,3090.83,0.1389,true
ST01,CITY0,Mall,2025-06-23,14,false,13,1,161.82,0.0769,true
ST02,CITY1,High Street,2025-06-24,15,false,19,2,551.2,0.1053,true
ST03,CITY2,Mall,2025-06-25,16,false,,2,542.29,,false
ST04,CITY3,High Street,2025-06-26,17,false,26,7,2497.26,0.2692,true
ST05,CITY4,Mall,2025-06-27,18,false,49,5,3503.83,0.102,true
ST06,CITY5,High Street,2025-06-28,19,true,75,13,6554.25,0.1733,true
ST07,CITY0,Mall,2025-06-29,20,true,82,12,6696.92,0.1463,true
ST09,CITY2,Mall,2025-06-18,10,false,24,2,1440.04,0.0833,true
ST10,CITY3,High Street,2025-06-19,11,false,35,9,5138.91,0.2571,true
ST11,CITY4,Mall,2025-06-20,12,false,37,7,3779.91,0.1892,true
ST12,CITY5,High Street,2025-06-21,13,true,36,5,2131.82,0.1389,true
ST01,CITY0,Mall,2025-06-22,14,true,30,2,504.83,0.0667,true
ST02,CITY1,High Street,2025-06-23,15,false,19,2,574.95,0.1053,true
ST03,CITY2,Mall,2025-06-24,16,false,16,2,1075.65,0.125,true
ST04,CITY3,High Street,2025-06-25,17,false,,10,7784.7,,false
ST05,CITY4,Mall,2025-06-26,18,false,56,6,4287.9,0.1071,true
ST06,CITY5,High Street,2025-06-27,19,false,44,9,4701.97,0.2045,true
ST07,CITY0,Mall,2025-06-28,20,true,70,10,6267.39,0.1429,true
ST08,CITY1,High Street,2025-06-29,21,true,45,10,5912.86,0.2222,true
ST09,CITY2,Mall,2025-06-18,11,false,26,2,1102.06,0.0769,true
ST10,CITY3,High Street,2025-06-19,12,false,29,7,1618.8,0.2414,true
ST11,CITY4,Mall,2025-06-20,13,false,32,6,2186.05,0.1875,true
ST12,CITY5,High Street,2025-06-21,14,true,26,2,585.04,0.0769,true
ST01,CITY0,Mall,2025-06-22,15,true,37,3,1987.85,0.0811,true
ST02,CITY1,High Street,2025-06-23,16,false,19,2,1359.24,0.1053,true
ST03,CITY2,Mall,2025-06-24,17,false,24,7,2765.29,0.2917,true
ST04,CITY3,High Street,2025-06-25,18,false,40,11,4752.23,0.275,true
ST05,CITY4,Mall,2025-06-26,19,false,47,5,1453.61,0.1064,true
ST06,CITY5,High Street,2025-06-27,20,false,62,13,5449.95,0.2097,true
ST07,CITY0,Mall,2025-06-28,21,true,41,6,3045.87,0.1463,true
ST08,CITY1,High Street,2025-06-29,10,true,57,12,4718.88,0.2105,true
ST09,CITY2,Mall,2025-06-18,12,false,37,3,911.82,0.0811,true
ST10,CITY3,High Street,2025-06-19,13,false,37,9,5507.53,0.2432,true
ST11,CITY4,Mall,2025-06-20,14,false,14,1,332.92,0.0714,true
ST12,CITY5,High Street,2025-06-21,15,true,20,1,591.09,0.05,true
ST01,CITY0,Mall,2025-06-22,16,true,26,2,2132.88,0.0769,true
ST02,CITY1,High Street,2025-06-23,17,false,32,8,3813.82,0.25,true
ST03,CITY2,Mall,2025-06-24,18,false,70,19,7320.1,0.2714,true
ST04,CITY3,High Street,2025-06-25,19,false,67,18,10918.43,0.2687,true
ST05,CITY4,Mall,2025-06-26,20,false,68,8,3251.67,0.1176,true
ST06,CITY5,High Street,2025-06-27,21,false,22,5,3889.83,0.2273,true
ST07,CITY0,Mall,2025-06-28,10,true,61,9,3677.13,0.1475,true
ST08,CITY1,High Street,2025-06-29,11,true,45,10,6087.8,0.2222,true
ST09,CITY2,Mall,2025-06-18,13,false,23,2,1227.91,0.087,true
ST10,CITY3,High Street,2025-06-19,14,false,17,2,598.11,0.1176,true
ST11,CITY4,Mall,2025-06-20,15,false,21,2,807.48,0.0952,true
ST12,CITY5,High Street,2025-06-21,16,true,27,2,1426.64,0.0741,true
ST01,CITY0,Mall,2025-06-22,17,true,50,8,4491.5,0.16,true
ST02,CITY1,High Street,2025-06-23,18,false,49,12,4047.71,0.2449,true
ST03,CITY2,Mall,2025-06-24,19,false,50,14,6827.51,0.28,true
ST04,CITY3,High Street,2025-06-25,20,false,44,12,4611.2,0.2727,true
ST05,CITY4,Mall,2025-06-26,21,false,34,4,1988.76,0.1176,true
ST06,CITY5,High Street,2025-06-27,10,false,34,7,3672.4,0.2059,true
ST07,CITY0,Mall,2025-06-28,11,true,42,6,2029.27,0.1429,true
ST08,CITY1,High Street,2025-06-29,12,true,50,11,5267.93,0.22,true
ST09,CITY2,Mall,2025-06-18,14,false,20,1,368.86,0.05,true
ST10,CITY3,High Street,2025-06-19,15,false,20,2,1038.92,0.1,true
ST11,CITY4,Mall,2025-06-20,16,false,15,1,303.99,0.0667,true
ST12,CITY5,High Street,2025-06-21,17,true,40,5,2914.95,0.125,true
ST01,CITY0,Mall,2025-06-22,18,true,82,12,7783.02,0.1463,true
ST02,CITY1,High Street,2025-06-23,19,false,54,13,5756.24,0.2407,true
ST03,CITY2,Mall,2025-06-24,20,false,70,19,10779.05,0.2714,true
ST04,CITY3,High Street,2025-06-25,21,false,30,8,4098.02,0.2667,true
ST05,CITY4,Mall,2025-06-26,10,false,33,4,1348.89,0.1212,true
ST06,CITY5,High Street,2025-06-27,11,false,33,7,3912.11,0.2121,true
ST07,CITY0,Mall,2025-06-28,12,true,42,6,2960.83,0.1429,true
ST08,CITY1,High Street,2025-06-29,13,true,42,9,4344.46,0.2143,true
ST09,CITY2,Mall,2025-06-18,15,false,16,1,775.18,0.0625,true
ST10,CITY3,High Street,2025-06-19,16,false,20,2,295.08,0.1,true
ST11,CITY4,Mall,2025-06-20,17,false,33,6,3228.05,0.1818,true
ST12,CITY5,High Street,2025-06-21,18,true,82,11,8844.38,0.1341,true
ST01,CITY0,Mall,2025-06-22,19,true,88,13,5469.17,0.1477,true
ST02,CITY1,High Street,2025-06-23,20,false,50,12,4793.98,0.24,true
ST03,CITY2,Mall,2025-06-24,21,false,21,6,2495.73,0.2857,true
ST04,CITY3,High Street,2025-06-25,10,false,21,6,3076.85,0.2857,true
ST05,CITY4,Mall,2025-06-26,11,false,30,3,857.51,0.1,true
ST06,CITY5,High Street,2025-06-27,12,false,24,5,2764.21,0.2083,true
ST07,CITY0,Mall,2025-06-28,13,true,41,6,2537.75,0.1463,true
ST08,CITY1,High Street,2025-06-29,14,true,32,3,1941.1,0.0938,true
ST09,CITY2,Mall,2025-06-18,16,false,20,1,935.82,0.05,true
ST10,CITY3,High Street,2025-06-19,17,false,23,6,4796.33,0.2609,true
ST11,CITY4,Mall,2025-06-20,18,false,69,12,6048.21,0.1739,true
ST12,CITY5,High Street,2025-06-21,19,true,90,12,6143.53,0.1333,true
ST01,CITY0,Mall,2025-06-22,20,true,85,13,5705.98,0.1529,true
ST02,CITY1,High Street,2025-06-23,21,false,28,7,2809.09,0.25,true
ST03,CITY2,Mall,2025-06-24,10,false,24,7,3368.77,0.2917,true
ST04,CITY3,High Street,2025-06-25,11,false,35,10,12279.72,0.2857,true
ST05,CITY4,Mall,2025-06-26,12,false,32,4,1782.52,0.125,true
ST06,CITY5,High Street,2025-06-27,13,false,31,6,2801.53,0.1935,true
ST07,CITY0,Mall,2025-06-28,14,true,36,2,828.42,0.0556,true
ST08,CITY1,High Street,2025-06-29,15,true,23,2,900.59,0.087,true
ST09,CITY2,Mall,2025-06-18,17,false,30,3,1288.18,0.1,true
ST10,CITY3,High Street,2025-06-19,18,false,62,15,8029.8,0.2419,true
ST11,CITY4,Mall,2025-06-20,19,false,66,12,7902.52,0.1818,true
ST12,CITY5,High Street,2025-06-21,20,true,67,9,4791.78,0.1343,true
ST01,CITY0,Mall,2025-06-22,21,true,44,7,5028.19,0.1591,true
ST02,CITY1,High Street,2025-06-23,10,false,31,8,3054.59,0.2581,true
ST03,CITY2,Mall,2025-06-24,11,false,23,6,3647.92,0.2609,true
ST04,CITY3,High Street,2025-06-25,12,false,37,10,5604.87,0.2703,true
ST05,CITY4,Mall,2025-06-26,13,false,25,3,1280.19,0.12,true
ST06,CITY5,High Street,2025-06-27,14,false,19,2,879.81,0.1053,true
ST07,CITY0,Mall,2025-06-28,15,true,33,2,764.75,0.0606,true
ST08,CITY1,High Street,2025-06-29,16,true,29,3,1223.42,0.1034,true
ST09,CITY2,Mall,2025-06-18,18,false,69,6,4751.83,0.087,true
ST10,CITY3,High Street,2025-06-19,19,false,58,14,6767.87,0.2414,true
ST11,CITY4,Mall,2025-06-20,20,false,59,10,4487.08,0.1695,true
ST12,CITY5,High Street,2025-06-21,21,true,59,8,4821.16,0.1356,true
ST01,CITY0,Mall,2025-06-22,10,true,51,8,2188.92,0.1569,true
ST02,CITY1,High Street,2025-06-23,11,false,24,6,2251.3,0.25,true
ST03,CITY2,Mall,2025-06-24,12,false,38,10,5357.0,0.2632,true
ST04,CITY3,High Street,2025-06-25,13,false,31,9,3849.08,0.2903,true
ST05,CITY4,Mall,2025-06-26,14,false,18,1,503.73,0.0556,true
ST06,CITY5,High Street,2025-06-27,15,false,13,1,347.67,0.0769,true
ST07,CITY0,Mall,2025-06-28,16,true,24,2,656.15,0.0833,true
ST08,CITY1,High Street,2025-06-29,17,true,51,11,6749.07,0.2157,true
ST09,CITY2,Mall,2025-06-18,19,false,42,4,1758.97,0.0952,true
ST10,CITY3,High Street,2025-06-19,20,false,62,15,5459.56,0.2419,true
ST11,CITY4,Mall,2025-06-20,21,false,22,4,1726.22,0.1818,true
ST12,CITY5,High Street,2025-06-21,10,true,,5,2317.33,,false
ST01,CITY0,Mall,2025-06-22,11,true,62,9,5105.86,0.1452,true
ST02,CITY1,High Street,2025-06-23,12,false,32,8,5063.62,0.25,true
ST03,CITY2,Mall,2025-06-24,13,false,30,8,5129.64,0.2667,true
ST04,CITY3,High Street,2025-06-25,14,false,22,3,2805.51,0.1364,true
ST05,CITY4,Mall,2025-06-26,15,false,21,1,130.0,0.0476,true
ST06,CITY5,High Street,2025-06-27,16,false,17,2,939.79,0.1176,true
ST07,CITY0,Mall,2025-06-28,17,true,35,5,3058.48,0.1429,true
ST08,CITY1,High Street,2025-06-29,18,true,66,14,8320.57,0.2121,true
ST09,CITY2,Mall,2025-06-18,20,false,67,6,2705.17,0.0896,true
ST10,CITY3,High Street,2025-06-19,21,false,23,6,3024.63,0.2609,true
ST11,CITY4,Mall,2025-06-20,10,false,25,4,2337.74,0.16,true
ST12,CITY5,High Street,2025-06-21,11,true,,7,2516.62,,false
ST01,CITY0,Mall,2025-06-22,12,true,37,6,3532.07,0.1622,true
ST02,CITY1,High Street,2025-06-23,13,false,25,6,2948.43,0.24,true
ST03,CITY2,Mall,2025-06-24,14,false,16,2,521.98,0.125,true
ST04,CITY3,High Street,2025-06-25,15,false,17,2,935.98,0.1176,true
ST05,CITY4,Mall,2025-06-26,16,false,14,1,279.89,0.0714,true
ST06,CITY5,High Street,2025-06-27,17,false,33,7,2200.79,0.2121,true
ST07,CITY0,Mall,2025-06-28,18,true,79,12,4953.82,0.1519,true
ST08,CITY1,High Street,2025-06-29,19,true,71,15,8442.89,0.2113,true
ST09,CITY2,Mall,2025-06-18,21,false,22,2,1316.87,0.0909,true
ST10,CITY3,High Street,2025-06-19,10,false,23,6,2804.66,0.2609,true
ST11,CITY4,Mall,2025-06-20,11,false,23,4,1649.82,0.1739,true
ST12,CITY5,High Street,2025-06-21,12,true,59,8,5565.74,0.1356,true
ST01,CITY0,Mall,2025-06-22,13,true,55,8,5111.23,0.1455,true
ST02,CITY1,High Street,2025-06-23,14,false,13,1,388.27,0.0769,true
ST03,CITY2,Mall,2025-06-24,15,false,18,2,804.8,0.1111,true
ST04,CITY3,High Street,2025-06-25,16,false,,2,1157.03,,false
ST05,CITY4,Mall,2025-06-26,17,false,23,3,1212.1,0.1304,true
ST06,CITY5,High Street,2025-06-27,18,false,47,10,5582.4,0.2128,true
ST07,CITY0,Mall,2025-06-28,19,true,107,16,9743.78,0.1495,true
ST08,CITY1,High Street,2025-06-29,20,true,67,15,9322.44,0.2239,true
ST10,CITY3,High Street,2025-06-18,10,false,36,9,3457.72,0.25,true
ST11,CITY4,Mall,2025-06-19,11,false,25,4,1638.95,0.16,true
ST12,CITY5,High Street,2025-06-20,12,false,24,4,3403.73,0.1667,true
ST01,CITY0,Mall,2025-06-21,13,true,53,8,5165.32,0.1509,true
ST02,CITY1,High Street,2025-06-22,14,true,24,2,1102.82,0.0833,true
ST03,CITY2,Mall,2025-06-23,15,false,19,2,289.33,0.1053,true
ST04,CITY3,High Street,2025-06-24,16,false,16,2,1343.48,0.125,true
ST05,CITY4,Mall,2025-06-25,17,false,,3,1526.38,,false
ST06,CITY5,High Street,2025-06-26,18,false,69,14,7886.17,0.2029,true
ST07,CITY0,Mall,2025-06-27,19,false,67,12,6394.69,0.1791,true
ST08,CITY1,High Street,2025-06-28,20,true,64,14,6436.92,0.2188,true
ST09,CITY2,Mall,2025-06-29,21,true,49,4,2652.38,0.0816,true
ST10,CITY3,High Street,2025-06-18,11,false,35,9,4295.17,0.2571,true
ST11,CITY4,Mall,2025-06-19,12,false,28,5,1600.89,0.1786,true
ST12,CITY5,High Street,2025-06-20,13,false,27,4,1316.88,0.1481,true
ST01,CITY0,Mall,2025-06-21,14,true,36,2,988.9,0.0556,true
ST02,CITY1,High Street,2025-06-22,15,true,36,3,1334.88,0.0833,true
ST03,CITY2,Mall,2025-06-23,16,false,13,2,1507.14,0.1538,true
ST04,CITY3,High Street,2025-06-24,17,false,37,10,5313.24,0.2703,true
ST05,CITY4,Mall,2025-06-25,18,false,62,7,3010.61,0.1129,true
ST06,CITY5,High Street,2025-06-26,19,false,57,12,5530.31,0.2105,true
ST07,CITY0,Mall,2025-06-27,20,false,49,8,7365.04,0.1633,true
ST08,CITY1,High Street,2025-06-28,21,true,41,9,3233.81,0.2195,true
ST09,CITY2,Mall,2025-06-29,10,true,61,5,2691.04,0.082,true
ST10,CITY3,High Street,2025-06-18,12,false,36,9,3365.07,0.25,true
ST11,CITY4,Mall,2025-06-19,13,false,34,6,3591.21,0.1765,true
ST12,CITY5,High Street,2025-06-20,14,false,13,1,369.72,0.0769,true
ST01,CITY0,Mall,2025-06-21,15,true,26,2,1413.86,0.0769,true
ST02,CITY1,High Street,2025-06-22,16,true,21,2,995.02,0.0952,true
ST03,CITY2,Mall,2025-06-23,17,false,25,7,3154.84,0.28,true
ST04,CITY3,High Street,2025-06-24,18,false,64,18,7788.01,0.2813,true
ST05,CITY4,Mall,2025-06-25,19,false,47,5,3260.17,0.1064,true
ST06,CITY5,High Street,2025-06-26,20,false,41,9,4078.26,0.2195,true
ST07,CITY0,Mall,2025-06-27,21,false,32,6,2237.97,0.1875,true
ST08,CITY1,High Street,2025-06-28,10,true,53,11,5194.28,0.2075,true
ST09,CITY2,Mall,2025-06-29,11,true,62,5,1753.51,0.0806,true
ST10,CITY3,High Street,2025-06-18,13,false,30,7,4928.63,0.2333,true
ST11,CITY4,Mall,2025-06-19,14,false,23,2,1486.33,0.087,true
ST12,CITY5,High Street,2025-06-20,15,false,21,1,309.59,0.0476,true
ST01,CITY0,Mall,2025-06-21,16,true,31,2,670.92,0.0645,true
ST02,CITY1,High Street,2025-06-22,17,true,60,13,6826.38,0.2167,true
ST03,CITY2,Mall,2025-06-23,18,false,44,12,7405.28,0.2727,true
ST04,CITY3,High Street,2025-06-24,19,false,59,16,7421.83,0.2712,true
ST05,CITY4,Mall,2025-06-25,20,false,49,5,1990.13,0.102,true
ST06,CITY5,High Street,2025-06-26,21,false,35,7,2969.25,0.2,true
ST07,CITY0,Mall,2025-06-27,10,false,31,5,2708.61,0.1613,true
ST08,CITY1,High Street,2025-06-28,11,true,62,13,5533.82,0.2097,true
ST09,CITY2,Mall,2025-06-29,12,true,55,4,1752.0,0.0727,true
ST10,CITY3,High Street,2025-06-18,14,false,16,2,585.84,0.125,true
ST11,CITY4,Mall,2025-06-19,15,false,13,1,123.06,0.0769,true
ST12,CITY5,High Street,2025-06-20,16,false,19,1,251.37,0.0526,true
ST01,CITY0,Mall,2025-06-21,17,true,53,8,3590.74,0.1509,true
ST02,CITY1,High Street,2025-06-22,18,true,111,23,12892.08,0.2072,true
ST03,CITY2,Mall,2025-06-23,19,false,39,11,5202.87,0.2821,true
ST04,CITY3,High Street,2025-06-24,20,false,58,16,9728.37,0.2759,true
ST05,CITY4,Mall,2025-06-25,21,false,31,3,1968.71,0.0968,true
ST06,CITY5,High Street,2025-06-26,10,false,27,6,2438.49,0.2222,true
ST07,CITY0,Mall,2025-06-27,11,false,37,6,3546.86,0.1622,true
ST08,CITY1,High Street,2025-06-28,12,true,56,12,9974.48,0.2143,true
ST09,CITY2,Mall,2025-06-29,13,true,61,5,2450.18,0.082,true
ST10,CITY3,High Street,2025-06-18,15,false,16,2,4077.91,0.125,true
ST11,CITY4,Mall,2025-06-19,16,false,20,2,890.31,0.1,true
ST12,CITY5,High Street,2025-06-20,17,false,32,5,3119.09,0.1563,true
ST01,CITY0,Mall,2025-06-21,18,true,111,17,9384.14,0.1532,true
ST02,CITY1,High Street,2025-06-22,19,true,93,20,8651.84,0.2151,true
ST03,CITY2,Mall,2025-06-23,20,false,41,11,6031.05,0.2683,true
ST04,CITY3,High Street,2025-06-24,21,false,31,9,6774.91,0.2903,true
ST05,CITY4,Mall,2025-06-25,10,false,36,4,2652.51,0.1111,true
ST06,CITY5,High Street,2025-06-26,11,false,26,5,2066.04,0.1923,true
ST07,CITY0,Mall,2025-06-27,12,false,32,6,4635.49,0.1875,true
ST08,CITY1,High Street,2025-06-28,13,true,36,8,3797.24,0.2222,true
ST09,CITY2,Mall,2025-06-29,14,true,30,1,997.82,0.0333,true
ST10,CITY3,High Street,2025-06-18,16,false,17,2,914.1,0.1176,true
ST11,CITY4,Mall,2025-06-19,17,false,23,4,687.86,0.1739,true
ST12,CITY5,High Street,2025-06-20,18,false,67,10,6941.64,0.1493,true
ST01,CITY0,Mall,2025-06-21,19,true,110,17,8361.01,0.1545,true
ST02,CITY1,High Street,2025-06-22,20,true,72,15,5528.15,0.2083,true
ST03,CITY2,Mall,2025-06-23,21,false,28,8,3131.15,0.2857,true
ST04,CITY3,High Street,2025-06-24,10,false,37,10,5731.9,0.2703,true
ST05,CITY4,Mall,2025-06-25,11,false,28,3,616.42,0.1071,true
ST06,CITY5,High Street,2025-06-26,12,false,32,7,2778.2,0.2188,true
ST07,CITY0,Mall,2025-06-27,13,false,29,5,2360.61,0.1724,true
ST08,CITY1,High Street,2025-06-28,14,true,37,4,2640.1,0.1081,true
ST09,CITY2,Mall,2025-06-29,15,true,22,1,215.66,0.0455,true
ST10,CITY3,High Street,2025-06-18,17,false,38,9,4525.26,0.2368,true
ST11,CITY4,Mall,2025-06-19,18,false,50,9,5720.1,0.18,true
ST12,CITY5,High Street,2025-06-20,19,false,59,9,4373.06,0.1525,true
ST01,CITY0,Mall,2025-06-21,20,true,100,15,10178.67,0.15,true
ST02,CITY1,High Street,2025-06-22,21,true,36,8,4907.5,0.2222,true
ST03,CITY2,Mall,2025-06-23,10,false,33,9,3145.09,0.2727,true
ST04,CITY3,High Street,2025-06-24,11,false,36,10,3253.17,0.2778,true
ST05,CITY4,Mall,2025-06-25,12,false,29,3,1619.23,0.1034,true
ST06,CITY5,High Street,2025-06-26,13,false,33,7,3898.03,0.2121,true
ST07,CITY0,Mall,2025-06-27,14,false,16,1,1341.04,0.0625,true
ST08,CITY1,High Street,2025-06-28,15,true,31,3,1804.39,0.0968,true
ST09,CITY2,Mall,2025-06-29,16,true,37,1,436.48,0.027,true
ST10,CITY3,High Street,2025-06-18,18,false,69,17,9812.22,0.2464,true
ST11,CITY4,Mall,2025-06-19,19,false,58,10,3285.86,0.1724,true
ST12,CITY5,High Street,2025-06-20,20,false,56,9,5729.29,0.1607,true
ST01,CITY0,Mall,2025-06-21,21,true,55,8,3179.98,0.1455,true
ST02,CITY1,High Street,2025-06-22,10,true,37,8,4786.94,0.2162,true
ST03,CITY2,Mall,2025-06-23,11,false,26,7,4149.37,0.2692,true
ST04,CITY3,High Street,2025-06-24,12,false,31,9,4662.31,0.2903,true
ST05,CITY4,Mall,2025-06-25,13,false,34,4,1598.29,0.1176,true
ST06,CITY5,High Street,2025-06-26,14,false,22,2,494.76,0.0909,true
ST07,CITY0,Mall,2025-06-27,15,false,19,1,392.88,0.0526,true
ST08,CITY1,High Street,2025-06-28,16,true,37,4,4448.85,0.1081,true
ST09,CITY2,Mall,2025-06-29,17,true,40,3,2409.22,0.075,true
ST10,CITY3,High Street,2025-06-18,19,false,45,11,4792.74,0.2444,true
ST11,CITY4,Mall,2025-06-19,20,false,57,10,6412.23,0.1754,true
ST12,CITY5,High Street,2025-06-20,21,false,32,5,1631.22,0.1563,true
ST01,CITY0,Mall,2025-06-21,10,true,,8,3306.49,,false
ST02,CITY1,High Street,2025-06-22,11,true,51,11,9189.05,0.2157,true
ST03,CITY2,Mall,2025-06-23,12,false,38,10,6297.07,0.2632,true
ST04,CITY3,High Street,2025-06-24,13,false,34,9,2544.19,0.2647,true
ST05,CITY4,Mall,2025-06-25,14,false,15,1,958.31,0.0667,true
ST06,CITY5,High Street,2025-06-26,15,false,18,2,1030.7,0.1111,true
ST07,CITY0,Mall,2025-06-27,16,false,18,1,164.61,0.0556,true
ST08,CITY1,High Street,2025-06-28,17,true,41,9,4558.96,0.2195,true
ST09,CITY2,Mall,2025-06-29,18,true,68,5,2992.59,0.0735,true
ST10,CITY3,High Street,2025-06-18,20,false,54,13,5019.97,0.2407,true
ST11,CITY4,Mall,2025-06-19,21,false,27,5,2225.9,0.1852,true
ST12,CITY5,High Street,2025-06-20,10,false,31,5,2152.57,0.1613,true
ST01,CITY0,Mall,2025-06-21,11,true,,9,4755.93,,false
ST02,CITY1,High Street,2025-06-22,12,true,43,9,6272.97,0.2093,true
ST03,CITY2,Mall,2025-06-23,13,false,28,8,4243.79,0.2857,true
ST04,CITY3,High Street,2025-06-24,14,false,15,2,1305.08,0.1333,true
ST05,CITY4,Mall,2025-06-25,15,false,22,1,906.1,0.0455,true
ST06,CITY5,High Street,2025-06-26,16,false,17,2,1104.6,0.1176,true
ST07,CITY0,Mall,2025-06-27,17,false,37,6,2683.96,0.1622,true
ST08,CITY1,High Street,2025-06-28,18,true,97,21,10579.86,0.2165,true
ST09,CITY2,Mall,2025-06-29,19,true,63,5,1695.55,0.0794,true
ST10,CITY3,High Street,2025-06-18,21,false,23,6,2741.07,0.2609,true
ST11,CITY4,Mall,2025-06-19,10,false,27,5,2540.04,0.1852,true
ST12,CITY5,High Street,2025-06-20,11,false,39,6,3494.35,0.1538,true
ST01,CITY0,Mall,2025-06-21,12,true,51,8,4188.98,0.1569,true
ST02,CITY1,High Street,2025-06-22,13,true,38,8,3432.29,0.2105,true
ST03,CITY2,Mall,2025-06-23,14,false,20,2,3181.38,0.1,true
ST04,CITY3,High Street,2025-06-24,15,false,22,3,2707.06,0.1364,true
ST05,CITY4,Mall,2025-06-25,16,false,,1,462.27,,false
ST06,CITY5,High Street,2025-06-26,17,false,32,7,1997.81,0.2188,true
ST07,CITY0,Mall,2025-06-27,18,false,68,12,5809.43,0.1765,true
ST08,CITY1,High Street,2025-06-28,19,true,90,20,10014.19,0.2222,true
ST09,CITY2,Mall,2025-06-29,20,true,79,6,5562.0,0.0759,true
ST11,CITY4,Mall,2025-06-18,10,false,30,5,2138.84,0.1667,true
ST12,CITY5,High Street,2025-06-19,11,false,21,3,2863.98,0.1429,true
ST01,CITY0,Mall,2025-06-20,12,false,38,7,3096.69,0.1842,true
ST02,CITY1,High Street,2025-06-21,13,true,50,11,5890.64,0.22,true
ST03,CITY2,Mall,2025-06-22,14,true,25,3,2870.8,0.12,true
ST04,CITY3,High Street,2025-06-23,15,false,23,3,1234.0,0.1304,true
ST05,CITY4,Mall,2025-06-24,16,false,20,1,525.58,0.05,true
ST06,CITY5,High Street,2025-06-25,17,false,,7,2660.96,,false
ST07,CITY0,Mall,2025-06-26,18,false,40,7,2979.27,0.175,true
ST08,CITY1,High Street,2025-06-27,19,false,45,11,8854.49,0.2444,true
ST09,CITY2,Mall,2025-06-28,20,true,108,8,3852.19,0.0741,true
ST10,CITY3,High Street,2025-06-29,21,true,60,12,5670.77,0.2,true
ST11,CITY4,Mall,2025-06-18,11,false,22,4,2138.86,0.1818,true
ST12,CITY5,High Street,2025-06-19,12,false,32,5,1979.83,0.1563,true
ST01,CITY0,Mall,2025-06-20,13,false,31,5,3202.31,0.1613,true
ST02,CITY1,High Street,2025-06-21,14,true,29,3,1141.62,0.1034,true
ST03,CITY2,Mall,2025-06-22,15,true,36,4,2013.88,0.1111,true
ST04,CITY3,High Street,2025-06-23,16,false,20,2,1633.32,0.1,true
ST05,CITY4,Mall,2025-06-24,17,false,27,3,966.13,0.1111,true
ST06,CITY5,High Street,2025-06-25,18,false,68,14,7744.75,0.2059,true
ST07,CITY0,Mall,2025-06-26,19,false,51,9,4371.45,0.1765,true
ST08,CITY1,High Street,2025-06-27,20,false,45,11,10989.27,0.2444,true
ST09,CITY2,Mall,2025-06-28,21,true,51,4,1856.47,0.0784,true
ST10,CITY3,High Street,2025-06-29,10,true,61,13,5662.63,0.2131,true
ST11,CITY4,Mall,2025-06-18,12,false,28,5,2338.74,0.1786,true
ST12,CITY5,High Street,2025-06-19,13,false,29,4,3064.55,0.1379,true
ST01,CITY0,Mall,2025-06-20,14,false,17,1,437.74,0.0588,true
ST02,CITY1,High Street,2025-06-21,15,true,23,2,443.57,0.087,true
ST03,CITY2,Mall,2025-06-22,16,true,30,3,3223.93,0.1,true
ST04,CITY3,High Street,2025-06-23,17,false,27,7,2610.62,0.2593,true
ST05,CITY4,Mall,2025-06-24,18,false,54,6,2435.77,0.1111,true
ST06,CITY5,High Street,2025-06-25,19,false,65,14,6098.26,0.2154,true
ST07,CITY0,Mall,2025-06-26,20,false,59,10,4458.01,0.1695,true
ST08,CITY1,High Street,2025-06-27,21,false,29,7,1728.37,0.2414,true
ST09,CITY2,Mall,2025-06-28,10,true,39,3,2253.06,0.0769,true
ST10,CITY3,High Street,2025-06-29,11,true,37,8,5151.45,0.2162,true
ST11,CITY4,Mall,2025-06-18,13,false,34,6,3221.13,0.1765,true
ST12,CITY5,High Street,2025-06-19,14,false,15,1,447.95,0.0667,true
ST01,CITY0,Mall,2025-06-20,15,false,20,2,2922.69,0.1,true
ST02,CITY1,High Street,2025-06-21,16,true,31,3,1651.6,0.0968,true
ST03,CITY2,Mall,2025-06-22,17,true,61,14,8208.44,0.2295,true
ST04,CITY3,High Street,2025-06-23,18,false,41,11,4590.98,0.2683,true
ST05,CITY4,Mall,2025-06-24,19,false,61,7,3665.29,0.1148,true
ST06,CITY5,High Street,2025-06-25,20,false,47,10,5774.98,0.2128,true
ST07,CITY0,Mall,2025-06-26,21,false,36,6,3457.6,0.1667,true
ST08,CITY1,High Street,2025-06-27,10,false,36,9,5094.29,0.25,true
ST09,CITY2,Mall,2025-06-28,11,true,42,3,661.99,0.0714,true
ST10,CITY3,High Street,2025-06-29,12,true,37,8,4588.51,0.2162,true
ST11,CITY4,Mall,2025-06-18,14,false,23,2,456.84,0.087,true
ST12,CITY5,High Street,2025-06-19,15,false,13,1,726.0,0.0769,true
ST01,CITY0,Mall,2025-06-20,16,false,13,1,299.08,0.0769,true
ST02,CITY1,High Street,2025-06-21,17,true,61,13,7066.65,0.2131,true
ST03,CITY2,Mall,2025-06-22,18,true,98,23,13494.97,0.2347,true
ST04,CITY3,High Street,2025-06-23,19,false,56,15,10182.26,0.2679,true
ST05,CITY4,Mall,2025-06-24,20,false,69,8,4235.46,0.1159,true
ST06,CITY5,High Street,2025-06-25,21,false,21,4,1094.48,0.1905,true
ST07,CITY0,Mall,2025-06-26,10,false,25,4,1116.07,0.16,true
ST08,CITY1,High Street,2025-06-27,11,false,31,8,3619.98,0.2581,true
ST09,CITY2,Mall,2025-06-28,12,true,50,4,1865.03,0.08,true
ST10,CITY3,High Street,2025-06-29,13,true,36,7,2782.62,0.1944,true
ST11,CITY4,Mall,2025-06-18,15,false,22,2,2138.42,0.0909,true
ST12,CITY5,High Street,2025-06-19,16,false,17,1,605.06,0.0588,true
ST01,CITY0,Mall,2025-06-20,17,false,24,4,1944.78,0.1667,true
ST02,CITY1,High Street,2025-06-21,18,true,85,18,9507.44,0.2118,true
ST03,CITY2,Mall,2025-06-22,19,true,101,23,14629.32,0.2277,true
ST04,CITY3,High Street,2025-06-23,20,false,50,14,9201.02,0.28,true
ST05,CITY4,Mall,2025-06-24,21,false,35,4,2479.58,0.1143,true
ST06,CITY5,High Street,2025-06-25,10,false,26,5,2116.22,0.1923,true
ST07,CITY0,Mall,2025-06-26,11,false,37,6,2483.86,0.1622,true
ST08,CITY1,High Street,2025-06-27,12,false,33,8,4294.71,0.2424,true
ST09,CITY2,Mall,2025-06-28,13,true,58,5,4787.02,0.0862,true
ST10,CITY3,High Street,2025-06-29,14,true,37,3,2566.31,0.0811,true
ST11,CITY4,Mall,2025-06-18,16,false,23,2,595.89,0.087,true
ST12,CITY5,High Street,2025-06-19,17,false,26,4,2320.2,0.1538,true
ST01,CITY0,Mall,2025-06-20,18,false,49,9,2962.34,0.1837,true
ST02,CITY1,High Street,2025-06-21,19,true,93,20,9779.01,0.2151,true
ST03,CITY2,Mall,2025-06-22,20,true,89,21,11659.57,0.236,true
ST04,CITY3,High Street,2025-06-23,21,false,21,6,2649.85,0.2857,true
ST05,CITY4,Mall,2025-06-24,10,false,22,2,482.29,0.0909,true
ST06,CITY5,High Street,2025-06-25,11,false,23,5,2785.79,0.2174,true
ST07,CITY0,Mall,2025-06-26,12,false,35,6,2166.97,0.1714,true
ST08,CITY1,High Street,2025-06-27,13,false,37,9,5061.0,0.2432,true
ST09,CITY2,Mall,2025-06-28,14,true,21,1,216.96,0.0476,true
ST10,CITY3,High Street,2025-06-29,15,true,34,3,1139.89,0.0882,true
ST11,CITY4,Mall,2025-06-18,17,false,33,6,3334.08,0.1818,true
ST12,CITY5,High Street,2025-06-19,18,false,38,6,4597.79,0.1579,true
ST01,CITY0,Mall,2025-06-20,19,false,62,11,4364.54,0.1774,true
ST02,CITY1,High Street,2025-06-21,20,true,107,23,10861.32,0.215,true
ST03,CITY2,Mall,2025-06-22,21,true,41,9,2658.67,0.2195,true
ST04,CITY3,High Street,2025-06-23,10,false,25,7,2550.93,0.28,true
ST05,CITY4,Mall,2025-06-24,11,false,21,2,363.28,0.0952,true
ST06,CITY5,High Street,2025-06-25,12,false,27,6,3652.53,0.2222,true
ST07,CITY0,Mall,2025-06-26,13,false,30,5,2561.3,0.1667,true
ST08,CITY1,High Street,2025-06-27,14,false,14,2,724.1,0.1429,true
ST09,CITY2,Mall,2025-06-28,15,true,35,1,461.79,0.0286,true
ST10,CITY3,High Street,2025-06-29,16,true,30,3,1403.28,0.1,true
ST11,CITY4,Mall,2025-06-18,18,false,68,12,5757.85,0.1765,true
ST12,CITY5,High Street,2025-06-19,19,false,62,9,5007.71,0.1452,true
ST01,CITY0,Mall,2025-06-20,20,false,59,10,6393.52,0.1695,true
ST02,CITY1,High Street,2025-06-21,21,true,57,12,7466.63,0.2105,true
ST03,CITY2,Mall,2025-06-22,10,true,41,9,4402.71,0.2195,true
ST04,CITY3,High Street,2025-06-23,11,false,30,8,4349.91,0.2667,true
ST05,CITY4,Mall,2025-06-24,12,false,38,4,2023.39,0.1053,true
ST06,CITY5,High Street,2025-06-25,13,false,25,5,2236.25,0.2,true
ST07,CITY0,Mall,2025-06-26,14,false,13,1,2157.32,0.0769,true
ST08,CITY1,High Street,2025-06-27,15,false,13,1,137.59,0.0769,true
ST09,CITY2,Mall,2025-06-28,16,true,26,1,285.22,0.0385,true
ST10,CITY3,High Street,2025-06-29,17,true,50,10,4977.79,0.2,true
ST11,CITY4,Mall,2025-06-18,19,false,41,7,3634.52,0.1707,true
ST12,CITY5,High Street,2025-06-19,20,false,45,7,2967.24,0.1556,true
ST01,CITY0,Mall,2025-06-20,21,false,26,5,1622.35,0.1923,true
ST02,CITY1,High Street,2025-06-21,10,true,,9,4176.16,,false
ST03,CITY2,Mall,2025-06-22,11,true,59,14,4449.47,0.2373,true
ST04,CITY3,High Street,2025-06-23,12,false,22,6,1803.76,0.2727,true
ST05,CITY4,Mall,2025-06-24,13,false,26,3,1250.17,0.1154,true
ST06,CITY5,High Street,2025-06-25,14,false,20,2,570.84,0.1,true
ST07,CITY0,Mall,2025-06-26,15,false,21,2,398.76,0.0952,true
ST08,CITY1,High Street,2025-06-27,16,false,19,2,728.91,0.1053,true
ST09,CITY2,Mall,2025-06-28,17,true,36,3,1464.47,0.0833,true
ST10,CITY3,High Street,2025-06-29,18,true,81,17,8484.28,0.2099,true
ST11,CITY4,Mall,2025-06-18,20,false,51,9,2987.08,0.1765,true
ST12,CITY5,High Street,2025-06-19,21,false,30,5,5140.48,0.1667,true
ST01,CITY0,Mall,2025-06-20,10,false,24,4,1048.03,0.1667,true
ST02,CITY1,High Street,2025-06-21,11,true,,9,4802.91,,false
ST03,CITY2,Mall,2025-06-22,12,true,58,13,6990.51,0.2241,true
ST04,CITY3,High Street,2025-06-23,13,false,36,10,5884.21,0.2778,true
ST05,CITY4,Mall,2025-06-24,14,false,21,1,767.73,0.0476,true
ST06,CITY5,High Street,2025-06-25,15,false,13,1,218.58,0.0769,true
ST07,CITY0,Mall,2025-06-26,16,false,16,1,362.05,0.0625,true
ST08,CITY1,High Street,2025-06-27,17,false,31,8,5250.34,0.2581,true
ST09,CITY2,Mall,2025-06-28,18,true,73,6,2152.95,0.0822,true
ST10,CITY3,High Street,2025-06-29,19,true,75,16,7123.16,0.2133,true
ST11,CITY4,Mall,2025-06-18,21,false,32,6,5590.07,0.1875,true
ST12,CITY5,High Street,2025-06-19,10,false,33,5,4087.08,0.1515,true
ST01,CITY0,Mall,2025-06-20,11,false,31,5,2375.19,0.1613,true
ST02,CITY1,High Street,2025-06-21,12,true,60,13,7097.28,0.2167,true
ST03,CITY2,Mall,2025-06-22,13,true,52,12,6332.32,0.2308,true
ST04,CITY3,High Street,2025-06-23,14,false,22,3,2580.66,0.1364,true
ST05,CITY4,Mall,2025-06-24,15,false,16,1,582.86,0.0625,true
ST06,CITY5,High Street,2025-06-25,16,false,,2,504.87,,false
ST07,CITY0,Mall,2025-06-26,17,false,24,4,2127.12,0.1667,true
ST08,CITY1,High Street,2025-06-27,18,false,40,10,4728.76,0.25,true
ST09,CITY2,Mall,2025-06-28,19,true,110,9,3995.79,0.0818,true
ST10,CITY3,High Street,2025-06-29,20,true,95,20,8007.28,0.2105,true
ST12,CITY5,High Street,2025-06-18,10,false,37,6,1912.82,0.1622,true
ST01,CITY0,Mall,2025-06-19,11,false,39,7,4021.37,0.1795,true
ST02,CITY1,High Street,2025-06-20,12,false,35,9,4452.89,0.2571,true
ST03,CITY2,Mall,2025-06-21,13,true,57,13,6610.03,0.2281,true
ST04,CITY3,High Street,2025-06-22,14,true,32,3,1757.47,0.0938,true
ST05,CITY4,Mall,2025-06-23,15,false,14,1,356.55,0.0714,true
ST06,CITY5,High Street,2025-06-24,16,false,17,2,741.43,0.1176,true
ST07,CITY0,Mall,2025-06-25,17,false,,5,1470.7,,false
ST08,CITY1,High Street,2025-06-26,18,false,45,11,5519.35,0.2444,true
ST09,CITY2,Mall,2025-06-27,19,false,65,6,3189.23,0.0923,true
ST10,CITY3,High Street,2025-06-28,20,true,78,16,7441.18,0.2051,true
ST11,CITY4,Mall,2025-06-29,21,true,34,5,3329.69,0.1471,true
ST12,CITY5,High Street,2025-06-18,11,false,31,5,1825.38,0.1613,true
ST01,CITY0,Mall,2025-06-19,12,false,31,5,1814.56,0.1613,true
ST02,CITY1,High Street,2025-06-20,13,false,27,7,4391.39,0.2593,true
ST03,CITY2,Mall,2025-06-21,14,true,21,2,1058.41,0.0952,true
ST04,CITY3,High Street,2025-06-22,15,true,32,3,634.94,0.0938,true
ST05,CITY4,Mall,2025-06-23,16,false,22,1,698.26,0.0455,true
ST06,CITY5,High Street,2025-06-24,17,false,25,5,3972.68,0.2,true
ST07,CITY0,Mall,2025-06-25,18,false,57,10,7016.55,0.1754,true
ST08,CITY1,High Street,2025-06-26,19,false,63,16,9036.7,0.254,true
ST09,CITY2,Mall,2025-06-27,20,false,64,6,3157.96,0.0938,true
ST10,CITY3,High Street,2025-06-28,21,true,43,9,3371.9,0.2093,true
ST11,CITY4,Mall,2025-06-29,10,true,53,8,2995.61,0.1509,true
ST12,CITY5,High Street,2025-06-18,12,false,29,4,1710.35,0.1379,true
ST01,CITY0,Mall,2025-06-19,13,false,36,6,2950.79,0.1667,true
ST02,CITY1,High Street,2025-06-20,14,false,13,1,409.56,0.0769,true
ST03,CITY2,Mall,2025-06-21,15,true,28,3,1182.42,0.1071,true
ST04,CITY3,High Street,2025-06-22,16,true,22,2,3176.05,0.0909,true
ST05,CITY4,Mall,2025-06-23,17,false,39,4,2458.29,0.1026,true
ST06,CITY5,High Street,2025-06-24,18,false,44,9,3756.43,0.2045,true
ST07,CITY0,Mall,2025-06-25,19,false,69,12,5100.59,0.1739,true
ST08,CITY1,High Street,2025-06-26,20,false,63,16,8269.47,0.254,true
ST09,CITY2,Mall,2025-06-27,21,false,30,3,1328.68,0.1,true
ST10,CITY3,High Street,2025-06-28,10,true,54,11,6364.95,0.2037,true
ST11,CITY4,Mall,2025-06-29,11,true,46,7,2727.63,0.1522,true
ST12,CITY5,High Street,2025-06-18,13,false,37,6,3062.5,0.1622,true
ST01,CITY0,Mall,2025-06-19,14,false,14,1,330.68,0.0714,true
ST02,CITY1,High Street,2025-06-20,15,false,15,2,743.87,0.1333,true
ST03,CITY2,Mall,2025-06-21,16,true,23,2,854.71,0.087,true
ST04,CITY3,High Street,2025-06-22,17,true,51,12,7251.12,0.2353,true
ST05,CITY4,Mall,2025-06-23,18,false,41,5,2179.29,0.122,true
ST06,CITY5,High Street,2025-06-24,19,false,40,8,5222.52,0.2,true
ST07,CITY0,Mall,2025-06-25,20,false,69,12,6276.73,0.1739,true
ST08,CITY1,High Street,2025-06-26,21,false,21,5,2552.28,0.2381,true
ST09,CITY2,Mall,2025-06-27,10,false,26,2,527.56,0.0769,true
ST10,CITY3,High Street,2025-06-28,11,true,39,8,3820.21,0.2051,true
ST11,CITY4,Mall,2025-06-29,12,true,43,6,2387.67,0.1395,true
ST12,CITY5,High Street,2025-06-18,14,false,20,1,190.22,0.05,true
ST01,CITY0,Mall,2025-06-19,15,false,14,1,179.15,0.0714,true
ST02,CITY1,High Street,2025-06-20,16,false,19,2,1231.63,0.1053,true
ST03,CITY2,Mall,2025-06-21,17,true,42,10,4119.67,0.2381,true
ST04,CITY3,High Street,2025-06-22,18,true,79,18,10865.53,0.2278,true
ST05,CITY4,Mall,2025-06-23,19,false,45,5,2459.89,0.1111,true
ST06,CITY5,High Street,2025-06-24,20,false,43,9,5320.32,0.2093,true
ST07,CITY0,Mall,2025-06-25,21,false,37,6,3338.2,0.1622,true
ST08,CITY1,High Street,2025-06-26,10,false,36,9,3492.28,0.25,true
ST09,CITY2,Mall,2025-06-27,11,false,34,3,1425.94,0.0882,true
ST10,CITY3,High Street,2025-06-28,12,true,54,11,5905.74,0.2037,true
ST11,CITY4,Mall,2025-06-29,13,true,46,7,4979.55,0.1522,true
ST12,CITY5,High Street,2025-06-18,15,false,16,1,472.56,0.0625,true
ST01,CITY0,Mall,2025-06-19,16,false,19,2,1210.27,0.1053,true
ST02,CITY1,High Street,2025-06-20,17,false,28,7,3757.41,0.25,true
ST03,CITY2,Mall,2025-06-21,18,true,69,16,10322.87,0.2319,true
ST04,CITY3,High Street,2025-06-22,19,true,107,25,9543.71,0.2336,true
ST05,CITY4,Mall,2025-06-23,20,false,62,7,5314.42,0.1129,true
ST06,CITY5,High Street,2025-06-24,21,false,31,6,2273.91,0.1935,true
ST07,CITY0,Mall,2025-06-25,10,false,32,6,3682.6,0.1875,true
ST08,CITY1,High Street,2025-06-26,11,false,31,8,3928.86,0.2581,true
ST09,CITY2,Mall,2025-06-27,12,false,22,2,1251.65,0.0909,true
ST10,CITY3,High Street,2025-06-28,13,true,48,10,3528.07,0.2083,true
ST11,CITY4,Mall,2025-06-29,14,true,28,2,518.26,0.0714,true
ST12,CITY5,High Street,2025-06-18,16,false,18,1,78.81,0.0556,true
ST01,CITY0,Mall,2025-06-19,17,false,36,6,3824.29,0.1667,true
ST02,CITY1,High Street,2025-06-20,18,false,47,12,4684.5,0.2553,true
ST03,CITY2,Mall,2025-06-21,19,true,87,20,9206.1,0.2299,true
ST04,CITY3,High Street,2025-06-22,20,true,81,19,13465.06,0.2346,true
ST05,CITY4,Mall,2025-06-23,21,false,22,2,440.79,0.0909,true
ST06,CITY5,High Street,2025-06-24,10,false,27,6,3742.34,0.2222,true
ST07,CITY0,Mall,2025-06-25,11,false,30,5,1706.14,0.1667,true
ST08,CITY1,High Street,2025-06-26,12,false,33,8,4337.94,0.2424,true
ST09,CITY2,Mall,2025-06-27,13,false,26,2,1444.52,0.0769,true
ST10,CITY3,High Street,2025-06-28,14,true,34,3,959.42,0.0882,true
ST11,CITY4,Mall,2025-06-29,15,true,34,2,741.01,0.0588,true
ST12,CITY5,High Street,2025-06-18,17,false,21,3,1615.51,0.1429,true
ST01,CITY0,Mall,2025-06-19,18,false,44,8,5726.36,0.1818,true
ST02,CITY1,High Street,2025-06-20,19,false,42,10,4476.3,0.2381,true
ST03,CITY2,Mall,2025-06-21,20,true,97,22,10014.64,0.2268,true
ST04,CITY3,High Street,2025-06-22,21,true,34,8,4578.52,0.2353,true
ST05,CITY4,Mall,2025-06-23,10,false,24,3,1337.68,0.125,true
ST06,CITY5,High Street,2025-06-24,11,false,30,6,3083.95,0.2,true
ST07,CITY0,Mall,2025-06-25,12,false,38,7,5913.51,0.1842,true
ST08,CITY1,High Street,2025-06-26,13,false,36,9,4532.13,0.25,true
ST09,CITY2,Mall,2025-06-27,14,false,13,1,452.27,0.0769,true
ST10,CITY3,High Street,2025-06-28,15,true,37,3,645.91,0.0811,true
ST11,CITY4,Mall,2025-06-29,16,true,35,2,1141.93,0.0571,true
ST12,CITY5,High Street,2025-06-18,18,false,62,9,3583.59,0.1452,true
ST01,CITY0,Mall,2025-06-19,19,false,50,9,4649.76,0.18,true
ST02,CITY1,High Street,2025-06-20,20,false,43,11,5251.92,0.2558,true
ST03,CITY2,Mall,2025-06-21,21,true,52,12,9774.35,0.2308,true
ST04,CITY3,High Street,2025-06-22,10,true,43,10,3991.7,0.2326,true
ST05,CITY4,Mall,2025-06-23,11,false,26,3,1915.18,0.1154,true
ST06,CITY5,High Street,2025-06-24,12,false,32,7,2522.41,0.2188,true
ST07,CITY0,Mall,2025-06-25,13,false,22,4,3254.75,0.1818,true
ST08,CITY1,High Street,2025-06-26,14,false,13,1,1659.91,0.0769,true
ST09,CITY2,Mall,2025-06-27,15,false,21,1,404.75,0.0476,true
ST10,CITY3,High Street,2025-06-28,16,true,33,3,999.31,0.0909,true
ST11,CITY4,Mall,2025-06-29,17,true,61,9,5765.87,0.1475,true
ST12,CITY5,High Street,2025-06-18,19,false,50,8,2794.9,0.16,true
ST01,CITY0,Mall,2025-06-19,20,false,69,12,4625.29,0.1739,true
ST02,CITY1,High Street,2025-06-20,21,false,31,8,4656.0,0.2581,true
ST03,CITY2,Mall,2025-06-21,10,true,,9,2820.92,,false
ST04,CITY3,High Street,2025-06-22,11,true,53,12,4192.96,0.2264,true
ST05,CITY4,Mall,2025-06-23,12,false,39,4,1589.11,0.1026,true
ST06,CITY5,High Street,2025-06-24,13,false,34,7,3363.01,0.2059,true
ST07,CITY0,Mall,2025-06-25,14,false,21,2,1815.86,0.0952,true
ST08,CITY1,High Street,2025-06-26,15,false,17,2,1324.16,0.1176,true
ST09,CITY2,Mall,2025-06-27,16,false,19,1,316.45,0.0526,true
ST10,CITY3,High Street,2025-06-28,17,true,45,9,4669.63,0.2,true
ST11,CITY4,Mall,2025-06-29,18,true,102,15,7194.94,0.1471,true
ST12,CITY5,High Street,2025-06-18,20,false,61,9,7451.67,0.1475,true
ST01,CITY0,Mall,2025-06-19,21,false,29,5,1608.95,0.1724,true
ST02,CITY1,High Street,2025-06-20,10,false,39,10,6166.22,0.2564,true
ST03,CITY2,Mall,2025-06-21,11,true,,8,4637.4,,false
ST04,CITY3,High Street,2025-06-22,12,true,42,10,7676.77,0.2381,true
ST05,CITY4,Mall,2025-06-23,13,false,21,2,1882.42,0.0952,true
ST06,CITY5,High Street,2025-06-24,14,false,21,2,664.03,0.0952,true
ST07,CITY0,Mall,2025-06-25,15,false,13,1,988.32,0.0769,true
ST08,CITY1,High Street,2025-06-26,16,false,22,3,1111.96,0.1364,true
ST09,CITY2,Mall,2025-06-27,17,false,28,3,1747.44,0.1071,true
ST10,CITY3,High Street,2025-06-28,18,true,70,15,8571.3,0.2143,true
ST11,CITY4,Mall,2025-06-29,19,true,81,12,7889.36,0.1481,true
ST12,CITY5,High Street,2025-06-18,21,false,31,5,1958.24,0.1613,true
ST01,CITY0,Mall,2025-06-19,10,false,36,6,2771.29,0.1667,true
ST02,CITY1,High Street,2025-06-20,11,false,36,9,5655.83,0.25,true
ST03,CITY2,Mall,2025-06-21,12,true,37,9,4699.05,0.2432,true
ST04,CITY3,High Street,2025-06-22,13,true,55,13,6194.07,0.2364,true
ST05,CITY4,Mall,2025-06-23,14,false,20,1,359.69,0.05,true
ST06,CITY5,High Street,2025-06-24,15,false,16,1,316.6,0.0625,true
ST07,CITY0,Mall,2025-06-25,16,false,,1,299.87,,false
ST08,CITY1,High Street,2025-06-26,17,false,30,8,3391.02,0.2667,true
ST09,CITY2,Mall,2025-06-27,18,false,41,4,2531.35,0.0976,true
ST10,CITY3,High Street,2025-06-28,19,true,65,13,4399.53,0.2,true
ST11,CITY4,Mall,2025-06-29,20,true,62,9,8146.11,0.1452,true
